IOCValue,IOCType,ThreatName,MalwareFamily,ThreatActor,Campaign,SourceOrganization,SourceArticleTitle,SourceURL,ArticlePublishedDate,ArticleUpdatedDate,IOCFirstSeen,IOCLastSeen,DateCollected,Confidence,Severity,FreshnessScore,HuntingValue,OverallScore,RecommendedLookbackDays,RequestedLookbackDays,AvailableLookbackDays,EffectiveLookbackDays,MITRETechnique,Notes,SharedInfrastructure,SourceCount,ChangeStatus,Sources
0xrpc.io,domain,Kimwolf v7: An Evolution of the Kimwolf Botnet,,,,Palo Alto Networks Unit 42,Kimwolf v7: An Evolution of the Kimwolf Botnet,https://unit42.paloaltonetworks.com/kimwolf-v7-botnet-malware/,2026-08-11T10:00:16Z,2026-08-19T12:03:26Z,,,2026-09-20T13:00:00.081404Z,68,6,8,66,54,60,60,30,30,,,False,1,NEW,"[{""organization"": ""Palo Alto Networks Unit 42"", ""article_title"": ""Kimwolf v7: An Evolution of the Kimwolf Botnet"", ""url"": ""https://unit42.paloaltonetworks.com/kimwolf-v7-botnet-malware/"", ""published_at"": ""2026-08-11T10:00:16Z"", ""updated_at"": ""2026-08-19T12:03:26Z"", ""reliability"": 0.92}]"
2.xx.xxx.xx,domain,Untracked Nightmares: The Threats Hiding Behind Commodity Infrastructure,,,,Palo Alto Networks Unit 42,Untracked Nightmares: The Threats Hiding Behind Commodity Infrastructure,https://unit42.paloaltonetworks.com/ppi-network-malware-campaign-analysis/,2026-09-09T10:00:55Z,,,,2026-09-20T13:00:00.081404Z,68,6,12,66,58,60,60,30,30,,,False,1,NEW,"[{""organization"": ""Palo Alto Networks Unit 42"", ""article_title"": ""Untracked Nightmares: The Threats Hiding Behind Commodity Infrastructure"", ""url"": ""https://unit42.paloaltonetworks.com/ppi-network-malware-campaign-analysis/"", ""published_at"": ""2026-09-09T10:00:55Z"", ""updated_at"": null, ""reliability"": 0.92}]"
5.xxx.xx.xxx,domain,Untracked Nightmares: The Threats Hiding Behind Commodity Infrastructure,,,,Palo Alto Networks Unit 42,Untracked Nightmares: The Threats Hiding Behind Commodity Infrastructure,https://unit42.paloaltonetworks.com/ppi-network-malware-campaign-analysis/,2026-09-09T10:00:55Z,,,,2026-09-20T13:00:00.081404Z,68,6,12,66,58,60,60,30,30,,,False,1,NEW,"[{""organization"": ""Palo Alto Networks Unit 42"", ""article_title"": ""Untracked Nightmares: The Threats Hiding Behind Commodity Infrastructure"", ""url"": ""https://unit42.paloaltonetworks.com/ppi-network-malware-campaign-analysis/"", ""published_at"": ""2026-09-09T10:00:55Z"", ""updated_at"": null, ""reliability"": 0.92}]"
95.sbx.tg,domain,The story behind the intelligence,,,,Cisco Talos,"Is Cyber missing the Marque?;The story behind the intelligence;“Sorry, I can’t help with that”: How your guardrails might become the attacker’s best friend",https://blog.talosintelligence.com/is-cyber-missing-the-marque/;https://blog.talosintelligence.com/sorry-i-cant-help-with-that-how-your-guardrails-might-become-the-attackers-best-friend/;https://blog.talosintelligence.com/the-story-behind-the-intelligence/,2026-08-20T18:00:18Z;2026-08-27T18:00:24Z;2026-09-03T18:00:13Z,2026-08-27T18:02:59Z;2026-09-03T18:02:22Z;2026-09-09T19:22:24Z,,,2026-09-20T13:00:00.081404Z,88,7,12,66,84,60,60,30,30,,,False,3,NEW,"[{""organization"": ""Cisco Talos"", ""article_title"": ""The story behind the intelligence"", ""url"": ""https://blog.talosintelligence.com/the-story-behind-the-intelligence/"", ""published_at"": ""2026-09-03T18:00:13Z"", ""updated_at"": ""2026-09-09T19:22:24Z"", ""reliability"": 0.92}, {""organization"": ""Cisco Talos"", ""article_title"": ""“Sorry, I can’t help with that”: How your guardrails might become the attacker’s best friend"", ""url"": ""https://blog.talosintelligence.com/sorry-i-cant-help-with-that-how-your-guardrails-might-become-the-attackers-best-friend/"", ""published_at"": ""2026-08-27T18:00:24Z"", ""updated_at"": ""2026-09-03T18:02:22Z"", ""reliability"": 0.92}, {""organization"": ""Cisco Talos"", ""article_title"": ""Is Cyber missing the Marque?"", ""url"": ""https://blog.talosintelligence.com/is-cyber-missing-the-marque/"", ""published_at"": ""2026-08-20T18:00:18Z"", ""updated_at"": ""2026-08-27T18:02:59Z"", ""reliability"": 0.92}]"
aa.amazingshield.xyz,domain,Untracked Nightmares: The Threats Hiding Behind Commodity Infrastructure,,,,Palo Alto Networks Unit 42,Untracked Nightmares: The Threats Hiding Behind Commodity Infrastructure,https://unit42.paloaltonetworks.com/ppi-network-malware-campaign-analysis/,2026-09-09T10:00:55Z,,,,2026-09-20T13:00:00.081404Z,68,6,12,66,58,60,60,30,30,,,False,1,NEW,"[{""organization"": ""Palo Alto Networks Unit 42"", ""article_title"": ""Untracked Nightmares: The Threats Hiding Behind Commodity Infrastructure"", ""url"": ""https://unit42.paloaltonetworks.com/ppi-network-malware-campaign-analysis/"", ""published_at"": ""2026-09-09T10:00:55Z"", ""updated_at"": null, ""reliability"": 0.92}]"
aa.js,domain,Untracked Nightmares: The Threats Hiding Behind Commodity Infrastructure,,,,Palo Alto Networks Unit 42,Untracked Nightmares: The Threats Hiding Behind Commodity Infrastructure,https://unit42.paloaltonetworks.com/ppi-network-malware-campaign-analysis/,2026-09-09T10:00:55Z,,,,2026-09-20T13:00:00.081404Z,68,6,12,66,58,60,60,30,30,,,False,1,NEW,"[{""organization"": ""Palo Alto Networks Unit 42"", ""article_title"": ""Untracked Nightmares: The Threats Hiding Behind Commodity Infrastructure"", ""url"": ""https://unit42.paloaltonetworks.com/ppi-network-malware-campaign-analysis/"", ""published_at"": ""2026-09-09T10:00:55Z"", ""updated_at"": null, ""reliability"": 0.92}]"
acemlnd.com,domain,ASCII smuggling crosses over from AI prompt injection to phishing evasion | Microsoft Security Blog,,,,Microsoft Threat Intelligence,ASCII smuggling crosses over from AI prompt injection to phishing evasion | Microsoft Security Blog,https://www.microsoft.com/en-us/security/blog/2026/09/03/ascii-smuggling-crosses-over-from-ai-prompt-injection-to-phishing-evasion/,2026-09-03T16:00:00Z,2026-09-03T17:51:06Z,,,2026-09-20T13:00:00.081404Z,71,5,12,66,58,60,60,30,30,,,False,1,NEW,"[{""organization"": ""Microsoft Threat Intelligence"", ""article_title"": ""ASCII smuggling crosses over from AI prompt injection to phishing evasion | Microsoft Security Blog"", ""url"": ""https://www.microsoft.com/en-us/security/blog/2026/09/03/ascii-smuggling-crosses-over-from-ai-prompt-injection-to-phishing-evasion/"", ""published_at"": ""2026-09-03T16:00:00Z"", ""updated_at"": ""2026-09-03T17:51:06Z"", ""reliability"": 0.96}]"
achievershelf.space,domain,Untracked Nightmares: The Threats Hiding Behind Commodity Infrastructure,,,,Palo Alto Networks Unit 42,Untracked Nightmares: The Threats Hiding Behind Commodity Infrastructure,https://unit42.paloaltonetworks.com/ppi-network-malware-campaign-analysis/,2026-09-09T10:00:55Z,,,,2026-09-20T13:00:00.081404Z,68,6,12,66,58,60,60,30,30,,,False,1,NEW,"[{""organization"": ""Palo Alto Networks Unit 42"", ""article_title"": ""Untracked Nightmares: The Threats Hiding Behind Commodity Infrastructure"", ""url"": ""https://unit42.paloaltonetworks.com/ppi-network-malware-campaign-analysis/"", ""published_at"": ""2026-09-09T10:00:55Z"", ""updated_at"": null, ""reliability"": 0.92}]"
activehosted.com,domain,ASCII smuggling crosses over from AI prompt injection to phishing evasion | Microsoft Security Blog,,,,Microsoft Threat Intelligence,ASCII smuggling crosses over from AI prompt injection to phishing evasion | Microsoft Security Blog,https://www.microsoft.com/en-us/security/blog/2026/09/03/ascii-smuggling-crosses-over-from-ai-prompt-injection-to-phishing-evasion/,2026-09-03T16:00:00Z,2026-09-03T17:51:06Z,,,2026-09-20T13:00:00.081404Z,71,5,12,66,58,60,60,30,30,,,False,1,NEW,"[{""organization"": ""Microsoft Threat Intelligence"", ""article_title"": ""ASCII smuggling crosses over from AI prompt injection to phishing evasion | Microsoft Security Blog"", ""url"": ""https://www.microsoft.com/en-us/security/blog/2026/09/03/ascii-smuggling-crosses-over-from-ai-prompt-injection-to-phishing-evasion/"", ""published_at"": ""2026-09-03T16:00:00Z"", ""updated_at"": ""2026-09-03T17:51:06Z"", ""reliability"": 0.96}]"
activitymeal.space,domain,Untracked Nightmares: The Threats Hiding Behind Commodity Infrastructure,,,,Palo Alto Networks Unit 42,Untracked Nightmares: The Threats Hiding Behind Commodity Infrastructure,https://unit42.paloaltonetworks.com/ppi-network-malware-campaign-analysis/,2026-09-09T10:00:55Z,,,,2026-09-20T13:00:00.081404Z,68,6,12,66,58,60,60,30,30,,,False,1,NEW,"[{""organization"": ""Palo Alto Networks Unit 42"", ""article_title"": ""Untracked Nightmares: The Threats Hiding Behind Commodity Infrastructure"", ""url"": ""https://unit42.paloaltonetworks.com/ppi-network-malware-campaign-analysis/"", ""published_at"": ""2026-09-09T10:00:55Z"", ""updated_at"": null, ""reliability"": 0.92}]"
add-passkey.com,domain,Passkey-themed social engineering leads to identity and cloud compromise | Microsoft Security Blog,,,,Microsoft Threat Intelligence,Passkey-themed social engineering leads to identity and cloud compromise | Microsoft Security Blog,https://www.microsoft.com/en-us/security/blog/2026/09/09/passkey-themed-social-engineering-leads-identity-cloud-compromise/,2026-09-09T17:41:18Z,2026-09-09T17:59:18Z,,,2026-09-20T13:00:00.081404Z,71,6,12,66,59,60,60,30,30,,,False,1,NEW,"[{""organization"": ""Microsoft Threat Intelligence"", ""article_title"": ""Passkey-themed social engineering leads to identity and cloud compromise | Microsoft Security Blog"", ""url"": ""https://www.microsoft.com/en-us/security/blog/2026/09/09/passkey-themed-social-engineering-leads-identity-cloud-compromise/"", ""published_at"": ""2026-09-09T17:41:18Z"", ""updated_at"": ""2026-09-09T17:59:18Z"", ""reliability"": 0.96}]"
additionplot.cfd,domain,Untracked Nightmares: The Threats Hiding Behind Commodity Infrastructure,,,,Palo Alto Networks Unit 42,Untracked Nightmares: The Threats Hiding Behind Commodity Infrastructure,https://unit42.paloaltonetworks.com/ppi-network-malware-campaign-analysis/,2026-09-09T10:00:55Z,,,,2026-09-20T13:00:00.081404Z,68,6,12,66,58,60,60,30,30,,,False,1,NEW,"[{""organization"": ""Palo Alto Networks Unit 42"", ""article_title"": ""Untracked Nightmares: The Threats Hiding Behind Commodity Infrastructure"", ""url"": ""https://unit42.paloaltonetworks.com/ppi-network-malware-campaign-analysis/"", ""published_at"": ""2026-09-09T10:00:55Z"", ""updated_at"": null, ""reliability"": 0.92}]"
adex-blog.blogspot.com,domain,Untracked Nightmares: The Threats Hiding Behind Commodity Infrastructure,,,,Palo Alto Networks Unit 42,Untracked Nightmares: The Threats Hiding Behind Commodity Infrastructure,https://unit42.paloaltonetworks.com/ppi-network-malware-campaign-analysis/,2026-09-09T10:00:55Z,,,,2026-09-20T13:00:00.081404Z,68,6,12,66,58,60,60,30,30,,,False,1,NEW,"[{""organization"": ""Palo Alto Networks Unit 42"", ""article_title"": ""Untracked Nightmares: The Threats Hiding Behind Commodity Infrastructure"", ""url"": ""https://unit42.paloaltonetworks.com/ppi-network-malware-campaign-analysis/"", ""published_at"": ""2026-09-09T10:00:55Z"", ""updated_at"": null, ""reliability"": 0.92}]"
advancefundingboost.com,domain,ASCII smuggling crosses over from AI prompt injection to phishing evasion | Microsoft Security Blog,,,,Microsoft Threat Intelligence,ASCII smuggling crosses over from AI prompt injection to phishing evasion | Microsoft Security Blog,https://www.microsoft.com/en-us/security/blog/2026/09/03/ascii-smuggling-crosses-over-from-ai-prompt-injection-to-phishing-evasion/,2026-09-03T16:00:00Z,2026-09-03T17:51:06Z,,,2026-09-20T13:00:00.081404Z,71,5,12,66,58,60,60,30,30,,,False,1,NEW,"[{""organization"": ""Microsoft Threat Intelligence"", ""article_title"": ""ASCII smuggling crosses over from AI prompt injection to phishing evasion | Microsoft Security Blog"", ""url"": ""https://www.microsoft.com/en-us/security/blog/2026/09/03/ascii-smuggling-crosses-over-from-ai-prompt-injection-to-phishing-evasion/"", ""published_at"": ""2026-09-03T16:00:00Z"", ""updated_at"": ""2026-09-03T17:51:06Z"", ""reliability"": 0.96}]"
adviceturn.xyz,domain,Untracked Nightmares: The Threats Hiding Behind Commodity Infrastructure,,,,Palo Alto Networks Unit 42,Untracked Nightmares: The Threats Hiding Behind Commodity Infrastructure,https://unit42.paloaltonetworks.com/ppi-network-malware-campaign-analysis/,2026-09-09T10:00:55Z,,,,2026-09-20T13:00:00.081404Z,68,6,12,66,58,60,60,30,30,,,False,1,NEW,"[{""organization"": ""Palo Alto Networks Unit 42"", ""article_title"": ""Untracked Nightmares: The Threats Hiding Behind Commodity Infrastructure"", ""url"": ""https://unit42.paloaltonetworks.com/ppi-network-malware-campaign-analysis/"", ""published_at"": ""2026-09-09T10:00:55Z"", ""updated_at"": null, ""reliability"": 0.92}]"
afternoonscrew.space,domain,Untracked Nightmares: The Threats Hiding Behind Commodity Infrastructure,,,,Palo Alto Networks Unit 42,Untracked Nightmares: The Threats Hiding Behind Commodity Infrastructure,https://unit42.paloaltonetworks.com/ppi-network-malware-campaign-analysis/,2026-09-09T10:00:55Z,,,,2026-09-20T13:00:00.081404Z,68,6,12,66,58,60,60,30,30,,,False,1,NEW,"[{""organization"": ""Palo Alto Networks Unit 42"", ""article_title"": ""Untracked Nightmares: The Threats Hiding Behind Commodity Infrastructure"", ""url"": ""https://unit42.paloaltonetworks.com/ppi-network-malware-campaign-analysis/"", ""published_at"": ""2026-09-09T10:00:55Z"", ""updated_at"": null, ""reliability"": 0.92}]"
agent.sock,domain,The Machine With Many Faces: Post-Exploitation Identity Misuse in SPIFFE/SPIRE,,,,Palo Alto Networks Unit 42,The Machine With Many Faces: Post-Exploitation Identity Misuse in SPIFFE/SPIRE,https://unit42.paloaltonetworks.com/kubernetes-spiffe-spire-identity-spoofing/,2026-09-10T10:00:43Z,,,,2026-09-20T13:00:00.081404Z,68,6,12,66,73,60,60,30,30,,,False,1,NEW,"[{""organization"": ""Palo Alto Networks Unit 42"", ""article_title"": ""The Machine With Many Faces: Post-Exploitation Identity Misuse in SPIFFE/SPIRE"", ""url"": ""https://unit42.paloaltonetworks.com/kubernetes-spiffe-spire-identity-spoofing/"", ""published_at"": ""2026-09-10T10:00:43Z"", ""updated_at"": null, ""reliability"": 0.92}]"
agreementjuice.space,domain,Untracked Nightmares: The Threats Hiding Behind Commodity Infrastructure,,,,Palo Alto Networks Unit 42,Untracked Nightmares: The Threats Hiding Behind Commodity Infrastructure,https://unit42.paloaltonetworks.com/ppi-network-malware-campaign-analysis/,2026-09-09T10:00:55Z,,,,2026-09-20T13:00:00.081404Z,68,6,12,66,58,60,60,30,30,,,False,1,NEW,"[{""organization"": ""Palo Alto Networks Unit 42"", ""article_title"": ""Untracked Nightmares: The Threats Hiding Behind Commodity Infrastructure"", ""url"": ""https://unit42.paloaltonetworks.com/ppi-network-malware-campaign-analysis/"", ""published_at"": ""2026-09-09T10:00:55Z"", ""updated_at"": null, ""reliability"": 0.92}]"
airplaneiron.xyz,domain,Untracked Nightmares: The Threats Hiding Behind Commodity Infrastructure,,,,Palo Alto Networks Unit 42,Untracked Nightmares: The Threats Hiding Behind Commodity Infrastructure,https://unit42.paloaltonetworks.com/ppi-network-malware-campaign-analysis/,2026-09-09T10:00:55Z,,,,2026-09-20T13:00:00.081404Z,68,6,12,66,58,60,60,30,30,,,False,1,NEW,"[{""organization"": ""Palo Alto Networks Unit 42"", ""article_title"": ""Untracked Nightmares: The Threats Hiding Behind Commodity Infrastructure"", ""url"": ""https://unit42.paloaltonetworks.com/ppi-network-malware-campaign-analysis/"", ""published_at"": ""2026-09-09T10:00:55Z"", ""updated_at"": null, ""reliability"": 0.92}]"
airtwig.xyz,domain,Untracked Nightmares: The Threats Hiding Behind Commodity Infrastructure,,,,Palo Alto Networks Unit 42,Untracked Nightmares: The Threats Hiding Behind Commodity Infrastructure,https://unit42.paloaltonetworks.com/ppi-network-malware-campaign-analysis/,2026-09-09T10:00:55Z,,,,2026-09-20T13:00:00.081404Z,68,6,12,66,58,60,60,30,30,,,False,1,NEW,"[{""organization"": ""Palo Alto Networks Unit 42"", ""article_title"": ""Untracked Nightmares: The Threats Hiding Behind Commodity Infrastructure"", ""url"": ""https://unit42.paloaltonetworks.com/ppi-network-malware-campaign-analysis/"", ""published_at"": ""2026-09-09T10:00:55Z"", ""updated_at"": null, ""reliability"": 0.92}]"
amountfuel.icu,domain,Untracked Nightmares: The Threats Hiding Behind Commodity Infrastructure,,,,Palo Alto Networks Unit 42,Untracked Nightmares: The Threats Hiding Behind Commodity Infrastructure,https://unit42.paloaltonetworks.com/ppi-network-malware-campaign-analysis/,2026-09-09T10:00:55Z,,,,2026-09-20T13:00:00.081404Z,68,6,12,66,58,60,60,30,30,,,False,1,NEW,"[{""organization"": ""Palo Alto Networks Unit 42"", ""article_title"": ""Untracked Nightmares: The Threats Hiding Behind Commodity Infrastructure"", ""url"": ""https://unit42.paloaltonetworks.com/ppi-network-malware-campaign-analysis/"", ""published_at"": ""2026-09-09T10:00:55Z"", ""updated_at"": null, ""reliability"": 0.92}]"
animalrecord.xyz,domain,Untracked Nightmares: The Threats Hiding Behind Commodity Infrastructure,,,,Palo Alto Networks Unit 42,Untracked Nightmares: The Threats Hiding Behind Commodity Infrastructure,https://unit42.paloaltonetworks.com/ppi-network-malware-campaign-analysis/,2026-09-09T10:00:55Z,,,,2026-09-20T13:00:00.081404Z,68,6,12,66,58,60,60,30,30,,,False,1,NEW,"[{""organization"": ""Palo Alto Networks Unit 42"", ""article_title"": ""Untracked Nightmares: The Threats Hiding Behind Commodity Infrastructure"", ""url"": ""https://unit42.paloaltonetworks.com/ppi-network-malware-campaign-analysis/"", ""published_at"": ""2026-09-09T10:00:55Z"", ""updated_at"": null, ""reliability"": 0.92}]"
animalview.xyz,domain,Untracked Nightmares: The Threats Hiding Behind Commodity Infrastructure,,,,Palo Alto Networks Unit 42,Untracked Nightmares: The Threats Hiding Behind Commodity Infrastructure,https://unit42.paloaltonetworks.com/ppi-network-malware-campaign-analysis/,2026-09-09T10:00:55Z,,,,2026-09-20T13:00:00.081404Z,68,6,12,66,58,60,60,30,30,,,False,1,NEW,"[{""organization"": ""Palo Alto Networks Unit 42"", ""article_title"": ""Untracked Nightmares: The Threats Hiding Behind Commodity Infrastructure"", ""url"": ""https://unit42.paloaltonetworks.com/ppi-network-malware-campaign-analysis/"", ""published_at"": ""2026-09-09T10:00:55Z"", ""updated_at"": null, ""reliability"": 0.92}]"
app-microsoft-edge.com.cn,domain,Counterfeit installers to system compromise: Tracking a deceptive software download campaign | Microsoft Security Blog,,,,Microsoft Threat Intelligence,Counterfeit installers to system compromise: Tracking a deceptive software download campaign | Microsoft Security Blog,https://www.microsoft.com/en-us/security/blog/2026/09/01/counterfeit-installers-system-compromise-tracking-deceptive-software-download-campaign/,2026-09-01T22:48:28Z,2026-09-01T22:48:42Z,,,2026-09-20T13:00:00.081404Z,71,6,12,66,59,60,60,30,30,,,False,1,NEW,"[{""organization"": ""Microsoft Threat Intelligence"", ""article_title"": ""Counterfeit installers to system compromise: Tracking a deceptive software download campaign | Microsoft Security Blog"", ""url"": ""https://www.microsoft.com/en-us/security/blog/2026/09/01/counterfeit-installers-system-compromise-tracking-deceptive-software-download-campaign/"", ""published_at"": ""2026-09-01T22:48:28Z"", ""updated_at"": ""2026-09-01T22:48:42Z"", ""reliability"": 0.96}]"
apparatustruck.xyz,domain,Untracked Nightmares: The Threats Hiding Behind Commodity Infrastructure,,,,Palo Alto Networks Unit 42,Untracked Nightmares: The Threats Hiding Behind Commodity Infrastructure,https://unit42.paloaltonetworks.com/ppi-network-malware-campaign-analysis/,2026-09-09T10:00:55Z,,,,2026-09-20T13:00:00.081404Z,68,6,12,66,58,60,60,30,30,,,False,1,NEW,"[{""organization"": ""Palo Alto Networks Unit 42"", ""article_title"": ""Untracked Nightmares: The Threats Hiding Behind Commodity Infrastructure"", ""url"": ""https://unit42.paloaltonetworks.com/ppi-network-malware-campaign-analysis/"", ""published_at"": ""2026-09-09T10:00:55Z"", ""updated_at"": null, ""reliability"": 0.92}]"
apparelplate.space,domain,Untracked Nightmares: The Threats Hiding Behind Commodity Infrastructure,,,,Palo Alto Networks Unit 42,Untracked Nightmares: The Threats Hiding Behind Commodity Infrastructure,https://unit42.paloaltonetworks.com/ppi-network-malware-campaign-analysis/,2026-09-09T10:00:55Z,,,,2026-09-20T13:00:00.081404Z,68,6,12,66,58,60,60,30,30,,,False,1,NEW,"[{""organization"": ""Palo Alto Networks Unit 42"", ""article_title"": ""Untracked Nightmares: The Threats Hiding Behind Commodity Infrastructure"", ""url"": ""https://unit42.paloaltonetworks.com/ppi-network-malware-campaign-analysis/"", ""published_at"": ""2026-09-09T10:00:55Z"", ""updated_at"": null, ""reliability"": 0.92}]"
archairport.xyz,domain,Untracked Nightmares: The Threats Hiding Behind Commodity Infrastructure,,,,Palo Alto Networks Unit 42,Untracked Nightmares: The Threats Hiding Behind Commodity Infrastructure,https://unit42.paloaltonetworks.com/ppi-network-malware-campaign-analysis/,2026-09-09T10:00:55Z,,,,2026-09-20T13:00:00.081404Z,68,6,12,66,58,60,60,30,30,,,False,1,NEW,"[{""organization"": ""Palo Alto Networks Unit 42"", ""article_title"": ""Untracked Nightmares: The Threats Hiding Behind Commodity Infrastructure"", ""url"": ""https://unit42.paloaltonetworks.com/ppi-network-malware-campaign-analysis/"", ""published_at"": ""2026-09-09T10:00:55Z"", ""updated_at"": null, ""reliability"": 0.92}]"
asp.rootkit,domain,UAT-10147 deploys SPECTRE: A cross-platform implant with Linux rootkit and BYOVD capabilities,,,,Cisco Talos,UAT-10147 deploys SPECTRE: A cross-platform implant with Linux rootkit and BYOVD capabilities,https://blog.talosintelligence.com/uat-10147-deploys-spectre-a-cross-platform-implant-with-linux-rootkit-and-byovd-capabilities/,2026-08-20T10:00:50Z,2026-08-26T23:04:45Z,,,2026-09-20T13:00:00.081404Z,68,7,12,66,59,60,60,30,30,,,False,1,NEW,"[{""organization"": ""Cisco Talos"", ""article_title"": ""UAT-10147 deploys SPECTRE: A cross-platform implant with Linux rootkit and BYOVD capabilities"", ""url"": ""https://blog.talosintelligence.com/uat-10147-deploys-spectre-a-cross-platform-implant-with-linux-rootkit-and-byovd-capabilities/"", ""published_at"": ""2026-08-20T10:00:50Z"", ""updated_at"": ""2026-08-26T23:04:45Z"", ""reliability"": 0.92}]"
atthelake.info,domain,Untracked Nightmares: The Threats Hiding Behind Commodity Infrastructure,,,,Palo Alto Networks Unit 42,Untracked Nightmares: The Threats Hiding Behind Commodity Infrastructure,https://unit42.paloaltonetworks.com/ppi-network-malware-campaign-analysis/,2026-09-09T10:00:55Z,,,,2026-09-20T13:00:00.081404Z,68,6,12,66,58,60,60,30,30,,,False,1,NEW,"[{""organization"": ""Palo Alto Networks Unit 42"", ""article_title"": ""Untracked Nightmares: The Threats Hiding Behind Commodity Infrastructure"", ""url"": ""https://unit42.paloaltonetworks.com/ppi-network-malware-campaign-analysis/"", ""published_at"": ""2026-09-09T10:00:55Z"", ""updated_at"": null, ""reliability"": 0.92}]"
authoritykittens.info,domain,Untracked Nightmares: The Threats Hiding Behind Commodity Infrastructure,,,,Palo Alto Networks Unit 42,Untracked Nightmares: The Threats Hiding Behind Commodity Infrastructure,https://unit42.paloaltonetworks.com/ppi-network-malware-campaign-analysis/,2026-09-09T10:00:55Z,,,,2026-09-20T13:00:00.081404Z,68,6,12,66,58,60,60,30,30,,,False,1,NEW,"[{""organization"": ""Palo Alto Networks Unit 42"", ""article_title"": ""Untracked Nightmares: The Threats Hiding Behind Commodity Infrastructure"", ""url"": ""https://unit42.paloaltonetworks.com/ppi-network-malware-campaign-analysis/"", ""published_at"": ""2026-09-09T10:00:55Z"", ""updated_at"": null, ""reliability"": 0.92}]"
avax.rpcuniverse.com,domain,Kimwolf v7: An Evolution of the Kimwolf Botnet,,,,Palo Alto Networks Unit 42,Kimwolf v7: An Evolution of the Kimwolf Botnet,https://unit42.paloaltonetworks.com/kimwolf-v7-botnet-malware/,2026-08-11T10:00:16Z,2026-08-19T12:03:26Z,,,2026-09-20T13:00:00.081404Z,68,6,8,66,54,60,60,30,30,,,False,1,NEW,"[{""organization"": ""Palo Alto Networks Unit 42"", ""article_title"": ""Kimwolf v7: An Evolution of the Kimwolf Botnet"", ""url"": ""https://unit42.paloaltonetworks.com/kimwolf-v7-botnet-malware/"", ""published_at"": ""2026-08-11T10:00:16Z"", ""updated_at"": ""2026-08-19T12:03:26Z"", ""reliability"": 0.92}]"
babyvein.xyz,domain,Untracked Nightmares: The Threats Hiding Behind Commodity Infrastructure,,,,Palo Alto Networks Unit 42,Untracked Nightmares: The Threats Hiding Behind Commodity Infrastructure,https://unit42.paloaltonetworks.com/ppi-network-malware-campaign-analysis/,2026-09-09T10:00:55Z,,,,2026-09-20T13:00:00.081404Z,68,6,12,66,58,60,60,30,30,,,False,1,NEW,"[{""organization"": ""Palo Alto Networks Unit 42"", ""article_title"": ""Untracked Nightmares: The Threats Hiding Behind Commodity Infrastructure"", ""url"": ""https://unit42.paloaltonetworks.com/ppi-network-malware-campaign-analysis/"", ""published_at"": ""2026-09-09T10:00:55Z"", ""updated_at"": null, ""reliability"": 0.92}]"
badgewing.xyz,domain,Untracked Nightmares: The Threats Hiding Behind Commodity Infrastructure,,,,Palo Alto Networks Unit 42,Untracked Nightmares: The Threats Hiding Behind Commodity Infrastructure,https://unit42.paloaltonetworks.com/ppi-network-malware-campaign-analysis/,2026-09-09T10:00:55Z,,,,2026-09-20T13:00:00.081404Z,68,6,12,66,58,60,60,30,30,,,False,1,NEW,"[{""organization"": ""Palo Alto Networks Unit 42"", ""article_title"": ""Untracked Nightmares: The Threats Hiding Behind Commodity Infrastructure"", ""url"": ""https://unit42.paloaltonetworks.com/ppi-network-malware-campaign-analysis/"", ""published_at"": ""2026-09-09T10:00:55Z"", ""updated_at"": null, ""reliability"": 0.92}]"
bagcare.space,domain,Untracked Nightmares: The Threats Hiding Behind Commodity Infrastructure,,,,Palo Alto Networks Unit 42,Untracked Nightmares: The Threats Hiding Behind Commodity Infrastructure,https://unit42.paloaltonetworks.com/ppi-network-malware-campaign-analysis/,2026-09-09T10:00:55Z,,,,2026-09-20T13:00:00.081404Z,68,6,12,66,58,60,60,30,30,,,False,1,NEW,"[{""organization"": ""Palo Alto Networks Unit 42"", ""article_title"": ""Untracked Nightmares: The Threats Hiding Behind Commodity Infrastructure"", ""url"": ""https://unit42.paloaltonetworks.com/ppi-network-malware-campaign-analysis/"", ""published_at"": ""2026-09-09T10:00:55Z"", ""updated_at"": null, ""reliability"": 0.92}]"
baidu-pan.com.cn,domain,Counterfeit installers to system compromise: Tracking a deceptive software download campaign | Microsoft Security Blog,,,,Microsoft Threat Intelligence,Counterfeit installers to system compromise: Tracking a deceptive software download campaign | Microsoft Security Blog,https://www.microsoft.com/en-us/security/blog/2026/09/01/counterfeit-installers-system-compromise-tracking-deceptive-software-download-campaign/,2026-09-01T22:48:28Z,2026-09-01T22:48:42Z,,,2026-09-20T13:00:00.081404Z,71,6,12,66,59,60,60,30,30,,,False,1,NEW,"[{""organization"": ""Microsoft Threat Intelligence"", ""article_title"": ""Counterfeit installers to system compromise: Tracking a deceptive software download campaign | Microsoft Security Blog"", ""url"": ""https://www.microsoft.com/en-us/security/blog/2026/09/01/counterfeit-installers-system-compromise-tracking-deceptive-software-download-campaign/"", ""published_at"": ""2026-09-01T22:48:28Z"", ""updated_at"": ""2026-09-01T22:48:42Z"", ""reliability"": 0.96}]"
basesfile.com,domain,Untracked Nightmares: The Threats Hiding Behind Commodity Infrastructure,,,,Palo Alto Networks Unit 42,Untracked Nightmares: The Threats Hiding Behind Commodity Infrastructure,https://unit42.paloaltonetworks.com/ppi-network-malware-campaign-analysis/,2026-09-09T10:00:55Z,,,,2026-09-20T13:00:00.081404Z,68,6,12,66,58,60,60,30,30,,,False,1,NEW,"[{""organization"": ""Palo Alto Networks Unit 42"", ""article_title"": ""Untracked Nightmares: The Threats Hiding Behind Commodity Infrastructure"", ""url"": ""https://unit42.paloaltonetworks.com/ppi-network-malware-campaign-analysis/"", ""published_at"": ""2026-09-09T10:00:55Z"", ""updated_at"": null, ""reliability"": 0.92}]"
basinpleasure.xyz,domain,Untracked Nightmares: The Threats Hiding Behind Commodity Infrastructure,,,,Palo Alto Networks Unit 42,Untracked Nightmares: The Threats Hiding Behind Commodity Infrastructure,https://unit42.paloaltonetworks.com/ppi-network-malware-campaign-analysis/,2026-09-09T10:00:55Z,,,,2026-09-20T13:00:00.081404Z,68,6,12,66,58,60,60,30,30,,,False,1,NEW,"[{""organization"": ""Palo Alto Networks Unit 42"", ""article_title"": ""Untracked Nightmares: The Threats Hiding Behind Commodity Infrastructure"", ""url"": ""https://unit42.paloaltonetworks.com/ppi-network-malware-campaign-analysis/"", ""published_at"": ""2026-09-09T10:00:55Z"", ""updated_at"": null, ""reliability"": 0.92}]"
basketballyear.xyz,domain,Untracked Nightmares: The Threats Hiding Behind Commodity Infrastructure,,,,Palo Alto Networks Unit 42,Untracked Nightmares: The Threats Hiding Behind Commodity Infrastructure,https://unit42.paloaltonetworks.com/ppi-network-malware-campaign-analysis/,2026-09-09T10:00:55Z,,,,2026-09-20T13:00:00.081404Z,68,6,12,66,58,60,60,30,30,,,False,1,NEW,"[{""organization"": ""Palo Alto Networks Unit 42"", ""article_title"": ""Untracked Nightmares: The Threats Hiding Behind Commodity Infrastructure"", ""url"": ""https://unit42.paloaltonetworks.com/ppi-network-malware-campaign-analysis/"", ""published_at"": ""2026-09-09T10:00:55Z"", ""updated_at"": null, ""reliability"": 0.92}]"
baskethumor.xyz,domain,Untracked Nightmares: The Threats Hiding Behind Commodity Infrastructure,,,,Palo Alto Networks Unit 42,Untracked Nightmares: The Threats Hiding Behind Commodity Infrastructure,https://unit42.paloaltonetworks.com/ppi-network-malware-campaign-analysis/,2026-09-09T10:00:55Z,,,,2026-09-20T13:00:00.081404Z,68,6,12,66,58,60,60,30,30,,,False,1,NEW,"[{""organization"": ""Palo Alto Networks Unit 42"", ""article_title"": ""Untracked Nightmares: The Threats Hiding Behind Commodity Infrastructure"", ""url"": ""https://unit42.paloaltonetworks.com/ppi-network-malware-campaign-analysis/"", ""published_at"": ""2026-09-09T10:00:55Z"", ""updated_at"": null, ""reliability"": 0.92}]"
bedroomdesire.xyz,domain,Untracked Nightmares: The Threats Hiding Behind Commodity Infrastructure,,,,Palo Alto Networks Unit 42,Untracked Nightmares: The Threats Hiding Behind Commodity Infrastructure,https://unit42.paloaltonetworks.com/ppi-network-malware-campaign-analysis/,2026-09-09T10:00:55Z,,,,2026-09-20T13:00:00.081404Z,68,6,12,66,58,60,60,30,30,,,False,1,NEW,"[{""organization"": ""Palo Alto Networks Unit 42"", ""article_title"": ""Untracked Nightmares: The Threats Hiding Behind Commodity Infrastructure"", ""url"": ""https://unit42.paloaltonetworks.com/ppi-network-malware-campaign-analysis/"", ""published_at"": ""2026-09-09T10:00:55Z"", ""updated_at"": null, ""reliability"": 0.92}]"
beliefpicture.xyz,domain,Untracked Nightmares: The Threats Hiding Behind Commodity Infrastructure,,,,Palo Alto Networks Unit 42,Untracked Nightmares: The Threats Hiding Behind Commodity Infrastructure,https://unit42.paloaltonetworks.com/ppi-network-malware-campaign-analysis/,2026-09-09T10:00:55Z,,,,2026-09-20T13:00:00.081404Z,68,6,12,66,58,60,60,30,30,,,False,1,NEW,"[{""organization"": ""Palo Alto Networks Unit 42"", ""article_title"": ""Untracked Nightmares: The Threats Hiding Behind Commodity Infrastructure"", ""url"": ""https://unit42.paloaltonetworks.com/ppi-network-malware-campaign-analysis/"", ""published_at"": ""2026-09-09T10:00:55Z"", ""updated_at"": null, ""reliability"": 0.92}]"
bellplayground.xyz,domain,Untracked Nightmares: The Threats Hiding Behind Commodity Infrastructure,,,,Palo Alto Networks Unit 42,Untracked Nightmares: The Threats Hiding Behind Commodity Infrastructure,https://unit42.paloaltonetworks.com/ppi-network-malware-campaign-analysis/,2026-09-09T10:00:55Z,,,,2026-09-20T13:00:00.081404Z,68,6,12,66,58,60,60,30,30,,,False,1,NEW,"[{""organization"": ""Palo Alto Networks Unit 42"", ""article_title"": ""Untracked Nightmares: The Threats Hiding Behind Commodity Infrastructure"", ""url"": ""https://unit42.paloaltonetworks.com/ppi-network-malware-campaign-analysis/"", ""published_at"": ""2026-09-09T10:00:55Z"", ""updated_at"": null, ""reliability"": 0.92}]"
bikesdonkey.info,domain,Untracked Nightmares: The Threats Hiding Behind Commodity Infrastructure,,,,Palo Alto Networks Unit 42,Untracked Nightmares: The Threats Hiding Behind Commodity Infrastructure,https://unit42.paloaltonetworks.com/ppi-network-malware-campaign-analysis/,2026-09-09T10:00:55Z,,,,2026-09-20T13:00:00.081404Z,68,6,12,66,58,60,60,30,30,,,False,1,NEW,"[{""organization"": ""Palo Alto Networks Unit 42"", ""article_title"": ""Untracked Nightmares: The Threats Hiding Behind Commodity Infrastructure"", ""url"": ""https://unit42.paloaltonetworks.com/ppi-network-malware-campaign-analysis/"", ""published_at"": ""2026-09-09T10:00:55Z"", ""updated_at"": null, ""reliability"": 0.92}]"
birthdaymagic.xyz,domain,Untracked Nightmares: The Threats Hiding Behind Commodity Infrastructure,,,,Palo Alto Networks Unit 42,Untracked Nightmares: The Threats Hiding Behind Commodity Infrastructure,https://unit42.paloaltonetworks.com/ppi-network-malware-campaign-analysis/,2026-09-09T10:00:55Z,,,,2026-09-20T13:00:00.081404Z,68,6,12,66,58,60,60,30,30,,,False,1,NEW,"[{""organization"": ""Palo Alto Networks Unit 42"", ""article_title"": ""Untracked Nightmares: The Threats Hiding Behind Commodity Infrastructure"", ""url"": ""https://unit42.paloaltonetworks.com/ppi-network-malware-campaign-analysis/"", ""published_at"": ""2026-09-09T10:00:55Z"", ""updated_at"": null, ""reliability"": 0.92}]"
boardmagic.info,domain,Untracked Nightmares: The Threats Hiding Behind Commodity Infrastructure,,,,Palo Alto Networks Unit 42,Untracked Nightmares: The Threats Hiding Behind Commodity Infrastructure,https://unit42.paloaltonetworks.com/ppi-network-malware-campaign-analysis/,2026-09-09T10:00:55Z,,,,2026-09-20T13:00:00.081404Z,68,6,12,66,58,60,60,30,30,,,False,1,NEW,"[{""organization"": ""Palo Alto Networks Unit 42"", ""article_title"": ""Untracked Nightmares: The Threats Hiding Behind Commodity Infrastructure"", ""url"": ""https://unit42.paloaltonetworks.com/ppi-network-malware-campaign-analysis/"", ""published_at"": ""2026-09-09T10:00:55Z"", ""updated_at"": null, ""reliability"": 0.92}]"
boatthought.xyz,domain,Untracked Nightmares: The Threats Hiding Behind Commodity Infrastructure,,,,Palo Alto Networks Unit 42,Untracked Nightmares: The Threats Hiding Behind Commodity Infrastructure,https://unit42.paloaltonetworks.com/ppi-network-malware-campaign-analysis/,2026-09-09T10:00:55Z,,,,2026-09-20T13:00:00.081404Z,68,6,12,66,58,60,60,30,30,,,False,1,NEW,"[{""organization"": ""Palo Alto Networks Unit 42"", ""article_title"": ""Untracked Nightmares: The Threats Hiding Behind Commodity Infrastructure"", ""url"": ""https://unit42.paloaltonetworks.com/ppi-network-malware-campaign-analysis/"", ""published_at"": ""2026-09-09T10:00:55Z"", ""updated_at"": null, ""reliability"": 0.92}]"
boundarychickens.xyz,domain,Untracked Nightmares: The Threats Hiding Behind Commodity Infrastructure,,,,Palo Alto Networks Unit 42,Untracked Nightmares: The Threats Hiding Behind Commodity Infrastructure,https://unit42.paloaltonetworks.com/ppi-network-malware-campaign-analysis/,2026-09-09T10:00:55Z,,,,2026-09-20T13:00:00.081404Z,68,6,12,66,58,60,60,30,30,,,False,1,NEW,"[{""organization"": ""Palo Alto Networks Unit 42"", ""article_title"": ""Untracked Nightmares: The Threats Hiding Behind Commodity Infrastructure"", ""url"": ""https://unit42.paloaltonetworks.com/ppi-network-malware-campaign-analysis/"", ""published_at"": ""2026-09-09T10:00:55Z"", ""updated_at"": null, ""reliability"": 0.92}]"
boytank.xyz,domain,Untracked Nightmares: The Threats Hiding Behind Commodity Infrastructure,,,,Palo Alto Networks Unit 42,Untracked Nightmares: The Threats Hiding Behind Commodity Infrastructure,https://unit42.paloaltonetworks.com/ppi-network-malware-campaign-analysis/,2026-09-09T10:00:55Z,,,,2026-09-20T13:00:00.081404Z,68,6,12,66,58,60,60,30,30,,,False,1,NEW,"[{""organization"": ""Palo Alto Networks Unit 42"", ""article_title"": ""Untracked Nightmares: The Threats Hiding Behind Commodity Infrastructure"", ""url"": ""https://unit42.paloaltonetworks.com/ppi-network-malware-campaign-analysis/"", ""published_at"": ""2026-09-09T10:00:55Z"", ""updated_at"": null, ""reliability"": 0.92}]"
branchmorning.xyz,domain,Untracked Nightmares: The Threats Hiding Behind Commodity Infrastructure,,,,Palo Alto Networks Unit 42,Untracked Nightmares: The Threats Hiding Behind Commodity Infrastructure,https://unit42.paloaltonetworks.com/ppi-network-malware-campaign-analysis/,2026-09-09T10:00:55Z,,,,2026-09-20T13:00:00.081404Z,68,6,12,66,58,60,60,30,30,,,False,1,NEW,"[{""organization"": ""Palo Alto Networks Unit 42"", ""article_title"": ""Untracked Nightmares: The Threats Hiding Behind Commodity Infrastructure"", ""url"": ""https://unit42.paloaltonetworks.com/ppi-network-malware-campaign-analysis/"", ""published_at"": ""2026-09-09T10:00:55Z"", ""updated_at"": null, ""reliability"": 0.92}]"
breathdoctor.xyz,domain,Untracked Nightmares: The Threats Hiding Behind Commodity Infrastructure,,,,Palo Alto Networks Unit 42,Untracked Nightmares: The Threats Hiding Behind Commodity Infrastructure,https://unit42.paloaltonetworks.com/ppi-network-malware-campaign-analysis/,2026-09-09T10:00:55Z,,,,2026-09-20T13:00:00.081404Z,68,6,12,66,58,60,60,30,30,,,False,1,NEW,"[{""organization"": ""Palo Alto Networks Unit 42"", ""article_title"": ""Untracked Nightmares: The Threats Hiding Behind Commodity Infrastructure"", ""url"": ""https://unit42.paloaltonetworks.com/ppi-network-malware-campaign-analysis/"", ""published_at"": ""2026-09-09T10:00:55Z"", ""updated_at"": null, ""reliability"": 0.92}]"
bsc-testnet-rpc.publicnode.com,domain,"ClearFake WebDAV infection chain delivers Amatera stealer, ZigCryptoStealer, and NetSupport Manager",,,,Cisco Talos,"ClearFake WebDAV infection chain delivers Amatera stealer, ZigCryptoStealer, and NetSupport Manager",https://blog.talosintelligence.com/clearfake-webdav-infection-chain/,2026-09-08T10:01:07Z,2026-09-10T09:03:00Z,,,2026-09-20T13:00:00.081404Z,68,6,12,66,58,60,60,30,30,,,False,1,NEW,"[{""organization"": ""Cisco Talos"", ""article_title"": ""ClearFake WebDAV infection chain delivers Amatera stealer, ZigCryptoStealer, and NetSupport Manager"", ""url"": ""https://blog.talosintelligence.com/clearfake-webdav-infection-chain/"", ""published_at"": ""2026-09-08T10:01:07Z"", ""updated_at"": ""2026-09-10T09:03:00Z"", ""reliability"": 0.92}]"
bsc.rpc.blxrbdn.com,domain,"ClearFake WebDAV infection chain delivers Amatera stealer, ZigCryptoStealer, and NetSupport Manager",,,,Cisco Talos,"ClearFake WebDAV infection chain delivers Amatera stealer, ZigCryptoStealer, and NetSupport Manager",https://blog.talosintelligence.com/clearfake-webdav-infection-chain/,2026-09-08T10:01:07Z,2026-09-10T09:03:00Z,,,2026-09-20T13:00:00.081404Z,68,6,12,66,58,60,60,30,30,,,False,1,NEW,"[{""organization"": ""Cisco Talos"", ""article_title"": ""ClearFake WebDAV infection chain delivers Amatera stealer, ZigCryptoStealer, and NetSupport Manager"", ""url"": ""https://blog.talosintelligence.com/clearfake-webdav-infection-chain/"", ""published_at"": ""2026-09-08T10:01:07Z"", ""updated_at"": ""2026-09-10T09:03:00Z"", ""reliability"": 0.92}]"
bubbleslip.xyz,domain,Untracked Nightmares: The Threats Hiding Behind Commodity Infrastructure,,,,Palo Alto Networks Unit 42,Untracked Nightmares: The Threats Hiding Behind Commodity Infrastructure,https://unit42.paloaltonetworks.com/ppi-network-malware-campaign-analysis/,2026-09-09T10:00:55Z,,,,2026-09-20T13:00:00.081404Z,68,6,12,66,58,60,60,30,30,,,False,1,NEW,"[{""organization"": ""Palo Alto Networks Unit 42"", ""article_title"": ""Untracked Nightmares: The Threats Hiding Behind Commodity Infrastructure"", ""url"": ""https://unit42.paloaltonetworks.com/ppi-network-malware-campaign-analysis/"", ""published_at"": ""2026-09-09T10:00:55Z"", ""updated_at"": null, ""reliability"": 0.92}]"
bxfh.tzcdq.cn,domain,Counterfeit installers to system compromise: Tracking a deceptive software download campaign | Microsoft Security Blog,,,,Microsoft Threat Intelligence,Counterfeit installers to system compromise: Tracking a deceptive software download campaign | Microsoft Security Blog,https://www.microsoft.com/en-us/security/blog/2026/09/01/counterfeit-installers-system-compromise-tracking-deceptive-software-download-campaign/,2026-09-01T22:48:28Z,2026-09-01T22:48:42Z,,,2026-09-20T13:00:00.081404Z,71,6,12,66,59,60,60,30,30,,,False,1,NEW,"[{""organization"": ""Microsoft Threat Intelligence"", ""article_title"": ""Counterfeit installers to system compromise: Tracking a deceptive software download campaign | Microsoft Security Blog"", ""url"": ""https://www.microsoft.com/en-us/security/blog/2026/09/01/counterfeit-installers-system-compromise-tracking-deceptive-software-download-campaign/"", ""published_at"": ""2026-09-01T22:48:28Z"", ""updated_at"": ""2026-09-01T22:48:42Z"", ""reliability"": 0.96}]"
cabbagemeasure.xyz,domain,Untracked Nightmares: The Threats Hiding Behind Commodity Infrastructure,,,,Palo Alto Networks Unit 42,Untracked Nightmares: The Threats Hiding Behind Commodity Infrastructure,https://unit42.paloaltonetworks.com/ppi-network-malware-campaign-analysis/,2026-09-09T10:00:55Z,,,,2026-09-20T13:00:00.081404Z,68,6,12,66,58,60,60,30,30,,,False,1,NEW,"[{""organization"": ""Palo Alto Networks Unit 42"", ""article_title"": ""Untracked Nightmares: The Threats Hiding Behind Commodity Infrastructure"", ""url"": ""https://unit42.paloaltonetworks.com/ppi-network-malware-campaign-analysis/"", ""published_at"": ""2026-09-09T10:00:55Z"", ""updated_at"": null, ""reliability"": 0.92}]"
cablecanvas.xyz,domain,Untracked Nightmares: The Threats Hiding Behind Commodity Infrastructure,,,,Palo Alto Networks Unit 42,Untracked Nightmares: The Threats Hiding Behind Commodity Infrastructure,https://unit42.paloaltonetworks.com/ppi-network-malware-campaign-analysis/,2026-09-09T10:00:55Z,,,,2026-09-20T13:00:00.081404Z,68,6,12,66,58,60,60,30,30,,,False,1,NEW,"[{""organization"": ""Palo Alto Networks Unit 42"", ""article_title"": ""Untracked Nightmares: The Threats Hiding Behind Commodity Infrastructure"", ""url"": ""https://unit42.paloaltonetworks.com/ppi-network-malware-campaign-analysis/"", ""published_at"": ""2026-09-09T10:00:55Z"", ""updated_at"": null, ""reliability"": 0.92}]"
calibre-ebook.com.cn,domain,Counterfeit installers to system compromise: Tracking a deceptive software download campaign | Microsoft Security Blog,,,,Microsoft Threat Intelligence,Counterfeit installers to system compromise: Tracking a deceptive software download campaign | Microsoft Security Blog,https://www.microsoft.com/en-us/security/blog/2026/09/01/counterfeit-installers-system-compromise-tracking-deceptive-software-download-campaign/,2026-09-01T22:48:28Z,2026-09-01T22:48:42Z,,,2026-09-20T13:00:00.081404Z,71,6,12,66,59,60,60,30,30,,,False,1,NEW,"[{""organization"": ""Microsoft Threat Intelligence"", ""article_title"": ""Counterfeit installers to system compromise: Tracking a deceptive software download campaign | Microsoft Security Blog"", ""url"": ""https://www.microsoft.com/en-us/security/blog/2026/09/01/counterfeit-installers-system-compromise-tracking-deceptive-software-download-campaign/"", ""published_at"": ""2026-09-01T22:48:28Z"", ""updated_at"": ""2026-09-01T22:48:42Z"", ""reliability"": 0.96}]"
cardgrape.xyz,domain,Untracked Nightmares: The Threats Hiding Behind Commodity Infrastructure,,,,Palo Alto Networks Unit 42,Untracked Nightmares: The Threats Hiding Behind Commodity Infrastructure,https://unit42.paloaltonetworks.com/ppi-network-malware-campaign-analysis/,2026-09-09T10:00:55Z,,,,2026-09-20T13:00:00.081404Z,68,6,12,66,58,60,60,30,30,,,False,1,NEW,"[{""organization"": ""Palo Alto Networks Unit 42"", ""article_title"": ""Untracked Nightmares: The Threats Hiding Behind Commodity Infrastructure"", ""url"": ""https://unit42.paloaltonetworks.com/ppi-network-malware-campaign-analysis/"", ""published_at"": ""2026-09-09T10:00:55Z"", ""updated_at"": null, ""reliability"": 0.92}]"
catalystboostfunding.com,domain,ASCII smuggling crosses over from AI prompt injection to phishing evasion | Microsoft Security Blog,,,,Microsoft Threat Intelligence,ASCII smuggling crosses over from AI prompt injection to phishing evasion | Microsoft Security Blog,https://www.microsoft.com/en-us/security/blog/2026/09/03/ascii-smuggling-crosses-over-from-ai-prompt-injection-to-phishing-evasion/,2026-09-03T16:00:00Z,2026-09-03T17:51:06Z,,,2026-09-20T13:00:00.081404Z,71,5,12,66,58,60,60,30,30,,,False,1,NEW,"[{""organization"": ""Microsoft Threat Intelligence"", ""article_title"": ""ASCII smuggling crosses over from AI prompt injection to phishing evasion | Microsoft Security Blog"", ""url"": ""https://www.microsoft.com/en-us/security/blog/2026/09/03/ascii-smuggling-crosses-over-from-ai-prompt-injection-to-phishing-evasion/"", ""published_at"": ""2026-09-03T16:00:00Z"", ""updated_at"": ""2026-09-03T17:51:06Z"", ""reliability"": 0.96}]"
catalystcapitalharbor.com,domain,ASCII smuggling crosses over from AI prompt injection to phishing evasion | Microsoft Security Blog,,,,Microsoft Threat Intelligence,ASCII smuggling crosses over from AI prompt injection to phishing evasion | Microsoft Security Blog,https://www.microsoft.com/en-us/security/blog/2026/09/03/ascii-smuggling-crosses-over-from-ai-prompt-injection-to-phishing-evasion/,2026-09-03T16:00:00Z,2026-09-03T17:51:06Z,,,2026-09-20T13:00:00.081404Z,71,5,12,66,58,60,60,30,30,,,False,1,NEW,"[{""organization"": ""Microsoft Threat Intelligence"", ""article_title"": ""ASCII smuggling crosses over from AI prompt injection to phishing evasion | Microsoft Security Blog"", ""url"": ""https://www.microsoft.com/en-us/security/blog/2026/09/03/ascii-smuggling-crosses-over-from-ai-prompt-injection-to-phishing-evasion/"", ""published_at"": ""2026-09-03T16:00:00Z"", ""updated_at"": ""2026-09-03T17:51:06Z"", ""reliability"": 0.96}]"
cattlegold.xyz,domain,Untracked Nightmares: The Threats Hiding Behind Commodity Infrastructure,,,,Palo Alto Networks Unit 42,Untracked Nightmares: The Threats Hiding Behind Commodity Infrastructure,https://unit42.paloaltonetworks.com/ppi-network-malware-campaign-analysis/,2026-09-09T10:00:55Z,,,,2026-09-20T13:00:00.081404Z,68,6,12,66,58,60,60,30,30,,,False,1,NEW,"[{""organization"": ""Palo Alto Networks Unit 42"", ""article_title"": ""Untracked Nightmares: The Threats Hiding Behind Commodity Infrastructure"", ""url"": ""https://unit42.paloaltonetworks.com/ppi-network-malware-campaign-analysis/"", ""published_at"": ""2026-09-09T10:00:55Z"", ""updated_at"": null, ""reliability"": 0.92}]"
cc8ttkv35b.com,domain,Counterfeit installers to system compromise: Tracking a deceptive software download campaign | Microsoft Security Blog,,,,Microsoft Threat Intelligence,Counterfeit installers to system compromise: Tracking a deceptive software download campaign | Microsoft Security Blog,https://www.microsoft.com/en-us/security/blog/2026/09/01/counterfeit-installers-system-compromise-tracking-deceptive-software-download-campaign/,2026-09-01T22:48:28Z,2026-09-01T22:48:42Z,,,2026-09-20T13:00:00.081404Z,71,6,12,66,59,60,60,30,30,,,False,1,NEW,"[{""organization"": ""Microsoft Threat Intelligence"", ""article_title"": ""Counterfeit installers to system compromise: Tracking a deceptive software download campaign | Microsoft Security Blog"", ""url"": ""https://www.microsoft.com/en-us/security/blog/2026/09/01/counterfeit-installers-system-compromise-tracking-deceptive-software-download-campaign/"", ""published_at"": ""2026-09-01T22:48:28Z"", ""updated_at"": ""2026-09-01T22:48:42Z"", ""reliability"": 0.96}]"
celeryerror.xyz,domain,Untracked Nightmares: The Threats Hiding Behind Commodity Infrastructure,,,,Palo Alto Networks Unit 42,Untracked Nightmares: The Threats Hiding Behind Commodity Infrastructure,https://unit42.paloaltonetworks.com/ppi-network-malware-campaign-analysis/,2026-09-09T10:00:55Z,,,,2026-09-20T13:00:00.081404Z,68,6,12,66,58,60,60,30,30,,,False,1,NEW,"[{""organization"": ""Palo Alto Networks Unit 42"", ""article_title"": ""Untracked Nightmares: The Threats Hiding Behind Commodity Infrastructure"", ""url"": ""https://unit42.paloaltonetworks.com/ppi-network-malware-campaign-analysis/"", ""published_at"": ""2026-09-09T10:00:55Z"", ""updated_at"": null, ""reliability"": 0.92}]"
centscarf.xyz,domain,Untracked Nightmares: The Threats Hiding Behind Commodity Infrastructure,,,,Palo Alto Networks Unit 42,Untracked Nightmares: The Threats Hiding Behind Commodity Infrastructure,https://unit42.paloaltonetworks.com/ppi-network-malware-campaign-analysis/,2026-09-09T10:00:55Z,,,,2026-09-20T13:00:00.081404Z,68,6,12,66,58,60,60,30,30,,,False,1,NEW,"[{""organization"": ""Palo Alto Networks Unit 42"", ""article_title"": ""Untracked Nightmares: The Threats Hiding Behind Commodity Infrastructure"", ""url"": ""https://unit42.paloaltonetworks.com/ppi-network-malware-campaign-analysis/"", ""published_at"": ""2026-09-09T10:00:55Z"", ""updated_at"": null, ""reliability"": 0.92}]"
chalkprose.xyz,domain,Untracked Nightmares: The Threats Hiding Behind Commodity Infrastructure,,,,Palo Alto Networks Unit 42,Untracked Nightmares: The Threats Hiding Behind Commodity Infrastructure,https://unit42.paloaltonetworks.com/ppi-network-malware-campaign-analysis/,2026-09-09T10:00:55Z,,,,2026-09-20T13:00:00.081404Z,68,6,12,66,58,60,60,30,30,,,False,1,NEW,"[{""organization"": ""Palo Alto Networks Unit 42"", ""article_title"": ""Untracked Nightmares: The Threats Hiding Behind Commodity Infrastructure"", ""url"": ""https://unit42.paloaltonetworks.com/ppi-network-malware-campaign-analysis/"", ""published_at"": ""2026-09-09T10:00:55Z"", ""updated_at"": null, ""reliability"": 0.92}]"
chawton.info,domain,Untracked Nightmares: The Threats Hiding Behind Commodity Infrastructure,,,,Palo Alto Networks Unit 42,Untracked Nightmares: The Threats Hiding Behind Commodity Infrastructure,https://unit42.paloaltonetworks.com/ppi-network-malware-campaign-analysis/,2026-09-09T10:00:55Z,,,,2026-09-20T13:00:00.081404Z,68,6,12,66,58,60,60,30,30,,,False,1,NEW,"[{""organization"": ""Palo Alto Networks Unit 42"", ""article_title"": ""Untracked Nightmares: The Threats Hiding Behind Commodity Infrastructure"", ""url"": ""https://unit42.paloaltonetworks.com/ppi-network-malware-campaign-analysis/"", ""published_at"": ""2026-09-09T10:00:55Z"", ""updated_at"": null, ""reliability"": 0.92}]"
cherriestruck.space,domain,Untracked Nightmares: The Threats Hiding Behind Commodity Infrastructure,,,,Palo Alto Networks Unit 42,Untracked Nightmares: The Threats Hiding Behind Commodity Infrastructure,https://unit42.paloaltonetworks.com/ppi-network-malware-campaign-analysis/,2026-09-09T10:00:55Z,,,,2026-09-20T13:00:00.081404Z,68,6,12,66,58,60,60,30,30,,,False,1,NEW,"[{""organization"": ""Palo Alto Networks Unit 42"", ""article_title"": ""Untracked Nightmares: The Threats Hiding Behind Commodity Infrastructure"", ""url"": ""https://unit42.paloaltonetworks.com/ppi-network-malware-campaign-analysis/"", ""published_at"": ""2026-09-09T10:00:55Z"", ""updated_at"": null, ""reliability"": 0.92}]"
chesstail.xyz,domain,Untracked Nightmares: The Threats Hiding Behind Commodity Infrastructure,,,,Palo Alto Networks Unit 42,Untracked Nightmares: The Threats Hiding Behind Commodity Infrastructure,https://unit42.paloaltonetworks.com/ppi-network-malware-campaign-analysis/,2026-09-09T10:00:55Z,,,,2026-09-20T13:00:00.081404Z,68,6,12,66,58,60,60,30,30,,,False,1,NEW,"[{""organization"": ""Palo Alto Networks Unit 42"", ""article_title"": ""Untracked Nightmares: The Threats Hiding Behind Commodity Infrastructure"", ""url"": ""https://unit42.paloaltonetworks.com/ppi-network-malware-campaign-analysis/"", ""published_at"": ""2026-09-09T10:00:55Z"", ""updated_at"": null, ""reliability"": 0.92}]"
chickensmine.space,domain,Untracked Nightmares: The Threats Hiding Behind Commodity Infrastructure,,,,Palo Alto Networks Unit 42,Untracked Nightmares: The Threats Hiding Behind Commodity Infrastructure,https://unit42.paloaltonetworks.com/ppi-network-malware-campaign-analysis/,2026-09-09T10:00:55Z,,,,2026-09-20T13:00:00.081404Z,68,6,12,66,58,60,60,30,30,,,False,1,NEW,"[{""organization"": ""Palo Alto Networks Unit 42"", ""article_title"": ""Untracked Nightmares: The Threats Hiding Behind Commodity Infrastructure"", ""url"": ""https://unit42.paloaltonetworks.com/ppi-network-malware-campaign-analysis/"", ""published_at"": ""2026-09-09T10:00:55Z"", ""updated_at"": null, ""reliability"": 0.92}]"
churchpail.xyz,domain,Untracked Nightmares: The Threats Hiding Behind Commodity Infrastructure,,,,Palo Alto Networks Unit 42,Untracked Nightmares: The Threats Hiding Behind Commodity Infrastructure,https://unit42.paloaltonetworks.com/ppi-network-malware-campaign-analysis/,2026-09-09T10:00:55Z,,,,2026-09-20T13:00:00.081404Z,68,6,12,66,58,60,60,30,30,,,False,1,NEW,"[{""organization"": ""Palo Alto Networks Unit 42"", ""article_title"": ""Untracked Nightmares: The Threats Hiding Behind Commodity Infrastructure"", ""url"": ""https://unit42.paloaltonetworks.com/ppi-network-malware-campaign-analysis/"", ""published_at"": ""2026-09-09T10:00:55Z"", ""updated_at"": null, ""reliability"": 0.92}]"
cisco.com,domain,Ransomware incidents in Japan in the first half of 2026: Investigation of The Gentlemen’s infrastructure and evidence of Qilin's AI use,,,,Cisco Talos,ClickFix moves into the browser: Cryptocurrency theft with Google-hosted C2;Ransomware incidents in Japan in the first half of 2026: Investigation of The Gentlemen’s infrastructure and evidence of Qilin's AI use;UAT-10147 deploys SPECTRE: A cross-platform implant with Linux rootkit and BYOVD capabilities,https://blog.talosintelligence.com/clickfix-moves-into-the-browser/;https://blog.talosintelligence.com/ransomware-incidents-in-japan-in-the-first-half-of-2026/;https://blog.talosintelligence.com/uat-10147-deploys-spectre-a-cross-platform-implant-with-linux-rootkit-and-byovd-capabilities/,2026-08-20T10:00:50Z;2026-09-08T10:00:38Z;2026-09-17T10:00:43Z,2026-08-26T23:04:45Z;2026-09-16T12:06:49Z;2026-09-17T10:00:42Z,,,2026-09-20T13:00:00.081404Z,88,7,15,66,72,60,60,30,30,,,False,3,NEW,"[{""organization"": ""Cisco Talos"", ""article_title"": ""Ransomware incidents in Japan in the first half of 2026: Investigation of The Gentlemen’s infrastructure and evidence of Qilin's AI use"", ""url"": ""https://blog.talosintelligence.com/ransomware-incidents-in-japan-in-the-first-half-of-2026/"", ""published_at"": ""2026-09-17T10:00:43Z"", ""updated_at"": ""2026-09-17T10:00:42Z"", ""reliability"": 0.92}, {""organization"": ""Cisco Talos"", ""article_title"": ""ClickFix moves into the browser: Cryptocurrency theft with Google-hosted C2"", ""url"": ""https://blog.talosintelligence.com/clickfix-moves-into-the-browser/"", ""published_at"": ""2026-09-08T10:00:38Z"", ""updated_at"": ""2026-09-16T12:06:49Z"", ""reliability"": 0.92}, {""organization"": ""Cisco Talos"", ""article_title"": ""UAT-10147 deploys SPECTRE: A cross-platform implant with Linux rootkit and BYOVD capabilities"", ""url"": ""https://blog.talosintelligence.com/uat-10147-deploys-spectre-a-cross-platform-implant-with-linux-rootkit-and-byovd-capabilities/"", ""published_at"": ""2026-08-20T10:00:50Z"", ""updated_at"": ""2026-08-26T23:04:45Z"", ""reliability"": 0.92}]"
clothcrib.xyz,domain,Untracked Nightmares: The Threats Hiding Behind Commodity Infrastructure,,,,Palo Alto Networks Unit 42,Untracked Nightmares: The Threats Hiding Behind Commodity Infrastructure,https://unit42.paloaltonetworks.com/ppi-network-malware-campaign-analysis/,2026-09-09T10:00:55Z,,,,2026-09-20T13:00:00.081404Z,68,6,12,66,58,60,60,30,30,,,False,1,NEW,"[{""organization"": ""Palo Alto Networks Unit 42"", ""article_title"": ""Untracked Nightmares: The Threats Hiding Behind Commodity Infrastructure"", ""url"": ""https://unit42.paloaltonetworks.com/ppi-network-malware-campaign-analysis/"", ""published_at"": ""2026-09-09T10:00:55Z"", ""updated_at"": null, ""reliability"": 0.92}]"
clothcurrent.xyz,domain,Untracked Nightmares: The Threats Hiding Behind Commodity Infrastructure,,,,Palo Alto Networks Unit 42,Untracked Nightmares: The Threats Hiding Behind Commodity Infrastructure,https://unit42.paloaltonetworks.com/ppi-network-malware-campaign-analysis/,2026-09-09T10:00:55Z,,,,2026-09-20T13:00:00.081404Z,68,6,12,66,58,60,60,30,30,,,False,1,NEW,"[{""organization"": ""Palo Alto Networks Unit 42"", ""article_title"": ""Untracked Nightmares: The Threats Hiding Behind Commodity Infrastructure"", ""url"": ""https://unit42.paloaltonetworks.com/ppi-network-malware-campaign-analysis/"", ""published_at"": ""2026-09-09T10:00:55Z"", ""updated_at"": null, ""reliability"": 0.92}]"
cmd.jar,domain,Active exploitation of Cisco Secure Firewall Management Center vulnerabilities,,,,Cisco Talos,Active exploitation of Cisco Secure Firewall Management Center vulnerabilities,https://blog.talosintelligence.com/fmc-ongoing-exploitation/,2026-09-09T16:08:59Z,2026-09-10T17:04:27Z,,,2026-09-20T13:00:00.081404Z,68,9,12,66,76,60,60,30,30,,,False,1,NEW,"[{""organization"": ""Cisco Talos"", ""article_title"": ""Active exploitation of Cisco Secure Firewall Management Center vulnerabilities"", ""url"": ""https://blog.talosintelligence.com/fmc-ongoing-exploitation/"", ""published_at"": ""2026-09-09T16:08:59Z"", ""updated_at"": ""2026-09-10T17:04:27Z"", ""reliability"": 0.92}]"
cn-drawio.com.cn,domain,Counterfeit installers to system compromise: Tracking a deceptive software download campaign | Microsoft Security Blog,,,,Microsoft Threat Intelligence,Counterfeit installers to system compromise: Tracking a deceptive software download campaign | Microsoft Security Blog,https://www.microsoft.com/en-us/security/blog/2026/09/01/counterfeit-installers-system-compromise-tracking-deceptive-software-download-campaign/,2026-09-01T22:48:28Z,2026-09-01T22:48:42Z,,,2026-09-20T13:00:00.081404Z,71,6,12,66,59,60,60,30,30,,,False,1,NEW,"[{""organization"": ""Microsoft Threat Intelligence"", ""article_title"": ""Counterfeit installers to system compromise: Tracking a deceptive software download campaign | Microsoft Security Blog"", ""url"": ""https://www.microsoft.com/en-us/security/blog/2026/09/01/counterfeit-installers-system-compromise-tracking-deceptive-software-download-campaign/"", ""published_at"": ""2026-09-01T22:48:28Z"", ""updated_at"": ""2026-09-01T22:48:42Z"", ""reliability"": 0.96}]"
co.jp,domain,Protecting organizations from AI-assisted executive impersonation and invoice fraud | Microsoft Security Blog,,,,Microsoft Threat Intelligence,Protecting organizations from AI-assisted executive impersonation and invoice fraud | Microsoft Security Blog,https://www.microsoft.com/en-us/security/blog/2026/09/10/protecting-organizations-ai-assisted-executive-impersonation-invoice-fraud/,2026-09-10T17:23:05Z,2026-09-10T17:23:07Z,,,2026-09-20T13:00:00.081404Z,71,6,12,66,59,60,60,30,30,,,False,1,NEW,"[{""organization"": ""Microsoft Threat Intelligence"", ""article_title"": ""Protecting organizations from AI-assisted executive impersonation and invoice fraud | Microsoft Security Blog"", ""url"": ""https://www.microsoft.com/en-us/security/blog/2026/09/10/protecting-organizations-ai-assisted-executive-impersonation-invoice-fraud/"", ""published_at"": ""2026-09-10T17:23:05Z"", ""updated_at"": ""2026-09-10T17:23:07Z"", ""reliability"": 0.96}]"
co.uk,domain,Protecting organizations from AI-assisted executive impersonation and invoice fraud | Microsoft Security Blog,,,,Microsoft Threat Intelligence,Protecting organizations from AI-assisted executive impersonation and invoice fraud | Microsoft Security Blog,https://www.microsoft.com/en-us/security/blog/2026/09/10/protecting-organizations-ai-assisted-executive-impersonation-invoice-fraud/,2026-09-10T17:23:05Z,2026-09-10T17:23:07Z,,,2026-09-20T13:00:00.081404Z,71,6,12,66,59,60,60,30,30,,,False,1,NEW,"[{""organization"": ""Microsoft Threat Intelligence"", ""article_title"": ""Protecting organizations from AI-assisted executive impersonation and invoice fraud | Microsoft Security Blog"", ""url"": ""https://www.microsoft.com/en-us/security/blog/2026/09/10/protecting-organizations-ai-assisted-executive-impersonation-invoice-fraud/"", ""published_at"": ""2026-09-10T17:23:05Z"", ""updated_at"": ""2026-09-10T17:23:07Z"", ""reliability"": 0.96}]"
coatberry.xyz,domain,Untracked Nightmares: The Threats Hiding Behind Commodity Infrastructure,,,,Palo Alto Networks Unit 42,Untracked Nightmares: The Threats Hiding Behind Commodity Infrastructure,https://unit42.paloaltonetworks.com/ppi-network-malware-campaign-analysis/,2026-09-09T10:00:55Z,,,,2026-09-20T13:00:00.081404Z,68,6,12,66,58,60,60,30,30,,,False,1,NEW,"[{""organization"": ""Palo Alto Networks Unit 42"", ""article_title"": ""Untracked Nightmares: The Threats Hiding Behind Commodity Infrastructure"", ""url"": ""https://unit42.paloaltonetworks.com/ppi-network-malware-campaign-analysis/"", ""published_at"": ""2026-09-09T10:00:55Z"", ""updated_at"": null, ""reliability"": 0.92}]"
collartitle.info,domain,Untracked Nightmares: The Threats Hiding Behind Commodity Infrastructure,,,,Palo Alto Networks Unit 42,Untracked Nightmares: The Threats Hiding Behind Commodity Infrastructure,https://unit42.paloaltonetworks.com/ppi-network-malware-campaign-analysis/,2026-09-09T10:00:55Z,,,,2026-09-20T13:00:00.081404Z,68,6,12,66,58,60,60,30,30,,,False,1,NEW,"[{""organization"": ""Palo Alto Networks Unit 42"", ""article_title"": ""Untracked Nightmares: The Threats Hiding Behind Commodity Infrastructure"", ""url"": ""https://unit42.paloaltonetworks.com/ppi-network-malware-campaign-analysis/"", ""published_at"": ""2026-09-09T10:00:55Z"", ""updated_at"": null, ""reliability"": 0.92}]"
com.apple.metadata.mds,domain,Atomic macOS (AMOS) Stealer Activity,,,,Palo Alto Networks Unit 42,Atomic macOS (AMOS) Stealer Activity,https://unit42.paloaltonetworks.com/atomic-macos-amos-stealer-activity/,2026-09-16T10:00:06Z,2026-09-16T16:50:27Z,,,2026-09-20T13:00:00.081404Z,68,7,15,66,62,60,60,30,30,,,False,1,NEW,"[{""organization"": ""Palo Alto Networks Unit 42"", ""article_title"": ""Atomic macOS (AMOS) Stealer Activity"", ""url"": ""https://unit42.paloaltonetworks.com/atomic-macos-amos-stealer-activity/"", ""published_at"": ""2026-09-16T10:00:06Z"", ""updated_at"": ""2026-09-16T16:50:27Z"", ""reliability"": 0.92}]"
com.cn,domain,Counterfeit installers to system compromise: Tracking a deceptive software download campaign | Microsoft Security Blog,,,,Microsoft Threat Intelligence,Counterfeit installers to system compromise: Tracking a deceptive software download campaign | Microsoft Security Blog,https://www.microsoft.com/en-us/security/blog/2026/09/01/counterfeit-installers-system-compromise-tracking-deceptive-software-download-campaign/,2026-09-01T22:48:28Z,2026-09-01T22:48:42Z,,,2026-09-20T13:00:00.081404Z,71,6,12,66,59,60,60,30,30,,,False,1,NEW,"[{""organization"": ""Microsoft Threat Intelligence"", ""article_title"": ""Counterfeit installers to system compromise: Tracking a deceptive software download campaign | Microsoft Security Blog"", ""url"": ""https://www.microsoft.com/en-us/security/blog/2026/09/01/counterfeit-installers-system-compromise-tracking-deceptive-software-download-campaign/"", ""published_at"": ""2026-09-01T22:48:28Z"", ""updated_at"": ""2026-09-01T22:48:42Z"", ""reliability"": 0.96}]"
company-name.integratedsso.com,domain,Passkey-themed social engineering leads to identity and cloud compromise | Microsoft Security Blog,,,,Microsoft Threat Intelligence,Passkey-themed social engineering leads to identity and cloud compromise | Microsoft Security Blog,https://www.microsoft.com/en-us/security/blog/2026/09/09/passkey-themed-social-engineering-leads-identity-cloud-compromise/,2026-09-09T17:41:18Z,2026-09-09T17:59:18Z,,,2026-09-20T13:00:00.081404Z,71,6,12,66,59,60,60,30,30,,,False,1,NEW,"[{""organization"": ""Microsoft Threat Intelligence"", ""article_title"": ""Passkey-themed social engineering leads to identity and cloud compromise | Microsoft Security Blog"", ""url"": ""https://www.microsoft.com/en-us/security/blog/2026/09/09/passkey-themed-social-engineering-leads-identity-cloud-compromise/"", ""published_at"": ""2026-09-09T17:41:18Z"", ""updated_at"": ""2026-09-09T17:59:18Z"", ""reliability"": 0.96}]"
company-name.secure-passkey.com,domain,Passkey-themed social engineering leads to identity and cloud compromise | Microsoft Security Blog,,,,Microsoft Threat Intelligence,Passkey-themed social engineering leads to identity and cloud compromise | Microsoft Security Blog,https://www.microsoft.com/en-us/security/blog/2026/09/09/passkey-themed-social-engineering-leads-identity-cloud-compromise/,2026-09-09T17:41:18Z,2026-09-09T17:59:18Z,,,2026-09-20T13:00:00.081404Z,71,6,12,66,59,60,60,30,30,,,False,1,NEW,"[{""organization"": ""Microsoft Threat Intelligence"", ""article_title"": ""Passkey-themed social engineering leads to identity and cloud compromise | Microsoft Security Blog"", ""url"": ""https://www.microsoft.com/en-us/security/blog/2026/09/09/passkey-themed-social-engineering-leads-identity-cloud-compromise/"", ""published_at"": ""2026-09-09T17:41:18Z"", ""updated_at"": ""2026-09-09T17:59:18Z"", ""reliability"": 0.96}]"
companyname.maliciousdomain.com,domain,Passkey-themed social engineering leads to identity and cloud compromise | Microsoft Security Blog,,,,Microsoft Threat Intelligence,Passkey-themed social engineering leads to identity and cloud compromise | Microsoft Security Blog,https://www.microsoft.com/en-us/security/blog/2026/09/09/passkey-themed-social-engineering-leads-identity-cloud-compromise/,2026-09-09T17:41:18Z,2026-09-09T17:59:18Z,,,2026-09-20T13:00:00.081404Z,71,6,12,66,59,60,60,30,30,,,False,1,NEW,"[{""organization"": ""Microsoft Threat Intelligence"", ""article_title"": ""Passkey-themed social engineering leads to identity and cloud compromise | Microsoft Security Blog"", ""url"": ""https://www.microsoft.com/en-us/security/blog/2026/09/09/passkey-themed-social-engineering-leads-identity-cloud-compromise/"", ""published_at"": ""2026-09-09T17:41:18Z"", ""updated_at"": ""2026-09-09T17:59:18Z"", ""reliability"": 0.96}]"
connect.activitykitty.xyz,domain,Untracked Nightmares: The Threats Hiding Behind Commodity Infrastructure,,,,Palo Alto Networks Unit 42,Untracked Nightmares: The Threats Hiding Behind Commodity Infrastructure,https://unit42.paloaltonetworks.com/ppi-network-malware-campaign-analysis/,2026-09-09T10:00:55Z,,,,2026-09-20T13:00:00.081404Z,68,6,12,66,58,60,60,30,30,,,False,1,NEW,"[{""organization"": ""Palo Alto Networks Unit 42"", ""article_title"": ""Untracked Nightmares: The Threats Hiding Behind Commodity Infrastructure"", ""url"": ""https://unit42.paloaltonetworks.com/ppi-network-malware-campaign-analysis/"", ""published_at"": ""2026-09-09T10:00:55Z"", ""updated_at"": null, ""reliability"": 0.92}]"
connect.apparatustaste.xyz,domain,Untracked Nightmares: The Threats Hiding Behind Commodity Infrastructure,,,,Palo Alto Networks Unit 42,Untracked Nightmares: The Threats Hiding Behind Commodity Infrastructure,https://unit42.paloaltonetworks.com/ppi-network-malware-campaign-analysis/,2026-09-09T10:00:55Z,,,,2026-09-20T13:00:00.081404Z,68,6,12,66,58,60,60,30,30,,,False,1,NEW,"[{""organization"": ""Palo Alto Networks Unit 42"", ""article_title"": ""Untracked Nightmares: The Threats Hiding Behind Commodity Infrastructure"", ""url"": ""https://unit42.paloaltonetworks.com/ppi-network-malware-campaign-analysis/"", ""published_at"": ""2026-09-09T10:00:55Z"", ""updated_at"": null, ""reliability"": 0.92}]"
connect.armcard.xyz,domain,Untracked Nightmares: The Threats Hiding Behind Commodity Infrastructure,,,,Palo Alto Networks Unit 42,Untracked Nightmares: The Threats Hiding Behind Commodity Infrastructure,https://unit42.paloaltonetworks.com/ppi-network-malware-campaign-analysis/,2026-09-09T10:00:55Z,,,,2026-09-20T13:00:00.081404Z,68,6,12,66,58,60,60,30,30,,,False,1,NEW,"[{""organization"": ""Palo Alto Networks Unit 42"", ""article_title"": ""Untracked Nightmares: The Threats Hiding Behind Commodity Infrastructure"", ""url"": ""https://unit42.paloaltonetworks.com/ppi-network-malware-campaign-analysis/"", ""published_at"": ""2026-09-09T10:00:55Z"", ""updated_at"": null, ""reliability"": 0.92}]"
connect.badgeterritory.xyz,domain,Untracked Nightmares: The Threats Hiding Behind Commodity Infrastructure,,,,Palo Alto Networks Unit 42,Untracked Nightmares: The Threats Hiding Behind Commodity Infrastructure,https://unit42.paloaltonetworks.com/ppi-network-malware-campaign-analysis/,2026-09-09T10:00:55Z,,,,2026-09-20T13:00:00.081404Z,68,6,12,66,58,60,60,30,30,,,False,1,NEW,"[{""organization"": ""Palo Alto Networks Unit 42"", ""article_title"": ""Untracked Nightmares: The Threats Hiding Behind Commodity Infrastructure"", ""url"": ""https://unit42.paloaltonetworks.com/ppi-network-malware-campaign-analysis/"", ""published_at"": ""2026-09-09T10:00:55Z"", ""updated_at"": null, ""reliability"": 0.92}]"
connect.baitmetal.xyz,domain,Untracked Nightmares: The Threats Hiding Behind Commodity Infrastructure,,,,Palo Alto Networks Unit 42,Untracked Nightmares: The Threats Hiding Behind Commodity Infrastructure,https://unit42.paloaltonetworks.com/ppi-network-malware-campaign-analysis/,2026-09-09T10:00:55Z,,,,2026-09-20T13:00:00.081404Z,68,6,12,66,58,60,60,30,30,,,False,1,NEW,"[{""organization"": ""Palo Alto Networks Unit 42"", ""article_title"": ""Untracked Nightmares: The Threats Hiding Behind Commodity Infrastructure"", ""url"": ""https://unit42.paloaltonetworks.com/ppi-network-malware-campaign-analysis/"", ""published_at"": ""2026-09-09T10:00:55Z"", ""updated_at"": null, ""reliability"": 0.92}]"
connect.beefteeth.xyz,domain,Untracked Nightmares: The Threats Hiding Behind Commodity Infrastructure,,,,Palo Alto Networks Unit 42,Untracked Nightmares: The Threats Hiding Behind Commodity Infrastructure,https://unit42.paloaltonetworks.com/ppi-network-malware-campaign-analysis/,2026-09-09T10:00:55Z,,,,2026-09-20T13:00:00.081404Z,68,6,12,66,58,60,60,30,30,,,False,1,NEW,"[{""organization"": ""Palo Alto Networks Unit 42"", ""article_title"": ""Untracked Nightmares: The Threats Hiding Behind Commodity Infrastructure"", ""url"": ""https://unit42.paloaltonetworks.com/ppi-network-malware-campaign-analysis/"", ""published_at"": ""2026-09-09T10:00:55Z"", ""updated_at"": null, ""reliability"": 0.92}]"
connect.believesisters.xyz,domain,Untracked Nightmares: The Threats Hiding Behind Commodity Infrastructure,,,,Palo Alto Networks Unit 42,Untracked Nightmares: The Threats Hiding Behind Commodity Infrastructure,https://unit42.paloaltonetworks.com/ppi-network-malware-campaign-analysis/,2026-09-09T10:00:55Z,,,,2026-09-20T13:00:00.081404Z,68,6,12,66,58,60,60,30,30,,,False,1,NEW,"[{""organization"": ""Palo Alto Networks Unit 42"", ""article_title"": ""Untracked Nightmares: The Threats Hiding Behind Commodity Infrastructure"", ""url"": ""https://unit42.paloaltonetworks.com/ppi-network-malware-campaign-analysis/"", ""published_at"": ""2026-09-09T10:00:55Z"", ""updated_at"": null, ""reliability"": 0.92}]"
connect.boundaryfly.xyz,domain,Untracked Nightmares: The Threats Hiding Behind Commodity Infrastructure,,,,Palo Alto Networks Unit 42,Untracked Nightmares: The Threats Hiding Behind Commodity Infrastructure,https://unit42.paloaltonetworks.com/ppi-network-malware-campaign-analysis/,2026-09-09T10:00:55Z,,,,2026-09-20T13:00:00.081404Z,68,6,12,66,58,60,60,30,30,,,False,1,NEW,"[{""organization"": ""Palo Alto Networks Unit 42"", ""article_title"": ""Untracked Nightmares: The Threats Hiding Behind Commodity Infrastructure"", ""url"": ""https://unit42.paloaltonetworks.com/ppi-network-malware-campaign-analysis/"", ""published_at"": ""2026-09-09T10:00:55Z"", ""updated_at"": null, ""reliability"": 0.92}]"
connect.bubbleappliance.xyz,domain,Untracked Nightmares: The Threats Hiding Behind Commodity Infrastructure,,,,Palo Alto Networks Unit 42,Untracked Nightmares: The Threats Hiding Behind Commodity Infrastructure,https://unit42.paloaltonetworks.com/ppi-network-malware-campaign-analysis/,2026-09-09T10:00:55Z,,,,2026-09-20T13:00:00.081404Z,68,6,12,66,58,60,60,30,30,,,False,1,NEW,"[{""organization"": ""Palo Alto Networks Unit 42"", ""article_title"": ""Untracked Nightmares: The Threats Hiding Behind Commodity Infrastructure"", ""url"": ""https://unit42.paloaltonetworks.com/ppi-network-malware-campaign-analysis/"", ""published_at"": ""2026-09-09T10:00:55Z"", ""updated_at"": null, ""reliability"": 0.92}]"
connect.cableland.xyz,domain,Untracked Nightmares: The Threats Hiding Behind Commodity Infrastructure,,,,Palo Alto Networks Unit 42,Untracked Nightmares: The Threats Hiding Behind Commodity Infrastructure,https://unit42.paloaltonetworks.com/ppi-network-malware-campaign-analysis/,2026-09-09T10:00:55Z,,,,2026-09-20T13:00:00.081404Z,68,6,12,66,58,60,60,30,30,,,False,1,NEW,"[{""organization"": ""Palo Alto Networks Unit 42"", ""article_title"": ""Untracked Nightmares: The Threats Hiding Behind Commodity Infrastructure"", ""url"": ""https://unit42.paloaltonetworks.com/ppi-network-malware-campaign-analysis/"", ""published_at"": ""2026-09-09T10:00:55Z"", ""updated_at"": null, ""reliability"": 0.92}]"
connect.chinexpert.xyz,domain,Untracked Nightmares: The Threats Hiding Behind Commodity Infrastructure,,,,Palo Alto Networks Unit 42,Untracked Nightmares: The Threats Hiding Behind Commodity Infrastructure,https://unit42.paloaltonetworks.com/ppi-network-malware-campaign-analysis/,2026-09-09T10:00:55Z,,,,2026-09-20T13:00:00.081404Z,68,6,12,66,58,60,60,30,30,,,False,1,NEW,"[{""organization"": ""Palo Alto Networks Unit 42"", ""article_title"": ""Untracked Nightmares: The Threats Hiding Behind Commodity Infrastructure"", ""url"": ""https://unit42.paloaltonetworks.com/ppi-network-malware-campaign-analysis/"", ""published_at"": ""2026-09-09T10:00:55Z"", ""updated_at"": null, ""reliability"": 0.92}]"
connect.conditiongrade.xyz,domain,Untracked Nightmares: The Threats Hiding Behind Commodity Infrastructure,,,,Palo Alto Networks Unit 42,Untracked Nightmares: The Threats Hiding Behind Commodity Infrastructure,https://unit42.paloaltonetworks.com/ppi-network-malware-campaign-analysis/,2026-09-09T10:00:55Z,,,,2026-09-20T13:00:00.081404Z,68,6,12,66,58,60,60,30,30,,,False,1,NEW,"[{""organization"": ""Palo Alto Networks Unit 42"", ""article_title"": ""Untracked Nightmares: The Threats Hiding Behind Commodity Infrastructure"", ""url"": ""https://unit42.paloaltonetworks.com/ppi-network-malware-campaign-analysis/"", ""published_at"": ""2026-09-09T10:00:55Z"", ""updated_at"": null, ""reliability"": 0.92}]"
connect.coppersummer.xyz,domain,Untracked Nightmares: The Threats Hiding Behind Commodity Infrastructure,,,,Palo Alto Networks Unit 42,Untracked Nightmares: The Threats Hiding Behind Commodity Infrastructure,https://unit42.paloaltonetworks.com/ppi-network-malware-campaign-analysis/,2026-09-09T10:00:55Z,,,,2026-09-20T13:00:00.081404Z,68,6,12,66,58,60,60,30,30,,,False,1,NEW,"[{""organization"": ""Palo Alto Networks Unit 42"", ""article_title"": ""Untracked Nightmares: The Threats Hiding Behind Commodity Infrastructure"", ""url"": ""https://unit42.paloaltonetworks.com/ppi-network-malware-campaign-analysis/"", ""published_at"": ""2026-09-09T10:00:55Z"", ""updated_at"": null, ""reliability"": 0.92}]"
connect.creatorcreator.xyz,domain,Untracked Nightmares: The Threats Hiding Behind Commodity Infrastructure,,,,Palo Alto Networks Unit 42,Untracked Nightmares: The Threats Hiding Behind Commodity Infrastructure,https://unit42.paloaltonetworks.com/ppi-network-malware-campaign-analysis/,2026-09-09T10:00:55Z,,,,2026-09-20T13:00:00.081404Z,68,6,12,66,58,60,60,30,30,,,False,1,NEW,"[{""organization"": ""Palo Alto Networks Unit 42"", ""article_title"": ""Untracked Nightmares: The Threats Hiding Behind Commodity Infrastructure"", ""url"": ""https://unit42.paloaltonetworks.com/ppi-network-malware-campaign-analysis/"", ""published_at"": ""2026-09-09T10:00:55Z"", ""updated_at"": null, ""reliability"": 0.92}]"
connect.dresstent.xyz,domain,Untracked Nightmares: The Threats Hiding Behind Commodity Infrastructure,,,,Palo Alto Networks Unit 42,Untracked Nightmares: The Threats Hiding Behind Commodity Infrastructure,https://unit42.paloaltonetworks.com/ppi-network-malware-campaign-analysis/,2026-09-09T10:00:55Z,,,,2026-09-20T13:00:00.081404Z,68,6,12,66,58,60,60,30,30,,,False,1,NEW,"[{""organization"": ""Palo Alto Networks Unit 42"", ""article_title"": ""Untracked Nightmares: The Threats Hiding Behind Commodity Infrastructure"", ""url"": ""https://unit42.paloaltonetworks.com/ppi-network-malware-campaign-analysis/"", ""published_at"": ""2026-09-09T10:00:55Z"", ""updated_at"": null, ""reliability"": 0.92}]"
connect.dropjeans.xyz,domain,Untracked Nightmares: The Threats Hiding Behind Commodity Infrastructure,,,,Palo Alto Networks Unit 42,Untracked Nightmares: The Threats Hiding Behind Commodity Infrastructure,https://unit42.paloaltonetworks.com/ppi-network-malware-campaign-analysis/,2026-09-09T10:00:55Z,,,,2026-09-20T13:00:00.081404Z,68,6,12,66,58,60,60,30,30,,,False,1,NEW,"[{""organization"": ""Palo Alto Networks Unit 42"", ""article_title"": ""Untracked Nightmares: The Threats Hiding Behind Commodity Infrastructure"", ""url"": ""https://unit42.paloaltonetworks.com/ppi-network-malware-campaign-analysis/"", ""published_at"": ""2026-09-09T10:00:55Z"", ""updated_at"": null, ""reliability"": 0.92}]"
connect.edgeplayground.xyz,domain,Untracked Nightmares: The Threats Hiding Behind Commodity Infrastructure,,,,Palo Alto Networks Unit 42,Untracked Nightmares: The Threats Hiding Behind Commodity Infrastructure,https://unit42.paloaltonetworks.com/ppi-network-malware-campaign-analysis/,2026-09-09T10:00:55Z,,,,2026-09-20T13:00:00.081404Z,68,6,12,66,58,60,60,30,30,,,False,1,NEW,"[{""organization"": ""Palo Alto Networks Unit 42"", ""article_title"": ""Untracked Nightmares: The Threats Hiding Behind Commodity Infrastructure"", ""url"": ""https://unit42.paloaltonetworks.com/ppi-network-malware-campaign-analysis/"", ""published_at"": ""2026-09-09T10:00:55Z"", ""updated_at"": null, ""reliability"": 0.92}]"
connect.exchangeclub.xyz,domain,Untracked Nightmares: The Threats Hiding Behind Commodity Infrastructure,,,,Palo Alto Networks Unit 42,Untracked Nightmares: The Threats Hiding Behind Commodity Infrastructure,https://unit42.paloaltonetworks.com/ppi-network-malware-campaign-analysis/,2026-09-09T10:00:55Z,,,,2026-09-20T13:00:00.081404Z,68,6,12,66,58,60,60,30,30,,,False,1,NEW,"[{""organization"": ""Palo Alto Networks Unit 42"", ""article_title"": ""Untracked Nightmares: The Threats Hiding Behind Commodity Infrastructure"", ""url"": ""https://unit42.paloaltonetworks.com/ppi-network-malware-campaign-analysis/"", ""published_at"": ""2026-09-09T10:00:55Z"", ""updated_at"": null, ""reliability"": 0.92}]"
connect.existencediscussion.info,domain,Untracked Nightmares: The Threats Hiding Behind Commodity Infrastructure,,,,Palo Alto Networks Unit 42,Untracked Nightmares: The Threats Hiding Behind Commodity Infrastructure,https://unit42.paloaltonetworks.com/ppi-network-malware-campaign-analysis/,2026-09-09T10:00:55Z,,,,2026-09-20T13:00:00.081404Z,68,6,12,66,58,60,60,30,30,,,False,1,NEW,"[{""organization"": ""Palo Alto Networks Unit 42"", ""article_title"": ""Untracked Nightmares: The Threats Hiding Behind Commodity Infrastructure"", ""url"": ""https://unit42.paloaltonetworks.com/ppi-network-malware-campaign-analysis/"", ""published_at"": ""2026-09-09T10:00:55Z"", ""updated_at"": null, ""reliability"": 0.92}]"
connect.expansionsalt.info,domain,Untracked Nightmares: The Threats Hiding Behind Commodity Infrastructure,,,,Palo Alto Networks Unit 42,Untracked Nightmares: The Threats Hiding Behind Commodity Infrastructure,https://unit42.paloaltonetworks.com/ppi-network-malware-campaign-analysis/,2026-09-09T10:00:55Z,,,,2026-09-20T13:00:00.081404Z,68,6,12,66,58,60,60,30,30,,,False,1,NEW,"[{""organization"": ""Palo Alto Networks Unit 42"", ""article_title"": ""Untracked Nightmares: The Threats Hiding Behind Commodity Infrastructure"", ""url"": ""https://unit42.paloaltonetworks.com/ppi-network-malware-campaign-analysis/"", ""published_at"": ""2026-09-09T10:00:55Z"", ""updated_at"": null, ""reliability"": 0.92}]"
connect.fangstitch.xyz,domain,Untracked Nightmares: The Threats Hiding Behind Commodity Infrastructure,,,,Palo Alto Networks Unit 42,Untracked Nightmares: The Threats Hiding Behind Commodity Infrastructure,https://unit42.paloaltonetworks.com/ppi-network-malware-campaign-analysis/,2026-09-09T10:00:55Z,,,,2026-09-20T13:00:00.081404Z,68,6,12,66,58,60,60,30,30,,,False,1,NEW,"[{""organization"": ""Palo Alto Networks Unit 42"", ""article_title"": ""Untracked Nightmares: The Threats Hiding Behind Commodity Infrastructure"", ""url"": ""https://unit42.paloaltonetworks.com/ppi-network-malware-campaign-analysis/"", ""published_at"": ""2026-09-09T10:00:55Z"", ""updated_at"": null, ""reliability"": 0.92}]"
connect.fogparcel.info,domain,Untracked Nightmares: The Threats Hiding Behind Commodity Infrastructure,,,,Palo Alto Networks Unit 42,Untracked Nightmares: The Threats Hiding Behind Commodity Infrastructure,https://unit42.paloaltonetworks.com/ppi-network-malware-campaign-analysis/,2026-09-09T10:00:55Z,,,,2026-09-20T13:00:00.081404Z,68,6,12,66,58,60,60,30,30,,,False,1,NEW,"[{""organization"": ""Palo Alto Networks Unit 42"", ""article_title"": ""Untracked Nightmares: The Threats Hiding Behind Commodity Infrastructure"", ""url"": ""https://unit42.paloaltonetworks.com/ppi-network-malware-campaign-analysis/"", ""published_at"": ""2026-09-09T10:00:55Z"", ""updated_at"": null, ""reliability"": 0.92}]"
connect.foodhook.info,domain,Untracked Nightmares: The Threats Hiding Behind Commodity Infrastructure,,,,Palo Alto Networks Unit 42,Untracked Nightmares: The Threats Hiding Behind Commodity Infrastructure,https://unit42.paloaltonetworks.com/ppi-network-malware-campaign-analysis/,2026-09-09T10:00:55Z,,,,2026-09-20T13:00:00.081404Z,68,6,12,66,58,60,60,30,30,,,False,1,NEW,"[{""organization"": ""Palo Alto Networks Unit 42"", ""article_title"": ""Untracked Nightmares: The Threats Hiding Behind Commodity Infrastructure"", ""url"": ""https://unit42.paloaltonetworks.com/ppi-network-malware-campaign-analysis/"", ""published_at"": ""2026-09-09T10:00:55Z"", ""updated_at"": null, ""reliability"": 0.92}]"
connect.forkcountry.xyz,domain,Untracked Nightmares: The Threats Hiding Behind Commodity Infrastructure,,,,Palo Alto Networks Unit 42,Untracked Nightmares: The Threats Hiding Behind Commodity Infrastructure,https://unit42.paloaltonetworks.com/ppi-network-malware-campaign-analysis/,2026-09-09T10:00:55Z,,,,2026-09-20T13:00:00.081404Z,68,6,12,66,58,60,60,30,30,,,False,1,NEW,"[{""organization"": ""Palo Alto Networks Unit 42"", ""article_title"": ""Untracked Nightmares: The Threats Hiding Behind Commodity Infrastructure"", ""url"": ""https://unit42.paloaltonetworks.com/ppi-network-malware-campaign-analysis/"", ""published_at"": ""2026-09-09T10:00:55Z"", ""updated_at"": null, ""reliability"": 0.92}]"
connect.fuelleg.info,domain,Untracked Nightmares: The Threats Hiding Behind Commodity Infrastructure,,,,Palo Alto Networks Unit 42,Untracked Nightmares: The Threats Hiding Behind Commodity Infrastructure,https://unit42.paloaltonetworks.com/ppi-network-malware-campaign-analysis/,2026-09-09T10:00:55Z,,,,2026-09-20T13:00:00.081404Z,68,6,12,66,58,60,60,30,30,,,False,1,NEW,"[{""organization"": ""Palo Alto Networks Unit 42"", ""article_title"": ""Untracked Nightmares: The Threats Hiding Behind Commodity Infrastructure"", ""url"": ""https://unit42.paloaltonetworks.com/ppi-network-malware-campaign-analysis/"", ""published_at"": ""2026-09-09T10:00:55Z"", ""updated_at"": null, ""reliability"": 0.92}]"
connect.geesepurpose.xyz,domain,Untracked Nightmares: The Threats Hiding Behind Commodity Infrastructure,,,,Palo Alto Networks Unit 42,Untracked Nightmares: The Threats Hiding Behind Commodity Infrastructure,https://unit42.paloaltonetworks.com/ppi-network-malware-campaign-analysis/,2026-09-09T10:00:55Z,,,,2026-09-20T13:00:00.081404Z,68,6,12,66,58,60,60,30,30,,,False,1,NEW,"[{""organization"": ""Palo Alto Networks Unit 42"", ""article_title"": ""Untracked Nightmares: The Threats Hiding Behind Commodity Infrastructure"", ""url"": ""https://unit42.paloaltonetworks.com/ppi-network-malware-campaign-analysis/"", ""published_at"": ""2026-09-09T10:00:55Z"", ""updated_at"": null, ""reliability"": 0.92}]"
connect.giantsdogs.info,domain,Untracked Nightmares: The Threats Hiding Behind Commodity Infrastructure,,,,Palo Alto Networks Unit 42,Untracked Nightmares: The Threats Hiding Behind Commodity Infrastructure,https://unit42.paloaltonetworks.com/ppi-network-malware-campaign-analysis/,2026-09-09T10:00:55Z,,,,2026-09-20T13:00:00.081404Z,68,6,12,66,58,60,60,30,30,,,False,1,NEW,"[{""organization"": ""Palo Alto Networks Unit 42"", ""article_title"": ""Untracked Nightmares: The Threats Hiding Behind Commodity Infrastructure"", ""url"": ""https://unit42.paloaltonetworks.com/ppi-network-malware-campaign-analysis/"", ""published_at"": ""2026-09-09T10:00:55Z"", ""updated_at"": null, ""reliability"": 0.92}]"
connect.giraffetoothpaste.xyz,domain,Untracked Nightmares: The Threats Hiding Behind Commodity Infrastructure,,,,Palo Alto Networks Unit 42,Untracked Nightmares: The Threats Hiding Behind Commodity Infrastructure,https://unit42.paloaltonetworks.com/ppi-network-malware-campaign-analysis/,2026-09-09T10:00:55Z,,,,2026-09-20T13:00:00.081404Z,68,6,12,66,58,60,60,30,30,,,False,1,NEW,"[{""organization"": ""Palo Alto Networks Unit 42"", ""article_title"": ""Untracked Nightmares: The Threats Hiding Behind Commodity Infrastructure"", ""url"": ""https://unit42.paloaltonetworks.com/ppi-network-malware-campaign-analysis/"", ""published_at"": ""2026-09-09T10:00:55Z"", ""updated_at"": null, ""reliability"": 0.92}]"
connect.guitarrobin.xyz,domain,Untracked Nightmares: The Threats Hiding Behind Commodity Infrastructure,,,,Palo Alto Networks Unit 42,Untracked Nightmares: The Threats Hiding Behind Commodity Infrastructure,https://unit42.paloaltonetworks.com/ppi-network-malware-campaign-analysis/,2026-09-09T10:00:55Z,,,,2026-09-20T13:00:00.081404Z,68,6,12,66,58,60,60,30,30,,,False,1,NEW,"[{""organization"": ""Palo Alto Networks Unit 42"", ""article_title"": ""Untracked Nightmares: The Threats Hiding Behind Commodity Infrastructure"", ""url"": ""https://unit42.paloaltonetworks.com/ppi-network-malware-campaign-analysis/"", ""published_at"": ""2026-09-09T10:00:55Z"", ""updated_at"": null, ""reliability"": 0.92}]"
connect.halllunch.info,domain,Untracked Nightmares: The Threats Hiding Behind Commodity Infrastructure,,,,Palo Alto Networks Unit 42,Untracked Nightmares: The Threats Hiding Behind Commodity Infrastructure,https://unit42.paloaltonetworks.com/ppi-network-malware-campaign-analysis/,2026-09-09T10:00:55Z,,,,2026-09-20T13:00:00.081404Z,68,6,12,66,58,60,60,30,30,,,False,1,NEW,"[{""organization"": ""Palo Alto Networks Unit 42"", ""article_title"": ""Untracked Nightmares: The Threats Hiding Behind Commodity Infrastructure"", ""url"": ""https://unit42.paloaltonetworks.com/ppi-network-malware-campaign-analysis/"", ""published_at"": ""2026-09-09T10:00:55Z"", ""updated_at"": null, ""reliability"": 0.92}]"
connect.harborclam.xyz,domain,Untracked Nightmares: The Threats Hiding Behind Commodity Infrastructure,,,,Palo Alto Networks Unit 42,Untracked Nightmares: The Threats Hiding Behind Commodity Infrastructure,https://unit42.paloaltonetworks.com/ppi-network-malware-campaign-analysis/,2026-09-09T10:00:55Z,,,,2026-09-20T13:00:00.081404Z,68,6,12,66,58,60,60,30,30,,,False,1,NEW,"[{""organization"": ""Palo Alto Networks Unit 42"", ""article_title"": ""Untracked Nightmares: The Threats Hiding Behind Commodity Infrastructure"", ""url"": ""https://unit42.paloaltonetworks.com/ppi-network-malware-campaign-analysis/"", ""published_at"": ""2026-09-09T10:00:55Z"", ""updated_at"": null, ""reliability"": 0.92}]"
connect.holecompany.info,domain,Untracked Nightmares: The Threats Hiding Behind Commodity Infrastructure,,,,Palo Alto Networks Unit 42,Untracked Nightmares: The Threats Hiding Behind Commodity Infrastructure,https://unit42.paloaltonetworks.com/ppi-network-malware-campaign-analysis/,2026-09-09T10:00:55Z,,,,2026-09-20T13:00:00.081404Z,68,6,12,66,58,60,60,30,30,,,False,1,NEW,"[{""organization"": ""Palo Alto Networks Unit 42"", ""article_title"": ""Untracked Nightmares: The Threats Hiding Behind Commodity Infrastructure"", ""url"": ""https://unit42.paloaltonetworks.com/ppi-network-malware-campaign-analysis/"", ""published_at"": ""2026-09-09T10:00:55Z"", ""updated_at"": null, ""reliability"": 0.92}]"
connect.knifesea.icu,domain,Untracked Nightmares: The Threats Hiding Behind Commodity Infrastructure,,,,Palo Alto Networks Unit 42,Untracked Nightmares: The Threats Hiding Behind Commodity Infrastructure,https://unit42.paloaltonetworks.com/ppi-network-malware-campaign-analysis/,2026-09-09T10:00:55Z,,,,2026-09-20T13:00:00.081404Z,68,6,12,66,58,60,60,30,30,,,False,1,NEW,"[{""organization"": ""Palo Alto Networks Unit 42"", ""article_title"": ""Untracked Nightmares: The Threats Hiding Behind Commodity Infrastructure"", ""url"": ""https://unit42.paloaltonetworks.com/ppi-network-malware-campaign-analysis/"", ""published_at"": ""2026-09-09T10:00:55Z"", ""updated_at"": null, ""reliability"": 0.92}]"
connect.monthsmoke.info,domain,Untracked Nightmares: The Threats Hiding Behind Commodity Infrastructure,,,,Palo Alto Networks Unit 42,Untracked Nightmares: The Threats Hiding Behind Commodity Infrastructure,https://unit42.paloaltonetworks.com/ppi-network-malware-campaign-analysis/,2026-09-09T10:00:55Z,,,,2026-09-20T13:00:00.081404Z,68,6,12,66,58,60,60,30,30,,,False,1,NEW,"[{""organization"": ""Palo Alto Networks Unit 42"", ""article_title"": ""Untracked Nightmares: The Threats Hiding Behind Commodity Infrastructure"", ""url"": ""https://unit42.paloaltonetworks.com/ppi-network-malware-campaign-analysis/"", ""published_at"": ""2026-09-09T10:00:55Z"", ""updated_at"": null, ""reliability"": 0.92}]"
connect.nosegovernor.xyz,domain,Untracked Nightmares: The Threats Hiding Behind Commodity Infrastructure,,,,Palo Alto Networks Unit 42,Untracked Nightmares: The Threats Hiding Behind Commodity Infrastructure,https://unit42.paloaltonetworks.com/ppi-network-malware-campaign-analysis/,2026-09-09T10:00:55Z,,,,2026-09-20T13:00:00.081404Z,68,6,12,66,58,60,60,30,30,,,False,1,NEW,"[{""organization"": ""Palo Alto Networks Unit 42"", ""article_title"": ""Untracked Nightmares: The Threats Hiding Behind Commodity Infrastructure"", ""url"": ""https://unit42.paloaltonetworks.com/ppi-network-malware-campaign-analysis/"", ""published_at"": ""2026-09-09T10:00:55Z"", ""updated_at"": null, ""reliability"": 0.92}]"
connect.pagesubstance.xyz,domain,Untracked Nightmares: The Threats Hiding Behind Commodity Infrastructure,,,,Palo Alto Networks Unit 42,Untracked Nightmares: The Threats Hiding Behind Commodity Infrastructure,https://unit42.paloaltonetworks.com/ppi-network-malware-campaign-analysis/,2026-09-09T10:00:55Z,,,,2026-09-20T13:00:00.081404Z,68,6,12,66,58,60,60,30,30,,,False,1,NEW,"[{""organization"": ""Palo Alto Networks Unit 42"", ""article_title"": ""Untracked Nightmares: The Threats Hiding Behind Commodity Infrastructure"", ""url"": ""https://unit42.paloaltonetworks.com/ppi-network-malware-campaign-analysis/"", ""published_at"": ""2026-09-09T10:00:55Z"", ""updated_at"": null, ""reliability"": 0.92}]"
connect.poisonblade.xyz,domain,Untracked Nightmares: The Threats Hiding Behind Commodity Infrastructure,,,,Palo Alto Networks Unit 42,Untracked Nightmares: The Threats Hiding Behind Commodity Infrastructure,https://unit42.paloaltonetworks.com/ppi-network-malware-campaign-analysis/,2026-09-09T10:00:55Z,,,,2026-09-20T13:00:00.081404Z,68,6,12,66,58,60,60,30,30,,,False,1,NEW,"[{""organization"": ""Palo Alto Networks Unit 42"", ""article_title"": ""Untracked Nightmares: The Threats Hiding Behind Commodity Infrastructure"", ""url"": ""https://unit42.paloaltonetworks.com/ppi-network-malware-campaign-analysis/"", ""published_at"": ""2026-09-09T10:00:55Z"", ""updated_at"": null, ""reliability"": 0.92}]"
connect.prosesalt.xyz,domain,Untracked Nightmares: The Threats Hiding Behind Commodity Infrastructure,,,,Palo Alto Networks Unit 42,Untracked Nightmares: The Threats Hiding Behind Commodity Infrastructure,https://unit42.paloaltonetworks.com/ppi-network-malware-campaign-analysis/,2026-09-09T10:00:55Z,,,,2026-09-20T13:00:00.081404Z,68,6,12,66,58,60,60,30,30,,,False,1,NEW,"[{""organization"": ""Palo Alto Networks Unit 42"", ""article_title"": ""Untracked Nightmares: The Threats Hiding Behind Commodity Infrastructure"", ""url"": ""https://unit42.paloaltonetworks.com/ppi-network-malware-campaign-analysis/"", ""published_at"": ""2026-09-09T10:00:55Z"", ""updated_at"": null, ""reliability"": 0.92}]"
connect.purposethings.info,domain,Untracked Nightmares: The Threats Hiding Behind Commodity Infrastructure,,,,Palo Alto Networks Unit 42,Untracked Nightmares: The Threats Hiding Behind Commodity Infrastructure,https://unit42.paloaltonetworks.com/ppi-network-malware-campaign-analysis/,2026-09-09T10:00:55Z,,,,2026-09-20T13:00:00.081404Z,68,6,12,66,58,60,60,30,30,,,False,1,NEW,"[{""organization"": ""Palo Alto Networks Unit 42"", ""article_title"": ""Untracked Nightmares: The Threats Hiding Behind Commodity Infrastructure"", ""url"": ""https://unit42.paloaltonetworks.com/ppi-network-malware-campaign-analysis/"", ""published_at"": ""2026-09-09T10:00:55Z"", ""updated_at"": null, ""reliability"": 0.92}]"
connect.quiltgirls.xyz,domain,Untracked Nightmares: The Threats Hiding Behind Commodity Infrastructure,,,,Palo Alto Networks Unit 42,Untracked Nightmares: The Threats Hiding Behind Commodity Infrastructure,https://unit42.paloaltonetworks.com/ppi-network-malware-campaign-analysis/,2026-09-09T10:00:55Z,,,,2026-09-20T13:00:00.081404Z,68,6,12,66,58,60,60,30,30,,,False,1,NEW,"[{""organization"": ""Palo Alto Networks Unit 42"", ""article_title"": ""Untracked Nightmares: The Threats Hiding Behind Commodity Infrastructure"", ""url"": ""https://unit42.paloaltonetworks.com/ppi-network-malware-campaign-analysis/"", ""published_at"": ""2026-09-09T10:00:55Z"", ""updated_at"": null, ""reliability"": 0.92}]"
connect.reactionbit.info,domain,Untracked Nightmares: The Threats Hiding Behind Commodity Infrastructure,,,,Palo Alto Networks Unit 42,Untracked Nightmares: The Threats Hiding Behind Commodity Infrastructure,https://unit42.paloaltonetworks.com/ppi-network-malware-campaign-analysis/,2026-09-09T10:00:55Z,,,,2026-09-20T13:00:00.081404Z,68,6,12,66,58,60,60,30,30,,,False,1,NEW,"[{""organization"": ""Palo Alto Networks Unit 42"", ""article_title"": ""Untracked Nightmares: The Threats Hiding Behind Commodity Infrastructure"", ""url"": ""https://unit42.paloaltonetworks.com/ppi-network-malware-campaign-analysis/"", ""published_at"": ""2026-09-09T10:00:55Z"", ""updated_at"": null, ""reliability"": 0.92}]"
connect.rewardrun.xyz,domain,Untracked Nightmares: The Threats Hiding Behind Commodity Infrastructure,,,,Palo Alto Networks Unit 42,Untracked Nightmares: The Threats Hiding Behind Commodity Infrastructure,https://unit42.paloaltonetworks.com/ppi-network-malware-campaign-analysis/,2026-09-09T10:00:55Z,,,,2026-09-20T13:00:00.081404Z,68,6,12,66,58,60,60,30,30,,,False,1,NEW,"[{""organization"": ""Palo Alto Networks Unit 42"", ""article_title"": ""Untracked Nightmares: The Threats Hiding Behind Commodity Infrastructure"", ""url"": ""https://unit42.paloaltonetworks.com/ppi-network-malware-campaign-analysis/"", ""published_at"": ""2026-09-09T10:00:55Z"", ""updated_at"": null, ""reliability"": 0.92}]"
connect.riceapparel.xyz,domain,Untracked Nightmares: The Threats Hiding Behind Commodity Infrastructure,,,,Palo Alto Networks Unit 42,Untracked Nightmares: The Threats Hiding Behind Commodity Infrastructure,https://unit42.paloaltonetworks.com/ppi-network-malware-campaign-analysis/,2026-09-09T10:00:55Z,,,,2026-09-20T13:00:00.081404Z,68,6,12,66,58,60,60,30,30,,,False,1,NEW,"[{""organization"": ""Palo Alto Networks Unit 42"", ""article_title"": ""Untracked Nightmares: The Threats Hiding Behind Commodity Infrastructure"", ""url"": ""https://unit42.paloaltonetworks.com/ppi-network-malware-campaign-analysis/"", ""published_at"": ""2026-09-09T10:00:55Z"", ""updated_at"": null, ""reliability"": 0.92}]"
connect.seashoreletters.info,domain,Untracked Nightmares: The Threats Hiding Behind Commodity Infrastructure,,,,Palo Alto Networks Unit 42,Untracked Nightmares: The Threats Hiding Behind Commodity Infrastructure,https://unit42.paloaltonetworks.com/ppi-network-malware-campaign-analysis/,2026-09-09T10:00:55Z,,,,2026-09-20T13:00:00.081404Z,68,6,12,66,58,60,60,30,30,,,False,1,NEW,"[{""organization"": ""Palo Alto Networks Unit 42"", ""article_title"": ""Untracked Nightmares: The Threats Hiding Behind Commodity Infrastructure"", ""url"": ""https://unit42.paloaltonetworks.com/ppi-network-malware-campaign-analysis/"", ""published_at"": ""2026-09-09T10:00:55Z"", ""updated_at"": null, ""reliability"": 0.92}]"
connect.selectiondogs.xyz,domain,Untracked Nightmares: The Threats Hiding Behind Commodity Infrastructure,,,,Palo Alto Networks Unit 42,Untracked Nightmares: The Threats Hiding Behind Commodity Infrastructure,https://unit42.paloaltonetworks.com/ppi-network-malware-campaign-analysis/,2026-09-09T10:00:55Z,,,,2026-09-20T13:00:00.081404Z,68,6,12,66,58,60,60,30,30,,,False,1,NEW,"[{""organization"": ""Palo Alto Networks Unit 42"", ""article_title"": ""Untracked Nightmares: The Threats Hiding Behind Commodity Infrastructure"", ""url"": ""https://unit42.paloaltonetworks.com/ppi-network-malware-campaign-analysis/"", ""published_at"": ""2026-09-09T10:00:55Z"", ""updated_at"": null, ""reliability"": 0.92}]"
connect.shapeboot.info,domain,Untracked Nightmares: The Threats Hiding Behind Commodity Infrastructure,,,,Palo Alto Networks Unit 42,Untracked Nightmares: The Threats Hiding Behind Commodity Infrastructure,https://unit42.paloaltonetworks.com/ppi-network-malware-campaign-analysis/,2026-09-09T10:00:55Z,,,,2026-09-20T13:00:00.081404Z,68,6,12,66,58,60,60,30,30,,,False,1,NEW,"[{""organization"": ""Palo Alto Networks Unit 42"", ""article_title"": ""Untracked Nightmares: The Threats Hiding Behind Commodity Infrastructure"", ""url"": ""https://unit42.paloaltonetworks.com/ppi-network-malware-campaign-analysis/"", ""published_at"": ""2026-09-09T10:00:55Z"", ""updated_at"": null, ""reliability"": 0.92}]"
connect.shoptax.xyz,domain,Untracked Nightmares: The Threats Hiding Behind Commodity Infrastructure,,,,Palo Alto Networks Unit 42,Untracked Nightmares: The Threats Hiding Behind Commodity Infrastructure,https://unit42.paloaltonetworks.com/ppi-network-malware-campaign-analysis/,2026-09-09T10:00:55Z,,,,2026-09-20T13:00:00.081404Z,68,6,12,66,58,60,60,30,30,,,False,1,NEW,"[{""organization"": ""Palo Alto Networks Unit 42"", ""article_title"": ""Untracked Nightmares: The Threats Hiding Behind Commodity Infrastructure"", ""url"": ""https://unit42.paloaltonetworks.com/ppi-network-malware-campaign-analysis/"", ""published_at"": ""2026-09-09T10:00:55Z"", ""updated_at"": null, ""reliability"": 0.92}]"
connect.stopfinger.info,domain,Untracked Nightmares: The Threats Hiding Behind Commodity Infrastructure,,,,Palo Alto Networks Unit 42,Untracked Nightmares: The Threats Hiding Behind Commodity Infrastructure,https://unit42.paloaltonetworks.com/ppi-network-malware-campaign-analysis/,2026-09-09T10:00:55Z,,,,2026-09-20T13:00:00.081404Z,68,6,12,66,58,60,60,30,30,,,False,1,NEW,"[{""organization"": ""Palo Alto Networks Unit 42"", ""article_title"": ""Untracked Nightmares: The Threats Hiding Behind Commodity Infrastructure"", ""url"": ""https://unit42.paloaltonetworks.com/ppi-network-malware-campaign-analysis/"", ""published_at"": ""2026-09-09T10:00:55Z"", ""updated_at"": null, ""reliability"": 0.92}]"
connect.structurekiss.xyz,domain,Untracked Nightmares: The Threats Hiding Behind Commodity Infrastructure,,,,Palo Alto Networks Unit 42,Untracked Nightmares: The Threats Hiding Behind Commodity Infrastructure,https://unit42.paloaltonetworks.com/ppi-network-malware-campaign-analysis/,2026-09-09T10:00:55Z,,,,2026-09-20T13:00:00.081404Z,68,6,12,66,58,60,60,30,30,,,False,1,NEW,"[{""organization"": ""Palo Alto Networks Unit 42"", ""article_title"": ""Untracked Nightmares: The Threats Hiding Behind Commodity Infrastructure"", ""url"": ""https://unit42.paloaltonetworks.com/ppi-network-malware-campaign-analysis/"", ""published_at"": ""2026-09-09T10:00:55Z"", ""updated_at"": null, ""reliability"": 0.92}]"
connect.tanksuggestion.xyz,domain,Untracked Nightmares: The Threats Hiding Behind Commodity Infrastructure,,,,Palo Alto Networks Unit 42,Untracked Nightmares: The Threats Hiding Behind Commodity Infrastructure,https://unit42.paloaltonetworks.com/ppi-network-malware-campaign-analysis/,2026-09-09T10:00:55Z,,,,2026-09-20T13:00:00.081404Z,68,6,12,66,58,60,60,30,30,,,False,1,NEW,"[{""organization"": ""Palo Alto Networks Unit 42"", ""article_title"": ""Untracked Nightmares: The Threats Hiding Behind Commodity Infrastructure"", ""url"": ""https://unit42.paloaltonetworks.com/ppi-network-malware-campaign-analysis/"", ""published_at"": ""2026-09-09T10:00:55Z"", ""updated_at"": null, ""reliability"": 0.92}]"
connect.thingbrass.xyz,domain,Untracked Nightmares: The Threats Hiding Behind Commodity Infrastructure,,,,Palo Alto Networks Unit 42,Untracked Nightmares: The Threats Hiding Behind Commodity Infrastructure,https://unit42.paloaltonetworks.com/ppi-network-malware-campaign-analysis/,2026-09-09T10:00:55Z,,,,2026-09-20T13:00:00.081404Z,68,6,12,66,58,60,60,30,30,,,False,1,NEW,"[{""organization"": ""Palo Alto Networks Unit 42"", ""article_title"": ""Untracked Nightmares: The Threats Hiding Behind Commodity Infrastructure"", ""url"": ""https://unit42.paloaltonetworks.com/ppi-network-malware-campaign-analysis/"", ""published_at"": ""2026-09-09T10:00:55Z"", ""updated_at"": null, ""reliability"": 0.92}]"
connect.thoughtslave.xyz,domain,Untracked Nightmares: The Threats Hiding Behind Commodity Infrastructure,,,,Palo Alto Networks Unit 42,Untracked Nightmares: The Threats Hiding Behind Commodity Infrastructure,https://unit42.paloaltonetworks.com/ppi-network-malware-campaign-analysis/,2026-09-09T10:00:55Z,,,,2026-09-20T13:00:00.081404Z,68,6,12,66,58,60,60,30,30,,,False,1,NEW,"[{""organization"": ""Palo Alto Networks Unit 42"", ""article_title"": ""Untracked Nightmares: The Threats Hiding Behind Commodity Infrastructure"", ""url"": ""https://unit42.paloaltonetworks.com/ppi-network-malware-campaign-analysis/"", ""published_at"": ""2026-09-09T10:00:55Z"", ""updated_at"": null, ""reliability"": 0.92}]"
connect.threadfuel.xyz,domain,Untracked Nightmares: The Threats Hiding Behind Commodity Infrastructure,,,,Palo Alto Networks Unit 42,Untracked Nightmares: The Threats Hiding Behind Commodity Infrastructure,https://unit42.paloaltonetworks.com/ppi-network-malware-campaign-analysis/,2026-09-09T10:00:55Z,,,,2026-09-20T13:00:00.081404Z,68,6,12,66,58,60,60,30,30,,,False,1,NEW,"[{""organization"": ""Palo Alto Networks Unit 42"", ""article_title"": ""Untracked Nightmares: The Threats Hiding Behind Commodity Infrastructure"", ""url"": ""https://unit42.paloaltonetworks.com/ppi-network-malware-campaign-analysis/"", ""published_at"": ""2026-09-09T10:00:55Z"", ""updated_at"": null, ""reliability"": 0.92}]"
connect.trailcontrol.xyz,domain,Untracked Nightmares: The Threats Hiding Behind Commodity Infrastructure,,,,Palo Alto Networks Unit 42,Untracked Nightmares: The Threats Hiding Behind Commodity Infrastructure,https://unit42.paloaltonetworks.com/ppi-network-malware-campaign-analysis/,2026-09-09T10:00:55Z,,,,2026-09-20T13:00:00.081404Z,68,6,12,66,58,60,60,30,30,,,False,1,NEW,"[{""organization"": ""Palo Alto Networks Unit 42"", ""article_title"": ""Untracked Nightmares: The Threats Hiding Behind Commodity Infrastructure"", ""url"": ""https://unit42.paloaltonetworks.com/ppi-network-malware-campaign-analysis/"", ""published_at"": ""2026-09-09T10:00:55Z"", ""updated_at"": null, ""reliability"": 0.92}]"
connect.trickbushes.info,domain,Untracked Nightmares: The Threats Hiding Behind Commodity Infrastructure,,,,Palo Alto Networks Unit 42,Untracked Nightmares: The Threats Hiding Behind Commodity Infrastructure,https://unit42.paloaltonetworks.com/ppi-network-malware-campaign-analysis/,2026-09-09T10:00:55Z,,,,2026-09-20T13:00:00.081404Z,68,6,12,66,58,60,60,30,30,,,False,1,NEW,"[{""organization"": ""Palo Alto Networks Unit 42"", ""article_title"": ""Untracked Nightmares: The Threats Hiding Behind Commodity Infrastructure"", ""url"": ""https://unit42.paloaltonetworks.com/ppi-network-malware-campaign-analysis/"", ""published_at"": ""2026-09-09T10:00:55Z"", ""updated_at"": null, ""reliability"": 0.92}]"
connect.vacationthought.xyz,domain,Untracked Nightmares: The Threats Hiding Behind Commodity Infrastructure,,,,Palo Alto Networks Unit 42,Untracked Nightmares: The Threats Hiding Behind Commodity Infrastructure,https://unit42.paloaltonetworks.com/ppi-network-malware-campaign-analysis/,2026-09-09T10:00:55Z,,,,2026-09-20T13:00:00.081404Z,68,6,12,66,58,60,60,30,30,,,False,1,NEW,"[{""organization"": ""Palo Alto Networks Unit 42"", ""article_title"": ""Untracked Nightmares: The Threats Hiding Behind Commodity Infrastructure"", ""url"": ""https://unit42.paloaltonetworks.com/ppi-network-malware-campaign-analysis/"", ""published_at"": ""2026-09-09T10:00:55Z"", ""updated_at"": null, ""reliability"": 0.92}]"
connect.viewschool.xyz,domain,Untracked Nightmares: The Threats Hiding Behind Commodity Infrastructure,,,,Palo Alto Networks Unit 42,Untracked Nightmares: The Threats Hiding Behind Commodity Infrastructure,https://unit42.paloaltonetworks.com/ppi-network-malware-campaign-analysis/,2026-09-09T10:00:55Z,,,,2026-09-20T13:00:00.081404Z,68,6,12,66,58,60,60,30,30,,,False,1,NEW,"[{""organization"": ""Palo Alto Networks Unit 42"", ""article_title"": ""Untracked Nightmares: The Threats Hiding Behind Commodity Infrastructure"", ""url"": ""https://unit42.paloaltonetworks.com/ppi-network-malware-campaign-analysis/"", ""published_at"": ""2026-09-09T10:00:55Z"", ""updated_at"": null, ""reliability"": 0.92}]"
connect.voyagelaugh.xyz,domain,Untracked Nightmares: The Threats Hiding Behind Commodity Infrastructure,,,,Palo Alto Networks Unit 42,Untracked Nightmares: The Threats Hiding Behind Commodity Infrastructure,https://unit42.paloaltonetworks.com/ppi-network-malware-campaign-analysis/,2026-09-09T10:00:55Z,,,,2026-09-20T13:00:00.081404Z,68,6,12,66,58,60,60,30,30,,,False,1,NEW,"[{""organization"": ""Palo Alto Networks Unit 42"", ""article_title"": ""Untracked Nightmares: The Threats Hiding Behind Commodity Infrastructure"", ""url"": ""https://unit42.paloaltonetworks.com/ppi-network-malware-campaign-analysis/"", ""published_at"": ""2026-09-09T10:00:55Z"", ""updated_at"": null, ""reliability"": 0.92}]"
connect.woolreward.xyz,domain,Untracked Nightmares: The Threats Hiding Behind Commodity Infrastructure,,,,Palo Alto Networks Unit 42,Untracked Nightmares: The Threats Hiding Behind Commodity Infrastructure,https://unit42.paloaltonetworks.com/ppi-network-malware-campaign-analysis/,2026-09-09T10:00:55Z,,,,2026-09-20T13:00:00.081404Z,68,6,12,66,58,60,60,30,30,,,False,1,NEW,"[{""organization"": ""Palo Alto Networks Unit 42"", ""article_title"": ""Untracked Nightmares: The Threats Hiding Behind Commodity Infrastructure"", ""url"": ""https://unit42.paloaltonetworks.com/ppi-network-malware-campaign-analysis/"", ""published_at"": ""2026-09-09T10:00:55Z"", ""updated_at"": null, ""reliability"": 0.92}]"
connect.yearicicle.xyz,domain,Untracked Nightmares: The Threats Hiding Behind Commodity Infrastructure,,,,Palo Alto Networks Unit 42,Untracked Nightmares: The Threats Hiding Behind Commodity Infrastructure,https://unit42.paloaltonetworks.com/ppi-network-malware-campaign-analysis/,2026-09-09T10:00:55Z,,,,2026-09-20T13:00:00.081404Z,68,6,12,66,58,60,60,30,30,,,False,1,NEW,"[{""organization"": ""Palo Alto Networks Unit 42"", ""article_title"": ""Untracked Nightmares: The Threats Hiding Behind Commodity Infrastructure"", ""url"": ""https://unit42.paloaltonetworks.com/ppi-network-malware-campaign-analysis/"", ""published_at"": ""2026-09-09T10:00:55Z"", ""updated_at"": null, ""reliability"": 0.92}]"
connect.zebratransport.xyz,domain,Untracked Nightmares: The Threats Hiding Behind Commodity Infrastructure,,,,Palo Alto Networks Unit 42,Untracked Nightmares: The Threats Hiding Behind Commodity Infrastructure,https://unit42.paloaltonetworks.com/ppi-network-malware-campaign-analysis/,2026-09-09T10:00:55Z,,,,2026-09-20T13:00:00.081404Z,68,6,12,66,58,60,60,30,30,,,False,1,NEW,"[{""organization"": ""Palo Alto Networks Unit 42"", ""article_title"": ""Untracked Nightmares: The Threats Hiding Behind Commodity Infrastructure"", ""url"": ""https://unit42.paloaltonetworks.com/ppi-network-malware-campaign-analysis/"", ""published_at"": ""2026-09-09T10:00:55Z"", ""updated_at"": null, ""reliability"": 0.92}]"
console.log,domain,JavaScript obfuscation: From party trick to phishing kit,,,,Cisco Talos,JavaScript obfuscation: From party trick to phishing kit,https://blog.talosintelligence.com/javascript-obfuscation-from-party-trick-to-phishing-kit/,2026-08-27T10:00:27Z,2026-09-09T16:08:17Z,,,2026-09-20T13:00:00.081404Z,68,6,12,66,58,60,60,30,30,,,False,1,NEW,"[{""organization"": ""Cisco Talos"", ""article_title"": ""JavaScript obfuscation: From party trick to phishing kit"", ""url"": ""https://blog.talosintelligence.com/javascript-obfuscation-from-party-trick-to-phishing-kit/"", ""published_at"": ""2026-08-27T10:00:27Z"", ""updated_at"": ""2026-09-09T16:08:17Z"", ""reliability"": 0.92}]"
contoso.add-passkey.com,domain,Passkey-themed social engineering leads to identity and cloud compromise | Microsoft Security Blog,,,,Microsoft Threat Intelligence,Passkey-themed social engineering leads to identity and cloud compromise | Microsoft Security Blog,https://www.microsoft.com/en-us/security/blog/2026/09/09/passkey-themed-social-engineering-leads-identity-cloud-compromise/,2026-09-09T17:41:18Z,2026-09-09T17:59:18Z,,,2026-09-20T13:00:00.081404Z,71,6,12,66,59,60,60,30,30,,,False,1,NEW,"[{""organization"": ""Microsoft Threat Intelligence"", ""article_title"": ""Passkey-themed social engineering leads to identity and cloud compromise | Microsoft Security Blog"", ""url"": ""https://www.microsoft.com/en-us/security/blog/2026/09/09/passkey-themed-social-engineering-leads-identity-cloud-compromise/"", ""published_at"": ""2026-09-09T17:41:18Z"", ""updated_at"": ""2026-09-09T17:59:18Z"", ""reliability"": 0.96}]"
controlprice.xyz,domain,Untracked Nightmares: The Threats Hiding Behind Commodity Infrastructure,,,,Palo Alto Networks Unit 42,Untracked Nightmares: The Threats Hiding Behind Commodity Infrastructure,https://unit42.paloaltonetworks.com/ppi-network-malware-campaign-analysis/,2026-09-09T10:00:55Z,,,,2026-09-20T13:00:00.081404Z,68,6,12,66,58,60,60,30,30,,,False,1,NEW,"[{""organization"": ""Palo Alto Networks Unit 42"", ""article_title"": ""Untracked Nightmares: The Threats Hiding Behind Commodity Infrastructure"", ""url"": ""https://unit42.paloaltonetworks.com/ppi-network-malware-campaign-analysis/"", ""published_at"": ""2026-09-09T10:00:55Z"", ""updated_at"": null, ""reliability"": 0.92}]"
coughcoal.icu,domain,Untracked Nightmares: The Threats Hiding Behind Commodity Infrastructure,,,,Palo Alto Networks Unit 42,Untracked Nightmares: The Threats Hiding Behind Commodity Infrastructure,https://unit42.paloaltonetworks.com/ppi-network-malware-campaign-analysis/,2026-09-09T10:00:55Z,,,,2026-09-20T13:00:00.081404Z,68,6,12,66,58,60,60,30,30,,,False,1,NEW,"[{""organization"": ""Palo Alto Networks Unit 42"", ""article_title"": ""Untracked Nightmares: The Threats Hiding Behind Commodity Infrastructure"", ""url"": ""https://unit42.paloaltonetworks.com/ppi-network-malware-campaign-analysis/"", ""published_at"": ""2026-09-09T10:00:55Z"", ""updated_at"": null, ""reliability"": 0.92}]"
countrypipe.space,domain,Untracked Nightmares: The Threats Hiding Behind Commodity Infrastructure,,,,Palo Alto Networks Unit 42,Untracked Nightmares: The Threats Hiding Behind Commodity Infrastructure,https://unit42.paloaltonetworks.com/ppi-network-malware-campaign-analysis/,2026-09-09T10:00:55Z,,,,2026-09-20T13:00:00.081404Z,68,6,12,66,58,60,60,30,30,,,False,1,NEW,"[{""organization"": ""Palo Alto Networks Unit 42"", ""article_title"": ""Untracked Nightmares: The Threats Hiding Behind Commodity Infrastructure"", ""url"": ""https://unit42.paloaltonetworks.com/ppi-network-malware-campaign-analysis/"", ""published_at"": ""2026-09-09T10:00:55Z"", ""updated_at"": null, ""reliability"": 0.92}]"
cowsfoot.xyz,domain,Untracked Nightmares: The Threats Hiding Behind Commodity Infrastructure,,,,Palo Alto Networks Unit 42,Untracked Nightmares: The Threats Hiding Behind Commodity Infrastructure,https://unit42.paloaltonetworks.com/ppi-network-malware-campaign-analysis/,2026-09-09T10:00:55Z,,,,2026-09-20T13:00:00.081404Z,68,6,12,66,58,60,60,30,30,,,False,1,NEW,"[{""organization"": ""Palo Alto Networks Unit 42"", ""article_title"": ""Untracked Nightmares: The Threats Hiding Behind Commodity Infrastructure"", ""url"": ""https://unit42.paloaltonetworks.com/ppi-network-malware-campaign-analysis/"", ""published_at"": ""2026-09-09T10:00:55Z"", ""updated_at"": null, ""reliability"": 0.92}]"
crackfood.space,domain,Untracked Nightmares: The Threats Hiding Behind Commodity Infrastructure,,,,Palo Alto Networks Unit 42,Untracked Nightmares: The Threats Hiding Behind Commodity Infrastructure,https://unit42.paloaltonetworks.com/ppi-network-malware-campaign-analysis/,2026-09-09T10:00:55Z,,,,2026-09-20T13:00:00.081404Z,68,6,12,66,58,60,60,30,30,,,False,1,NEW,"[{""organization"": ""Palo Alto Networks Unit 42"", ""article_title"": ""Untracked Nightmares: The Threats Hiding Behind Commodity Infrastructure"", ""url"": ""https://unit42.paloaltonetworks.com/ppi-network-malware-campaign-analysis/"", ""published_at"": ""2026-09-09T10:00:55Z"", ""updated_at"": null, ""reliability"": 0.92}]"
creamfurniture.space,domain,Untracked Nightmares: The Threats Hiding Behind Commodity Infrastructure,,,,Palo Alto Networks Unit 42,Untracked Nightmares: The Threats Hiding Behind Commodity Infrastructure,https://unit42.paloaltonetworks.com/ppi-network-malware-campaign-analysis/,2026-09-09T10:00:55Z,,,,2026-09-20T13:00:00.081404Z,68,6,12,66,58,60,60,30,30,,,False,1,NEW,"[{""organization"": ""Palo Alto Networks Unit 42"", ""article_title"": ""Untracked Nightmares: The Threats Hiding Behind Commodity Infrastructure"", ""url"": ""https://unit42.paloaltonetworks.com/ppi-network-malware-campaign-analysis/"", ""published_at"": ""2026-09-09T10:00:55Z"", ""updated_at"": null, ""reliability"": 0.92}]"
creditchickens.xyz,domain,Untracked Nightmares: The Threats Hiding Behind Commodity Infrastructure,,,,Palo Alto Networks Unit 42,Untracked Nightmares: The Threats Hiding Behind Commodity Infrastructure,https://unit42.paloaltonetworks.com/ppi-network-malware-campaign-analysis/,2026-09-09T10:00:55Z,,,,2026-09-20T13:00:00.081404Z,68,6,12,66,58,60,60,30,30,,,False,1,NEW,"[{""organization"": ""Palo Alto Networks Unit 42"", ""article_title"": ""Untracked Nightmares: The Threats Hiding Behind Commodity Infrastructure"", ""url"": ""https://unit42.paloaltonetworks.com/ppi-network-malware-campaign-analysis/"", ""published_at"": ""2026-09-09T10:00:55Z"", ""updated_at"": null, ""reliability"": 0.92}]"
crediteducation.cfd,domain,Untracked Nightmares: The Threats Hiding Behind Commodity Infrastructure,,,,Palo Alto Networks Unit 42,Untracked Nightmares: The Threats Hiding Behind Commodity Infrastructure,https://unit42.paloaltonetworks.com/ppi-network-malware-campaign-analysis/,2026-09-09T10:00:55Z,,,,2026-09-20T13:00:00.081404Z,68,6,12,66,58,60,60,30,30,,,False,1,NEW,"[{""organization"": ""Palo Alto Networks Unit 42"", ""article_title"": ""Untracked Nightmares: The Threats Hiding Behind Commodity Infrastructure"", ""url"": ""https://unit42.paloaltonetworks.com/ppi-network-malware-campaign-analysis/"", ""published_at"": ""2026-09-09T10:00:55Z"", ""updated_at"": null, ""reliability"": 0.92}]"
crimestreet.xyz,domain,Untracked Nightmares: The Threats Hiding Behind Commodity Infrastructure,,,,Palo Alto Networks Unit 42,Untracked Nightmares: The Threats Hiding Behind Commodity Infrastructure,https://unit42.paloaltonetworks.com/ppi-network-malware-campaign-analysis/,2026-09-09T10:00:55Z,,,,2026-09-20T13:00:00.081404Z,68,6,12,66,58,60,60,30,30,,,False,1,NEW,"[{""organization"": ""Palo Alto Networks Unit 42"", ""article_title"": ""Untracked Nightmares: The Threats Hiding Behind Commodity Infrastructure"", ""url"": ""https://unit42.paloaltonetworks.com/ppi-network-malware-campaign-analysis/"", ""published_at"": ""2026-09-09T10:00:55Z"", ""updated_at"": null, ""reliability"": 0.92}]"
crimesupport.cfd,domain,Untracked Nightmares: The Threats Hiding Behind Commodity Infrastructure,,,,Palo Alto Networks Unit 42,Untracked Nightmares: The Threats Hiding Behind Commodity Infrastructure,https://unit42.paloaltonetworks.com/ppi-network-malware-campaign-analysis/,2026-09-09T10:00:55Z,,,,2026-09-20T13:00:00.081404Z,68,6,12,66,58,60,60,30,30,,,False,1,NEW,"[{""organization"": ""Palo Alto Networks Unit 42"", ""article_title"": ""Untracked Nightmares: The Threats Hiding Behind Commodity Infrastructure"", ""url"": ""https://unit42.paloaltonetworks.com/ppi-network-malware-campaign-analysis/"", ""published_at"": ""2026-09-09T10:00:55Z"", ""updated_at"": null, ""reliability"": 0.92}]"
crowdstri.com,domain,Untracked Nightmares: The Threats Hiding Behind Commodity Infrastructure,,,,Palo Alto Networks Unit 42,Untracked Nightmares: The Threats Hiding Behind Commodity Infrastructure,https://unit42.paloaltonetworks.com/ppi-network-malware-campaign-analysis/,2026-09-09T10:00:55Z,,,,2026-09-20T13:00:00.081404Z,68,6,12,66,58,60,60,30,30,,,False,1,NEW,"[{""organization"": ""Palo Alto Networks Unit 42"", ""article_title"": ""Untracked Nightmares: The Threats Hiding Behind Commodity Infrastructure"", ""url"": ""https://unit42.paloaltonetworks.com/ppi-network-malware-campaign-analysis/"", ""published_at"": ""2026-09-09T10:00:55Z"", ""updated_at"": null, ""reliability"": 0.92}]"
crowdstrike.com,domain,Untracked Nightmares: The Threats Hiding Behind Commodity Infrastructure,,,,Palo Alto Networks Unit 42,Untracked Nightmares: The Threats Hiding Behind Commodity Infrastructure,https://unit42.paloaltonetworks.com/ppi-network-malware-campaign-analysis/,2026-09-09T10:00:55Z,,,,2026-09-20T13:00:00.081404Z,68,6,12,66,58,60,60,30,30,,,False,1,NEW,"[{""organization"": ""Palo Alto Networks Unit 42"", ""article_title"": ""Untracked Nightmares: The Threats Hiding Behind Commodity Infrastructure"", ""url"": ""https://unit42.paloaltonetworks.com/ppi-network-malware-campaign-analysis/"", ""published_at"": ""2026-09-09T10:00:55Z"", ""updated_at"": null, ""reliability"": 0.92}]"
curvebite.xyz,domain,Untracked Nightmares: The Threats Hiding Behind Commodity Infrastructure,,,,Palo Alto Networks Unit 42,Untracked Nightmares: The Threats Hiding Behind Commodity Infrastructure,https://unit42.paloaltonetworks.com/ppi-network-malware-campaign-analysis/,2026-09-09T10:00:55Z,,,,2026-09-20T13:00:00.081404Z,68,6,12,66,58,60,60,30,30,,,False,1,NEW,"[{""organization"": ""Palo Alto Networks Unit 42"", ""article_title"": ""Untracked Nightmares: The Threats Hiding Behind Commodity Infrastructure"", ""url"": ""https://unit42.paloaltonetworks.com/ppi-network-malware-campaign-analysis/"", ""published_at"": ""2026-09-09T10:00:55Z"", ""updated_at"": null, ""reliability"": 0.92}]"
cybr.sec.con,domain,"We've got one word for it, and it's usually the wrong one",,,,Cisco Talos,"We've got one word for it, and it's usually the wrong one",https://blog.talosintelligence.com/weve-got-one-word-for-it-and-its-usually-the-wrong-one/,2026-09-10T18:00:15Z,2026-09-10T18:00:15Z,,,2026-09-20T13:00:00.081404Z,68,7,12,66,74,60,60,30,30,,,False,1,NEW,"[{""organization"": ""Cisco Talos"", ""article_title"": ""We've got one word for it, and it's usually the wrong one"", ""url"": ""https://blog.talosintelligence.com/weve-got-one-word-for-it-and-its-usually-the-wrong-one/"", ""published_at"": ""2026-09-10T18:00:15Z"", ""updated_at"": ""2026-09-10T18:00:15Z"", ""reliability"": 0.92}]"
czijbh.net,domain,Counterfeit installers to system compromise: Tracking a deceptive software download campaign | Microsoft Security Blog,,,,Microsoft Threat Intelligence,Counterfeit installers to system compromise: Tracking a deceptive software download campaign | Microsoft Security Blog,https://www.microsoft.com/en-us/security/blog/2026/09/01/counterfeit-installers-system-compromise-tracking-deceptive-software-download-campaign/,2026-09-01T22:48:28Z,2026-09-01T22:48:42Z,,,2026-09-20T13:00:00.081404Z,71,6,12,66,59,60,60,30,30,,,False,1,NEW,"[{""organization"": ""Microsoft Threat Intelligence"", ""article_title"": ""Counterfeit installers to system compromise: Tracking a deceptive software download campaign | Microsoft Security Blog"", ""url"": ""https://www.microsoft.com/en-us/security/blog/2026/09/01/counterfeit-installers-system-compromise-tracking-deceptive-software-download-campaign/"", ""published_at"": ""2026-09-01T22:48:28Z"", ""updated_at"": ""2026-09-01T22:48:42Z"", ""reliability"": 0.96}]"
deathrock.xyz,domain,Untracked Nightmares: The Threats Hiding Behind Commodity Infrastructure,,,,Palo Alto Networks Unit 42,Untracked Nightmares: The Threats Hiding Behind Commodity Infrastructure,https://unit42.paloaltonetworks.com/ppi-network-malware-campaign-analysis/,2026-09-09T10:00:55Z,,,,2026-09-20T13:00:00.081404Z,68,6,12,66,58,60,60,30,30,,,False,1,NEW,"[{""organization"": ""Palo Alto Networks Unit 42"", ""article_title"": ""Untracked Nightmares: The Threats Hiding Behind Commodity Infrastructure"", ""url"": ""https://unit42.paloaltonetworks.com/ppi-network-malware-campaign-analysis/"", ""published_at"": ""2026-09-09T10:00:55Z"", ""updated_at"": null, ""reliability"": 0.92}]"
deathshop.xyz,domain,Untracked Nightmares: The Threats Hiding Behind Commodity Infrastructure,,,,Palo Alto Networks Unit 42,Untracked Nightmares: The Threats Hiding Behind Commodity Infrastructure,https://unit42.paloaltonetworks.com/ppi-network-malware-campaign-analysis/,2026-09-09T10:00:55Z,,,,2026-09-20T13:00:00.081404Z,68,6,12,66,58,60,60,30,30,,,False,1,NEW,"[{""organization"": ""Palo Alto Networks Unit 42"", ""article_title"": ""Untracked Nightmares: The Threats Hiding Behind Commodity Infrastructure"", ""url"": ""https://unit42.paloaltonetworks.com/ppi-network-malware-campaign-analysis/"", ""published_at"": ""2026-09-09T10:00:55Z"", ""updated_at"": null, ""reliability"": 0.92}]"
decisionreaction.xyz,domain,Untracked Nightmares: The Threats Hiding Behind Commodity Infrastructure,,,,Palo Alto Networks Unit 42,Untracked Nightmares: The Threats Hiding Behind Commodity Infrastructure,https://unit42.paloaltonetworks.com/ppi-network-malware-campaign-analysis/,2026-09-09T10:00:55Z,,,,2026-09-20T13:00:00.081404Z,68,6,12,66,58,60,60,30,30,,,False,1,NEW,"[{""organization"": ""Palo Alto Networks Unit 42"", ""article_title"": ""Untracked Nightmares: The Threats Hiding Behind Commodity Infrastructure"", ""url"": ""https://unit42.paloaltonetworks.com/ppi-network-malware-campaign-analysis/"", ""published_at"": ""2026-09-09T10:00:55Z"", ""updated_at"": null, ""reliability"": 0.92}]"
digitalcapitalboost.com,domain,ASCII smuggling crosses over from AI prompt injection to phishing evasion | Microsoft Security Blog,,,,Microsoft Threat Intelligence,ASCII smuggling crosses over from AI prompt injection to phishing evasion | Microsoft Security Blog,https://www.microsoft.com/en-us/security/blog/2026/09/03/ascii-smuggling-crosses-over-from-ai-prompt-injection-to-phishing-evasion/,2026-09-03T16:00:00Z,2026-09-03T17:51:06Z,,,2026-09-20T13:00:00.081404Z,71,5,12,66,58,60,60,30,30,,,False,1,NEW,"[{""organization"": ""Microsoft Threat Intelligence"", ""article_title"": ""ASCII smuggling crosses over from AI prompt injection to phishing evasion | Microsoft Security Blog"", ""url"": ""https://www.microsoft.com/en-us/security/blog/2026/09/03/ascii-smuggling-crosses-over-from-ai-prompt-injection-to-phishing-evasion/"", ""published_at"": ""2026-09-03T16:00:00Z"", ""updated_at"": ""2026-09-03T17:51:06Z"", ""reliability"": 0.96}]"
digitalrushcapital.com,domain,ASCII smuggling crosses over from AI prompt injection to phishing evasion | Microsoft Security Blog,,,,Microsoft Threat Intelligence,ASCII smuggling crosses over from AI prompt injection to phishing evasion | Microsoft Security Blog,https://www.microsoft.com/en-us/security/blog/2026/09/03/ascii-smuggling-crosses-over-from-ai-prompt-injection-to-phishing-evasion/,2026-09-03T16:00:00Z,2026-09-03T17:51:06Z,,,2026-09-20T13:00:00.081404Z,71,5,12,66,58,60,60,30,30,,,False,1,NEW,"[{""organization"": ""Microsoft Threat Intelligence"", ""article_title"": ""ASCII smuggling crosses over from AI prompt injection to phishing evasion | Microsoft Security Blog"", ""url"": ""https://www.microsoft.com/en-us/security/blog/2026/09/03/ascii-smuggling-crosses-over-from-ai-prompt-injection-to-phishing-evasion/"", ""published_at"": ""2026-09-03T16:00:00Z"", ""updated_at"": ""2026-09-03T17:51:06Z"", ""reliability"": 0.96}]"
dinosaursjam.cfd,domain,Untracked Nightmares: The Threats Hiding Behind Commodity Infrastructure,,,,Palo Alto Networks Unit 42,Untracked Nightmares: The Threats Hiding Behind Commodity Infrastructure,https://unit42.paloaltonetworks.com/ppi-network-malware-campaign-analysis/,2026-09-09T10:00:55Z,,,,2026-09-20T13:00:00.081404Z,68,6,12,66,58,60,60,30,30,,,False,1,NEW,"[{""organization"": ""Palo Alto Networks Unit 42"", ""article_title"": ""Untracked Nightmares: The Threats Hiding Behind Commodity Infrastructure"", ""url"": ""https://unit42.paloaltonetworks.com/ppi-network-malware-campaign-analysis/"", ""published_at"": ""2026-09-09T10:00:55Z"", ""updated_at"": null, ""reliability"": 0.92}]"
directcapitalboost.com,domain,ASCII smuggling crosses over from AI prompt injection to phishing evasion | Microsoft Security Blog,,,,Microsoft Threat Intelligence,ASCII smuggling crosses over from AI prompt injection to phishing evasion | Microsoft Security Blog,https://www.microsoft.com/en-us/security/blog/2026/09/03/ascii-smuggling-crosses-over-from-ai-prompt-injection-to-phishing-evasion/,2026-09-03T16:00:00Z,2026-09-03T17:51:06Z,,,2026-09-20T13:00:00.081404Z,71,5,12,66,58,60,60,30,30,,,False,1,NEW,"[{""organization"": ""Microsoft Threat Intelligence"", ""article_title"": ""ASCII smuggling crosses over from AI prompt injection to phishing evasion | Microsoft Security Blog"", ""url"": ""https://www.microsoft.com/en-us/security/blog/2026/09/03/ascii-smuggling-crosses-over-from-ai-prompt-injection-to-phishing-evasion/"", ""published_at"": ""2026-09-03T16:00:00Z"", ""updated_at"": ""2026-09-03T17:51:06Z"", ""reliability"": 0.96}]"
directcapitalpulse.com,domain,ASCII smuggling crosses over from AI prompt injection to phishing evasion | Microsoft Security Blog,,,,Microsoft Threat Intelligence,ASCII smuggling crosses over from AI prompt injection to phishing evasion | Microsoft Security Blog,https://www.microsoft.com/en-us/security/blog/2026/09/03/ascii-smuggling-crosses-over-from-ai-prompt-injection-to-phishing-evasion/,2026-09-03T16:00:00Z,2026-09-03T17:51:06Z,,,2026-09-20T13:00:00.081404Z,71,5,12,66,58,60,60,30,30,,,False,1,NEW,"[{""organization"": ""Microsoft Threat Intelligence"", ""article_title"": ""ASCII smuggling crosses over from AI prompt injection to phishing evasion | Microsoft Security Blog"", ""url"": ""https://www.microsoft.com/en-us/security/blog/2026/09/03/ascii-smuggling-crosses-over-from-ai-prompt-injection-to-phishing-evasion/"", ""published_at"": ""2026-09-03T16:00:00Z"", ""updated_at"": ""2026-09-03T17:51:06Z"", ""reliability"": 0.96}]"
distancebedroom.xyz,domain,Untracked Nightmares: The Threats Hiding Behind Commodity Infrastructure,,,,Palo Alto Networks Unit 42,Untracked Nightmares: The Threats Hiding Behind Commodity Infrastructure,https://unit42.paloaltonetworks.com/ppi-network-malware-campaign-analysis/,2026-09-09T10:00:55Z,,,,2026-09-20T13:00:00.081404Z,68,6,12,66,58,60,60,30,30,,,False,1,NEW,"[{""organization"": ""Palo Alto Networks Unit 42"", ""article_title"": ""Untracked Nightmares: The Threats Hiding Behind Commodity Infrastructure"", ""url"": ""https://unit42.paloaltonetworks.com/ppi-network-malware-campaign-analysis/"", ""published_at"": ""2026-09-09T10:00:55Z"", ""updated_at"": null, ""reliability"": 0.92}]"
distributiontheory.cfd,domain,Untracked Nightmares: The Threats Hiding Behind Commodity Infrastructure,,,,Palo Alto Networks Unit 42,Untracked Nightmares: The Threats Hiding Behind Commodity Infrastructure,https://unit42.paloaltonetworks.com/ppi-network-malware-campaign-analysis/,2026-09-09T10:00:55Z,,,,2026-09-20T13:00:00.081404Z,68,6,12,66,58,60,60,30,30,,,False,1,NEW,"[{""organization"": ""Palo Alto Networks Unit 42"", ""article_title"": ""Untracked Nightmares: The Threats Hiding Behind Commodity Infrastructure"", ""url"": ""https://unit42.paloaltonetworks.com/ppi-network-malware-campaign-analysis/"", ""published_at"": ""2026-09-09T10:00:55Z"", ""updated_at"": null, ""reliability"": 0.92}]"
dolldebt.xyz,domain,Untracked Nightmares: The Threats Hiding Behind Commodity Infrastructure,,,,Palo Alto Networks Unit 42,Untracked Nightmares: The Threats Hiding Behind Commodity Infrastructure,https://unit42.paloaltonetworks.com/ppi-network-malware-campaign-analysis/,2026-09-09T10:00:55Z,,,,2026-09-20T13:00:00.081404Z,68,6,12,66,58,60,60,30,30,,,False,1,NEW,"[{""organization"": ""Palo Alto Networks Unit 42"", ""article_title"": ""Untracked Nightmares: The Threats Hiding Behind Commodity Infrastructure"", ""url"": ""https://unit42.paloaltonetworks.com/ppi-network-malware-campaign-analysis/"", ""published_at"": ""2026-09-09T10:00:55Z"", ""updated_at"": null, ""reliability"": 0.92}]"
domainlify.net,domain,Protecting organizations from AI-assisted executive impersonation and invoice fraud | Microsoft Security Blog,,,,Microsoft Threat Intelligence,Protecting organizations from AI-assisted executive impersonation and invoice fraud | Microsoft Security Blog,https://www.microsoft.com/en-us/security/blog/2026/09/10/protecting-organizations-ai-assisted-executive-impersonation-invoice-fraud/,2026-09-10T17:23:05Z,2026-09-10T17:23:07Z,,,2026-09-20T13:00:00.081404Z,71,6,12,66,59,60,60,30,30,,,False,1,NEW,"[{""organization"": ""Microsoft Threat Intelligence"", ""article_title"": ""Protecting organizations from AI-assisted executive impersonation and invoice fraud | Microsoft Security Blog"", ""url"": ""https://www.microsoft.com/en-us/security/blog/2026/09/10/protecting-organizations-ai-assisted-executive-impersonation-invoice-fraud/"", ""published_at"": ""2026-09-10T17:23:05Z"", ""updated_at"": ""2026-09-10T17:23:07Z"", ""reliability"": 0.96}]"
doorsoap.cfd,domain,Untracked Nightmares: The Threats Hiding Behind Commodity Infrastructure,,,,Palo Alto Networks Unit 42,Untracked Nightmares: The Threats Hiding Behind Commodity Infrastructure,https://unit42.paloaltonetworks.com/ppi-network-malware-campaign-analysis/,2026-09-09T10:00:55Z,,,,2026-09-20T13:00:00.081404Z,68,6,12,66,58,60,60,30,30,,,False,1,NEW,"[{""organization"": ""Palo Alto Networks Unit 42"", ""article_title"": ""Untracked Nightmares: The Threats Hiding Behind Commodity Infrastructure"", ""url"": ""https://unit42.paloaltonetworks.com/ppi-network-malware-campaign-analysis/"", ""published_at"": ""2026-09-09T10:00:55Z"", ""updated_at"": null, ""reliability"": 0.92}]"
drelto.info,domain,Untracked Nightmares: The Threats Hiding Behind Commodity Infrastructure,,,,Palo Alto Networks Unit 42,Untracked Nightmares: The Threats Hiding Behind Commodity Infrastructure,https://unit42.paloaltonetworks.com/ppi-network-malware-campaign-analysis/,2026-09-09T10:00:55Z,,,,2026-09-20T13:00:00.081404Z,68,6,12,66,58,60,60,30,30,,,False,1,NEW,"[{""organization"": ""Palo Alto Networks Unit 42"", ""article_title"": ""Untracked Nightmares: The Threats Hiding Behind Commodity Infrastructure"", ""url"": ""https://unit42.paloaltonetworks.com/ppi-network-malware-campaign-analysis/"", ""published_at"": ""2026-09-09T10:00:55Z"", ""updated_at"": null, ""reliability"": 0.92}]"
dssdfvsdfvsdfvsdgbfbdvdzv.org,domain,Impersonating IT support: how threat actors turn a remote session into enterprise-wide access | Microsoft Security Blog,,,,Microsoft Threat Intelligence,Impersonating IT support: how threat actors turn a remote session into enterprise-wide access | Microsoft Security Blog,https://www.microsoft.com/en-us/security/blog/2026/09/02/impersonating-it-support-threat-actors-turn-remote-session-into-enterprise-wide-access/,2026-09-02T22:51:18Z,2026-09-02T22:51:21Z,,,2026-09-20T13:00:00.081404Z,71,8,12,66,61,60,60,30,30,,,False,1,NEW,"[{""organization"": ""Microsoft Threat Intelligence"", ""article_title"": ""Impersonating IT support: how threat actors turn a remote session into enterprise-wide access | Microsoft Security Blog"", ""url"": ""https://www.microsoft.com/en-us/security/blog/2026/09/02/impersonating-it-support-threat-actors-turn-remote-session-into-enterprise-wide-access/"", ""published_at"": ""2026-09-02T22:51:18Z"", ""updated_at"": ""2026-09-02T22:51:21Z"", ""reliability"": 0.96}]"
dustprotest.icu,domain,Untracked Nightmares: The Threats Hiding Behind Commodity Infrastructure,,,,Palo Alto Networks Unit 42,Untracked Nightmares: The Threats Hiding Behind Commodity Infrastructure,https://unit42.paloaltonetworks.com/ppi-network-malware-campaign-analysis/,2026-09-09T10:00:55Z,,,,2026-09-20T13:00:00.081404Z,68,6,12,66,58,60,60,30,30,,,False,1,NEW,"[{""organization"": ""Palo Alto Networks Unit 42"", ""article_title"": ""Untracked Nightmares: The Threats Hiding Behind Commodity Infrastructure"", ""url"": ""https://unit42.paloaltonetworks.com/ppi-network-malware-campaign-analysis/"", ""published_at"": ""2026-09-09T10:00:55Z"", ""updated_at"": null, ""reliability"": 0.92}]"
dw.xrsdownload.com,domain,Untracked Nightmares: The Threats Hiding Behind Commodity Infrastructure,,,,Palo Alto Networks Unit 42,Untracked Nightmares: The Threats Hiding Behind Commodity Infrastructure,https://unit42.paloaltonetworks.com/ppi-network-malware-campaign-analysis/,2026-09-09T10:00:55Z,,,,2026-09-20T13:00:00.081404Z,68,6,12,66,58,60,60,30,30,,,False,1,NEW,"[{""organization"": ""Palo Alto Networks Unit 42"", ""article_title"": ""Untracked Nightmares: The Threats Hiding Behind Commodity Infrastructure"", ""url"": ""https://unit42.paloaltonetworks.com/ppi-network-malware-campaign-analysis/"", ""published_at"": ""2026-09-09T10:00:55Z"", ""updated_at"": null, ""reliability"": 0.92}]"
edctgwib2n5l34t525zkxqzk5bqb6e5il2yiq5r6zu7gtlxa4uosn3qd.onion,domain,Kimwolf v7: An Evolution of the Kimwolf Botnet,,,,Palo Alto Networks Unit 42,Kimwolf v7: An Evolution of the Kimwolf Botnet,https://unit42.paloaltonetworks.com/kimwolf-v7-botnet-malware/,2026-08-11T10:00:16Z,2026-08-19T12:03:26Z,,,2026-09-20T13:00:00.081404Z,68,6,8,66,54,60,60,30,30,,,False,1,NEW,"[{""organization"": ""Palo Alto Networks Unit 42"", ""article_title"": ""Kimwolf v7: An Evolution of the Kimwolf Botnet"", ""url"": ""https://unit42.paloaltonetworks.com/kimwolf-v7-botnet-malware/"", ""published_at"": ""2026-08-11T10:00:16Z"", ""updated_at"": ""2026-08-19T12:03:26Z"", ""reliability"": 0.92}]"
eld2.tmp,domain,Untracked Nightmares: The Threats Hiding Behind Commodity Infrastructure,,,,Palo Alto Networks Unit 42,Untracked Nightmares: The Threats Hiding Behind Commodity Infrastructure,https://unit42.paloaltonetworks.com/ppi-network-malware-campaign-analysis/,2026-09-09T10:00:55Z,,,,2026-09-20T13:00:00.081404Z,68,6,12,66,58,60,60,30,30,,,False,1,NEW,"[{""organization"": ""Palo Alto Networks Unit 42"", ""article_title"": ""Untracked Nightmares: The Threats Hiding Behind Commodity Infrastructure"", ""url"": ""https://unit42.paloaltonetworks.com/ppi-network-malware-campaign-analysis/"", ""published_at"": ""2026-09-09T10:00:55Z"", ""updated_at"": null, ""reliability"": 0.92}]"
elevatecapitalrush.com,domain,ASCII smuggling crosses over from AI prompt injection to phishing evasion | Microsoft Security Blog,,,,Microsoft Threat Intelligence,ASCII smuggling crosses over from AI prompt injection to phishing evasion | Microsoft Security Blog,https://www.microsoft.com/en-us/security/blog/2026/09/03/ascii-smuggling-crosses-over-from-ai-prompt-injection-to-phishing-evasion/,2026-09-03T16:00:00Z,2026-09-03T17:51:06Z,,,2026-09-20T13:00:00.081404Z,71,5,12,66,58,60,60,30,30,,,False,1,NEW,"[{""organization"": ""Microsoft Threat Intelligence"", ""article_title"": ""ASCII smuggling crosses over from AI prompt injection to phishing evasion | Microsoft Security Blog"", ""url"": ""https://www.microsoft.com/en-us/security/blog/2026/09/03/ascii-smuggling-crosses-over-from-ai-prompt-injection-to-phishing-evasion/"", ""published_at"": ""2026-09-03T16:00:00Z"", ""updated_at"": ""2026-09-03T17:51:06Z"", ""reliability"": 0.96}]"
emsd4.com,domain,ASCII smuggling crosses over from AI prompt injection to phishing evasion | Microsoft Security Blog,,,,Microsoft Threat Intelligence,ASCII smuggling crosses over from AI prompt injection to phishing evasion | Microsoft Security Blog,https://www.microsoft.com/en-us/security/blog/2026/09/03/ascii-smuggling-crosses-over-from-ai-prompt-injection-to-phishing-evasion/,2026-09-03T16:00:00Z,2026-09-03T17:51:06Z,,,2026-09-20T13:00:00.081404Z,71,5,12,66,58,60,60,30,30,,,False,1,NEW,"[{""organization"": ""Microsoft Threat Intelligence"", ""article_title"": ""ASCII smuggling crosses over from AI prompt injection to phishing evasion | Microsoft Security Blog"", ""url"": ""https://www.microsoft.com/en-us/security/blog/2026/09/03/ascii-smuggling-crosses-over-from-ai-prompt-injection-to-phishing-evasion/"", ""published_at"": ""2026-09-03T16:00:00Z"", ""updated_at"": ""2026-09-03T17:51:06Z"", ""reliability"": 0.96}]"
eth.rpcuniverse.com,domain,Kimwolf v7: An Evolution of the Kimwolf Botnet,,,,Palo Alto Networks Unit 42,Kimwolf v7: An Evolution of the Kimwolf Botnet,https://unit42.paloaltonetworks.com/kimwolf-v7-botnet-malware/,2026-08-11T10:00:16Z,2026-08-19T12:03:26Z,,,2026-09-20T13:00:00.081404Z,68,6,8,66,54,60,60,30,30,,,False,1,NEW,"[{""organization"": ""Palo Alto Networks Unit 42"", ""article_title"": ""Kimwolf v7: An Evolution of the Kimwolf Botnet"", ""url"": ""https://unit42.paloaltonetworks.com/kimwolf-v7-botnet-malware/"", ""published_at"": ""2026-08-11T10:00:16Z"", ""updated_at"": ""2026-08-19T12:03:26Z"", ""reliability"": 0.92}]"
euioxu.net,domain,Counterfeit installers to system compromise: Tracking a deceptive software download campaign | Microsoft Security Blog,,,,Microsoft Threat Intelligence,Counterfeit installers to system compromise: Tracking a deceptive software download campaign | Microsoft Security Blog,https://www.microsoft.com/en-us/security/blog/2026/09/01/counterfeit-installers-system-compromise-tracking-deceptive-software-download-campaign/,2026-09-01T22:48:28Z,2026-09-01T22:48:42Z,,,2026-09-20T13:00:00.081404Z,71,6,12,66,59,60,60,30,30,,,False,1,NEW,"[{""organization"": ""Microsoft Threat Intelligence"", ""article_title"": ""Counterfeit installers to system compromise: Tracking a deceptive software download campaign | Microsoft Security Blog"", ""url"": ""https://www.microsoft.com/en-us/security/blog/2026/09/01/counterfeit-installers-system-compromise-tracking-deceptive-software-download-campaign/"", ""published_at"": ""2026-09-01T22:48:28Z"", ""updated_at"": ""2026-09-01T22:48:42Z"", ""reliability"": 0.96}]"
expansionsalt.info,domain,Untracked Nightmares: The Threats Hiding Behind Commodity Infrastructure,,,,Palo Alto Networks Unit 42,Untracked Nightmares: The Threats Hiding Behind Commodity Infrastructure,https://unit42.paloaltonetworks.com/ppi-network-malware-campaign-analysis/,2026-09-09T10:00:55Z,,,,2026-09-20T13:00:00.081404Z,68,6,12,66,58,60,60,30,30,,,False,1,NEW,"[{""organization"": ""Palo Alto Networks Unit 42"", ""article_title"": ""Untracked Nightmares: The Threats Hiding Behind Commodity Infrastructure"", ""url"": ""https://unit42.paloaltonetworks.com/ppi-network-malware-campaign-analysis/"", ""published_at"": ""2026-09-09T10:00:55Z"", ""updated_at"": null, ""reliability"": 0.92}]"
exploit.in,domain,Threat Brief: Mitigating Large-Scale Credential Attacks (Updated August 18),,,,Palo Alto Networks Unit 42,Threat Brief: Mitigating Large-Scale Credential Attacks (Updated August 18),https://unit42.paloaltonetworks.com/large-scale-credential-attacks/,2026-08-18T19:05:33Z,2026-08-18T22:02:20Z,,,2026-09-20T13:00:00.081404Z,68,7,8,66,55,60,60,30,30,,,False,1,NEW,"[{""organization"": ""Palo Alto Networks Unit 42"", ""article_title"": ""Threat Brief: Mitigating Large-Scale Credential Attacks (Updated August 18)"", ""url"": ""https://unit42.paloaltonetworks.com/large-scale-credential-attacks/"", ""published_at"": ""2026-08-18T19:05:33Z"", ""updated_at"": ""2026-08-18T22:02:20Z"", ""reliability"": 0.92}]"
extentrack.com,domain,Untracked Nightmares: The Threats Hiding Behind Commodity Infrastructure,,,,Palo Alto Networks Unit 42,Untracked Nightmares: The Threats Hiding Behind Commodity Infrastructure,https://unit42.paloaltonetworks.com/ppi-network-malware-campaign-analysis/,2026-09-09T10:00:55Z,,,,2026-09-20T13:00:00.081404Z,68,6,12,66,58,60,60,30,30,,,False,1,NEW,"[{""organization"": ""Palo Alto Networks Unit 42"", ""article_title"": ""Untracked Nightmares: The Threats Hiding Behind Commodity Infrastructure"", ""url"": ""https://unit42.paloaltonetworks.com/ppi-network-malware-campaign-analysis/"", ""published_at"": ""2026-09-09T10:00:55Z"", ""updated_at"": null, ""reliability"": 0.92}]"
fallbeginner.xyz,domain,Untracked Nightmares: The Threats Hiding Behind Commodity Infrastructure,,,,Palo Alto Networks Unit 42,Untracked Nightmares: The Threats Hiding Behind Commodity Infrastructure,https://unit42.paloaltonetworks.com/ppi-network-malware-campaign-analysis/,2026-09-09T10:00:55Z,,,,2026-09-20T13:00:00.081404Z,68,6,12,66,58,60,60,30,30,,,False,1,NEW,"[{""organization"": ""Palo Alto Networks Unit 42"", ""article_title"": ""Untracked Nightmares: The Threats Hiding Behind Commodity Infrastructure"", ""url"": ""https://unit42.paloaltonetworks.com/ppi-network-malware-campaign-analysis/"", ""published_at"": ""2026-09-09T10:00:55Z"", ""updated_at"": null, ""reliability"": 0.92}]"
fangbear.xyz,domain,Untracked Nightmares: The Threats Hiding Behind Commodity Infrastructure,,,,Palo Alto Networks Unit 42,Untracked Nightmares: The Threats Hiding Behind Commodity Infrastructure,https://unit42.paloaltonetworks.com/ppi-network-malware-campaign-analysis/,2026-09-09T10:00:55Z,,,,2026-09-20T13:00:00.081404Z,68,6,12,66,58,60,60,30,30,,,False,1,NEW,"[{""organization"": ""Palo Alto Networks Unit 42"", ""article_title"": ""Untracked Nightmares: The Threats Hiding Behind Commodity Infrastructure"", ""url"": ""https://unit42.paloaltonetworks.com/ppi-network-malware-campaign-analysis/"", ""published_at"": ""2026-09-09T10:00:55Z"", ""updated_at"": null, ""reliability"": 0.92}]"
fd.gstats-api-contact.cc,domain,"ClearFake WebDAV infection chain delivers Amatera stealer, ZigCryptoStealer, and NetSupport Manager",,,,Cisco Talos,"ClearFake WebDAV infection chain delivers Amatera stealer, ZigCryptoStealer, and NetSupport Manager",https://blog.talosintelligence.com/clearfake-webdav-infection-chain/,2026-09-08T10:01:07Z,2026-09-10T09:03:00Z,,,2026-09-20T13:00:00.081404Z,68,6,12,66,58,60,60,30,30,,,False,1,NEW,"[{""organization"": ""Cisco Talos"", ""article_title"": ""ClearFake WebDAV infection chain delivers Amatera stealer, ZigCryptoStealer, and NetSupport Manager"", ""url"": ""https://blog.talosintelligence.com/clearfake-webdav-infection-chain/"", ""published_at"": ""2026-09-08T10:01:07Z"", ""updated_at"": ""2026-09-10T09:03:00Z"", ""reliability"": 0.92}]"
filescenter.cloud,domain,Untracked Nightmares: The Threats Hiding Behind Commodity Infrastructure,,,,Palo Alto Networks Unit 42,Untracked Nightmares: The Threats Hiding Behind Commodity Infrastructure,https://unit42.paloaltonetworks.com/ppi-network-malware-campaign-analysis/,2026-09-09T10:00:55Z,,,,2026-09-20T13:00:00.081404Z,68,6,12,66,58,60,60,30,30,,,False,1,NEW,"[{""organization"": ""Palo Alto Networks Unit 42"", ""article_title"": ""Untracked Nightmares: The Threats Hiding Behind Commodity Infrastructure"", ""url"": ""https://unit42.paloaltonetworks.com/ppi-network-malware-campaign-analysis/"", ""published_at"": ""2026-09-09T10:00:55Z"", ""updated_at"": null, ""reliability"": 0.92}]"
filescloud.pro,domain,Untracked Nightmares: The Threats Hiding Behind Commodity Infrastructure,,,,Palo Alto Networks Unit 42,Untracked Nightmares: The Threats Hiding Behind Commodity Infrastructure,https://unit42.paloaltonetworks.com/ppi-network-malware-campaign-analysis/,2026-09-09T10:00:55Z,,,,2026-09-20T13:00:00.081404Z,68,6,12,66,58,60,60,30,30,,,False,1,NEW,"[{""organization"": ""Palo Alto Networks Unit 42"", ""article_title"": ""Untracked Nightmares: The Threats Hiding Behind Commodity Infrastructure"", ""url"": ""https://unit42.paloaltonetworks.com/ppi-network-malware-campaign-analysis/"", ""published_at"": ""2026-09-09T10:00:55Z"", ""updated_at"": null, ""reliability"": 0.92}]"
filesilo.cloud,domain,Untracked Nightmares: The Threats Hiding Behind Commodity Infrastructure,,,,Palo Alto Networks Unit 42,Untracked Nightmares: The Threats Hiding Behind Commodity Infrastructure,https://unit42.paloaltonetworks.com/ppi-network-malware-campaign-analysis/,2026-09-09T10:00:55Z,,,,2026-09-20T13:00:00.081404Z,68,6,12,66,58,60,60,30,30,,,False,1,NEW,"[{""organization"": ""Palo Alto Networks Unit 42"", ""article_title"": ""Untracked Nightmares: The Threats Hiding Behind Commodity Infrastructure"", ""url"": ""https://unit42.paloaltonetworks.com/ppi-network-malware-campaign-analysis/"", ""published_at"": ""2026-09-09T10:00:55Z"", ""updated_at"": null, ""reliability"": 0.92}]"
filexstorage.site,domain,Untracked Nightmares: The Threats Hiding Behind Commodity Infrastructure,,,,Palo Alto Networks Unit 42,Untracked Nightmares: The Threats Hiding Behind Commodity Infrastructure,https://unit42.paloaltonetworks.com/ppi-network-malware-campaign-analysis/,2026-09-09T10:00:55Z,,,,2026-09-20T13:00:00.081404Z,68,6,12,66,58,60,60,30,30,,,False,1,NEW,"[{""organization"": ""Palo Alto Networks Unit 42"", ""article_title"": ""Untracked Nightmares: The Threats Hiding Behind Commodity Infrastructure"", ""url"": ""https://unit42.paloaltonetworks.com/ppi-network-malware-campaign-analysis/"", ""published_at"": ""2026-09-09T10:00:55Z"", ""updated_at"": null, ""reliability"": 0.92}]"
finersto.com,domain,Untracked Nightmares: The Threats Hiding Behind Commodity Infrastructure,,,,Palo Alto Networks Unit 42,Untracked Nightmares: The Threats Hiding Behind Commodity Infrastructure,https://unit42.paloaltonetworks.com/ppi-network-malware-campaign-analysis/,2026-09-09T10:00:55Z,,,,2026-09-20T13:00:00.081404Z,68,6,12,66,58,60,60,30,30,,,False,1,NEW,"[{""organization"": ""Palo Alto Networks Unit 42"", ""article_title"": ""Untracked Nightmares: The Threats Hiding Behind Commodity Infrastructure"", ""url"": ""https://unit42.paloaltonetworks.com/ppi-network-malware-campaign-analysis/"", ""published_at"": ""2026-09-09T10:00:55Z"", ""updated_at"": null, ""reliability"": 0.92}]"
fingerbasketball.xyz,domain,Untracked Nightmares: The Threats Hiding Behind Commodity Infrastructure,,,,Palo Alto Networks Unit 42,Untracked Nightmares: The Threats Hiding Behind Commodity Infrastructure,https://unit42.paloaltonetworks.com/ppi-network-malware-campaign-analysis/,2026-09-09T10:00:55Z,,,,2026-09-20T13:00:00.081404Z,68,6,12,66,58,60,60,30,30,,,False,1,NEW,"[{""organization"": ""Palo Alto Networks Unit 42"", ""article_title"": ""Untracked Nightmares: The Threats Hiding Behind Commodity Infrastructure"", ""url"": ""https://unit42.paloaltonetworks.com/ppi-network-malware-campaign-analysis/"", ""published_at"": ""2026-09-09T10:00:55Z"", ""updated_at"": null, ""reliability"": 0.92}]"
flavorwood.xyz,domain,Untracked Nightmares: The Threats Hiding Behind Commodity Infrastructure,,,,Palo Alto Networks Unit 42,Untracked Nightmares: The Threats Hiding Behind Commodity Infrastructure,https://unit42.paloaltonetworks.com/ppi-network-malware-campaign-analysis/,2026-09-09T10:00:55Z,,,,2026-09-20T13:00:00.081404Z,68,6,12,66,58,60,60,30,30,,,False,1,NEW,"[{""organization"": ""Palo Alto Networks Unit 42"", ""article_title"": ""Untracked Nightmares: The Threats Hiding Behind Commodity Infrastructure"", ""url"": ""https://unit42.paloaltonetworks.com/ppi-network-malware-campaign-analysis/"", ""published_at"": ""2026-09-09T10:00:55Z"", ""updated_at"": null, ""reliability"": 0.92}]"
fleshfrog.xyz,domain,Untracked Nightmares: The Threats Hiding Behind Commodity Infrastructure,,,,Palo Alto Networks Unit 42,Untracked Nightmares: The Threats Hiding Behind Commodity Infrastructure,https://unit42.paloaltonetworks.com/ppi-network-malware-campaign-analysis/,2026-09-09T10:00:55Z,,,,2026-09-20T13:00:00.081404Z,68,6,12,66,58,60,60,30,30,,,False,1,NEW,"[{""organization"": ""Palo Alto Networks Unit 42"", ""article_title"": ""Untracked Nightmares: The Threats Hiding Behind Commodity Infrastructure"", ""url"": ""https://unit42.paloaltonetworks.com/ppi-network-malware-campaign-analysis/"", ""published_at"": ""2026-09-09T10:00:55Z"", ""updated_at"": null, ""reliability"": 0.92}]"
fleshplants.xyz,domain,Untracked Nightmares: The Threats Hiding Behind Commodity Infrastructure,,,,Palo Alto Networks Unit 42,Untracked Nightmares: The Threats Hiding Behind Commodity Infrastructure,https://unit42.paloaltonetworks.com/ppi-network-malware-campaign-analysis/,2026-09-09T10:00:55Z,,,,2026-09-20T13:00:00.081404Z,68,6,12,66,58,60,60,30,30,,,False,1,NEW,"[{""organization"": ""Palo Alto Networks Unit 42"", ""article_title"": ""Untracked Nightmares: The Threats Hiding Behind Commodity Infrastructure"", ""url"": ""https://unit42.paloaltonetworks.com/ppi-network-malware-campaign-analysis/"", ""published_at"": ""2026-09-09T10:00:55Z"", ""updated_at"": null, ""reliability"": 0.92}]"
fleshproduce.xyz,domain,Untracked Nightmares: The Threats Hiding Behind Commodity Infrastructure,,,,Palo Alto Networks Unit 42,Untracked Nightmares: The Threats Hiding Behind Commodity Infrastructure,https://unit42.paloaltonetworks.com/ppi-network-malware-campaign-analysis/,2026-09-09T10:00:55Z,,,,2026-09-20T13:00:00.081404Z,68,6,12,66,58,60,60,30,30,,,False,1,NEW,"[{""organization"": ""Palo Alto Networks Unit 42"", ""article_title"": ""Untracked Nightmares: The Threats Hiding Behind Commodity Infrastructure"", ""url"": ""https://unit42.paloaltonetworks.com/ppi-network-malware-campaign-analysis/"", ""published_at"": ""2026-09-09T10:00:55Z"", ""updated_at"": null, ""reliability"": 0.92}]"
foodrock.space,domain,Untracked Nightmares: The Threats Hiding Behind Commodity Infrastructure,,,,Palo Alto Networks Unit 42,Untracked Nightmares: The Threats Hiding Behind Commodity Infrastructure,https://unit42.paloaltonetworks.com/ppi-network-malware-campaign-analysis/,2026-09-09T10:00:55Z,,,,2026-09-20T13:00:00.081404Z,68,6,12,66,58,60,60,30,30,,,False,1,NEW,"[{""organization"": ""Palo Alto Networks Unit 42"", ""article_title"": ""Untracked Nightmares: The Threats Hiding Behind Commodity Infrastructure"", ""url"": ""https://unit42.paloaltonetworks.com/ppi-network-malware-campaign-analysis/"", ""published_at"": ""2026-09-09T10:00:55Z"", ""updated_at"": null, ""reliability"": 0.92}]"
forkmice.xyz,domain,Untracked Nightmares: The Threats Hiding Behind Commodity Infrastructure,,,,Palo Alto Networks Unit 42,Untracked Nightmares: The Threats Hiding Behind Commodity Infrastructure,https://unit42.paloaltonetworks.com/ppi-network-malware-campaign-analysis/,2026-09-09T10:00:55Z,,,,2026-09-20T13:00:00.081404Z,68,6,12,66,58,60,60,30,30,,,False,1,NEW,"[{""organization"": ""Palo Alto Networks Unit 42"", ""article_title"": ""Untracked Nightmares: The Threats Hiding Behind Commodity Infrastructure"", ""url"": ""https://unit42.paloaltonetworks.com/ppi-network-malware-campaign-analysis/"", ""published_at"": ""2026-09-09T10:00:55Z"", ""updated_at"": null, ""reliability"": 0.92}]"
friendjewel.cfd,domain,Untracked Nightmares: The Threats Hiding Behind Commodity Infrastructure,,,,Palo Alto Networks Unit 42,Untracked Nightmares: The Threats Hiding Behind Commodity Infrastructure,https://unit42.paloaltonetworks.com/ppi-network-malware-campaign-analysis/,2026-09-09T10:00:55Z,,,,2026-09-20T13:00:00.081404Z,68,6,12,66,58,60,60,30,30,,,False,1,NEW,"[{""organization"": ""Palo Alto Networks Unit 42"", ""article_title"": ""Untracked Nightmares: The Threats Hiding Behind Commodity Infrastructure"", ""url"": ""https://unit42.paloaltonetworks.com/ppi-network-malware-campaign-analysis/"", ""published_at"": ""2026-09-09T10:00:55Z"", ""updated_at"": null, ""reliability"": 0.92}]"
fundingexpresscapital.com,domain,ASCII smuggling crosses over from AI prompt injection to phishing evasion | Microsoft Security Blog,,,,Microsoft Threat Intelligence,ASCII smuggling crosses over from AI prompt injection to phishing evasion | Microsoft Security Blog,https://www.microsoft.com/en-us/security/blog/2026/09/03/ascii-smuggling-crosses-over-from-ai-prompt-injection-to-phishing-evasion/,2026-09-03T16:00:00Z,2026-09-03T17:51:06Z,,,2026-09-20T13:00:00.081404Z,71,5,12,66,58,60,60,30,30,,,False,1,NEW,"[{""organization"": ""Microsoft Threat Intelligence"", ""article_title"": ""ASCII smuggling crosses over from AI prompt injection to phishing evasion | Microsoft Security Blog"", ""url"": ""https://www.microsoft.com/en-us/security/blog/2026/09/03/ascii-smuggling-crosses-over-from-ai-prompt-injection-to-phishing-evasion/"", ""published_at"": ""2026-09-03T16:00:00Z"", ""updated_at"": ""2026-09-03T17:51:06Z"", ""reliability"": 0.96}]"
geeseairport.xyz,domain,Untracked Nightmares: The Threats Hiding Behind Commodity Infrastructure,,,,Palo Alto Networks Unit 42,Untracked Nightmares: The Threats Hiding Behind Commodity Infrastructure,https://unit42.paloaltonetworks.com/ppi-network-malware-campaign-analysis/,2026-09-09T10:00:55Z,,,,2026-09-20T13:00:00.081404Z,68,6,12,66,58,60,60,30,30,,,False,1,NEW,"[{""organization"": ""Palo Alto Networks Unit 42"", ""article_title"": ""Untracked Nightmares: The Threats Hiding Behind Commodity Infrastructure"", ""url"": ""https://unit42.paloaltonetworks.com/ppi-network-malware-campaign-analysis/"", ""published_at"": ""2026-09-09T10:00:55Z"", ""updated_at"": null, ""reliability"": 0.92}]"
gehie246.com,domain,Counterfeit installers to system compromise: Tracking a deceptive software download campaign | Microsoft Security Blog,,,,Microsoft Threat Intelligence,Counterfeit installers to system compromise: Tracking a deceptive software download campaign | Microsoft Security Blog,https://www.microsoft.com/en-us/security/blog/2026/09/01/counterfeit-installers-system-compromise-tracking-deceptive-software-download-campaign/,2026-09-01T22:48:28Z,2026-09-01T22:48:42Z,,,2026-09-20T13:00:00.081404Z,71,6,12,66,59,60,60,30,30,,,False,1,NEW,"[{""organization"": ""Microsoft Threat Intelligence"", ""article_title"": ""Counterfeit installers to system compromise: Tracking a deceptive software download campaign | Microsoft Security Blog"", ""url"": ""https://www.microsoft.com/en-us/security/blog/2026/09/01/counterfeit-installers-system-compromise-tracking-deceptive-software-download-campaign/"", ""published_at"": ""2026-09-01T22:48:28Z"", ""updated_at"": ""2026-09-01T22:48:42Z"", ""reliability"": 0.96}]"
getmacouscloud.com,domain,Atomic macOS (AMOS) Stealer Activity,,,,Palo Alto Networks Unit 42,Atomic macOS (AMOS) Stealer Activity,https://unit42.paloaltonetworks.com/atomic-macos-amos-stealer-activity/,2026-09-16T10:00:06Z,2026-09-16T16:50:27Z,,,2026-09-20T13:00:00.081404Z,68,7,15,66,62,60,60,30,30,,,False,1,NEW,"[{""organization"": ""Palo Alto Networks Unit 42"", ""article_title"": ""Atomic macOS (AMOS) Stealer Activity"", ""url"": ""https://unit42.paloaltonetworks.com/atomic-macos-amos-stealer-activity/"", ""published_at"": ""2026-09-16T10:00:06Z"", ""updated_at"": ""2026-09-16T16:50:27Z"", ""reliability"": 0.92}]"
girlsgrain.xyz,domain,Untracked Nightmares: The Threats Hiding Behind Commodity Infrastructure,,,,Palo Alto Networks Unit 42,Untracked Nightmares: The Threats Hiding Behind Commodity Infrastructure,https://unit42.paloaltonetworks.com/ppi-network-malware-campaign-analysis/,2026-09-09T10:00:55Z,,,,2026-09-20T13:00:00.081404Z,68,6,12,66,58,60,60,30,30,,,False,1,NEW,"[{""organization"": ""Palo Alto Networks Unit 42"", ""article_title"": ""Untracked Nightmares: The Threats Hiding Behind Commodity Infrastructure"", ""url"": ""https://unit42.paloaltonetworks.com/ppi-network-malware-campaign-analysis/"", ""published_at"": ""2026-09-09T10:00:55Z"", ""updated_at"": null, ""reliability"": 0.92}]"
glassmove.xyz,domain,Untracked Nightmares: The Threats Hiding Behind Commodity Infrastructure,,,,Palo Alto Networks Unit 42,Untracked Nightmares: The Threats Hiding Behind Commodity Infrastructure,https://unit42.paloaltonetworks.com/ppi-network-malware-campaign-analysis/,2026-09-09T10:00:55Z,,,,2026-09-20T13:00:00.081404Z,68,6,12,66,58,60,60,30,30,,,False,1,NEW,"[{""organization"": ""Palo Alto Networks Unit 42"", ""article_title"": ""Untracked Nightmares: The Threats Hiding Behind Commodity Infrastructure"", ""url"": ""https://unit42.paloaltonetworks.com/ppi-network-malware-campaign-analysis/"", ""published_at"": ""2026-09-09T10:00:55Z"", ""updated_at"": null, ""reliability"": 0.92}]"
goldsteel.cfd,domain,Untracked Nightmares: The Threats Hiding Behind Commodity Infrastructure,,,,Palo Alto Networks Unit 42,Untracked Nightmares: The Threats Hiding Behind Commodity Infrastructure,https://unit42.paloaltonetworks.com/ppi-network-malware-campaign-analysis/,2026-09-09T10:00:55Z,,,,2026-09-20T13:00:00.081404Z,68,6,12,66,58,60,60,30,30,,,False,1,NEW,"[{""organization"": ""Palo Alto Networks Unit 42"", ""article_title"": ""Untracked Nightmares: The Threats Hiding Behind Commodity Infrastructure"", ""url"": ""https://unit42.paloaltonetworks.com/ppi-network-malware-campaign-analysis/"", ""published_at"": ""2026-09-09T10:00:55Z"", ""updated_at"": null, ""reliability"": 0.92}]"
governmentyard.cfd,domain,Untracked Nightmares: The Threats Hiding Behind Commodity Infrastructure,,,,Palo Alto Networks Unit 42,Untracked Nightmares: The Threats Hiding Behind Commodity Infrastructure,https://unit42.paloaltonetworks.com/ppi-network-malware-campaign-analysis/,2026-09-09T10:00:55Z,,,,2026-09-20T13:00:00.081404Z,68,6,12,66,58,60,60,30,30,,,False,1,NEW,"[{""organization"": ""Palo Alto Networks Unit 42"", ""article_title"": ""Untracked Nightmares: The Threats Hiding Behind Commodity Infrastructure"", ""url"": ""https://unit42.paloaltonetworks.com/ppi-network-malware-campaign-analysis/"", ""published_at"": ""2026-09-09T10:00:55Z"", ""updated_at"": null, ""reliability"": 0.92}]"
grandfatherquiver.xyz,domain,Untracked Nightmares: The Threats Hiding Behind Commodity Infrastructure,,,,Palo Alto Networks Unit 42,Untracked Nightmares: The Threats Hiding Behind Commodity Infrastructure,https://unit42.paloaltonetworks.com/ppi-network-malware-campaign-analysis/,2026-09-09T10:00:55Z,,,,2026-09-20T13:00:00.081404Z,68,6,12,66,58,60,60,30,30,,,False,1,NEW,"[{""organization"": ""Palo Alto Networks Unit 42"", ""article_title"": ""Untracked Nightmares: The Threats Hiding Behind Commodity Infrastructure"", ""url"": ""https://unit42.paloaltonetworks.com/ppi-network-malware-campaign-analysis/"", ""published_at"": ""2026-09-09T10:00:55Z"", ""updated_at"": null, ""reliability"": 0.92}]"
gripcollar.xyz,domain,Untracked Nightmares: The Threats Hiding Behind Commodity Infrastructure,,,,Palo Alto Networks Unit 42,Untracked Nightmares: The Threats Hiding Behind Commodity Infrastructure,https://unit42.paloaltonetworks.com/ppi-network-malware-campaign-analysis/,2026-09-09T10:00:55Z,,,,2026-09-20T13:00:00.081404Z,68,6,12,66,58,60,60,30,30,,,False,1,NEW,"[{""organization"": ""Palo Alto Networks Unit 42"", ""article_title"": ""Untracked Nightmares: The Threats Hiding Behind Commodity Infrastructure"", ""url"": ""https://unit42.paloaltonetworks.com/ppi-network-malware-campaign-analysis/"", ""published_at"": ""2026-09-09T10:00:55Z"", ""updated_at"": null, ""reliability"": 0.92}]"
gripsleep.xyz,domain,Untracked Nightmares: The Threats Hiding Behind Commodity Infrastructure,,,,Palo Alto Networks Unit 42,Untracked Nightmares: The Threats Hiding Behind Commodity Infrastructure,https://unit42.paloaltonetworks.com/ppi-network-malware-campaign-analysis/,2026-09-09T10:00:55Z,,,,2026-09-20T13:00:00.081404Z,68,6,12,66,58,60,60,30,30,,,False,1,NEW,"[{""organization"": ""Palo Alto Networks Unit 42"", ""article_title"": ""Untracked Nightmares: The Threats Hiding Behind Commodity Infrastructure"", ""url"": ""https://unit42.paloaltonetworks.com/ppi-network-malware-campaign-analysis/"", ""published_at"": ""2026-09-09T10:00:55Z"", ""updated_at"": null, ""reliability"": 0.92}]"
guardiancapitalway.com,domain,ASCII smuggling crosses over from AI prompt injection to phishing evasion | Microsoft Security Blog,,,,Microsoft Threat Intelligence,ASCII smuggling crosses over from AI prompt injection to phishing evasion | Microsoft Security Blog,https://www.microsoft.com/en-us/security/blog/2026/09/03/ascii-smuggling-crosses-over-from-ai-prompt-injection-to-phishing-evasion/,2026-09-03T16:00:00Z,2026-09-03T17:51:06Z,,,2026-09-20T13:00:00.081404Z,71,5,12,66,58,60,60,30,30,,,False,1,NEW,"[{""organization"": ""Microsoft Threat Intelligence"", ""article_title"": ""ASCII smuggling crosses over from AI prompt injection to phishing evasion | Microsoft Security Blog"", ""url"": ""https://www.microsoft.com/en-us/security/blog/2026/09/03/ascii-smuggling-crosses-over-from-ai-prompt-injection-to-phishing-evasion/"", ""published_at"": ""2026-09-03T16:00:00Z"", ""updated_at"": ""2026-09-03T17:51:06Z"", ""reliability"": 0.96}]"
guardiangrowthfunding.com,domain,ASCII smuggling crosses over from AI prompt injection to phishing evasion | Microsoft Security Blog,,,,Microsoft Threat Intelligence,ASCII smuggling crosses over from AI prompt injection to phishing evasion | Microsoft Security Blog,https://www.microsoft.com/en-us/security/blog/2026/09/03/ascii-smuggling-crosses-over-from-ai-prompt-injection-to-phishing-evasion/,2026-09-03T16:00:00Z,2026-09-03T17:51:06Z,,,2026-09-20T13:00:00.081404Z,71,5,12,66,58,60,60,30,30,,,False,1,NEW,"[{""organization"": ""Microsoft Threat Intelligence"", ""article_title"": ""ASCII smuggling crosses over from AI prompt injection to phishing evasion | Microsoft Security Blog"", ""url"": ""https://www.microsoft.com/en-us/security/blog/2026/09/03/ascii-smuggling-crosses-over-from-ai-prompt-injection-to-phishing-evasion/"", ""published_at"": ""2026-09-03T16:00:00Z"", ""updated_at"": ""2026-09-03T17:51:06Z"", ""reliability"": 0.96}]"
guardianloccapital.com,domain,ASCII smuggling crosses over from AI prompt injection to phishing evasion | Microsoft Security Blog,,,,Microsoft Threat Intelligence,ASCII smuggling crosses over from AI prompt injection to phishing evasion | Microsoft Security Blog,https://www.microsoft.com/en-us/security/blog/2026/09/03/ascii-smuggling-crosses-over-from-ai-prompt-injection-to-phishing-evasion/,2026-09-03T16:00:00Z,2026-09-03T17:51:06Z,,,2026-09-20T13:00:00.081404Z,71,5,12,66,58,60,60,30,30,,,False,1,NEW,"[{""organization"": ""Microsoft Threat Intelligence"", ""article_title"": ""ASCII smuggling crosses over from AI prompt injection to phishing evasion | Microsoft Security Blog"", ""url"": ""https://www.microsoft.com/en-us/security/blog/2026/09/03/ascii-smuggling-crosses-over-from-ai-prompt-injection-to-phishing-evasion/"", ""published_at"": ""2026-09-03T16:00:00Z"", ""updated_at"": ""2026-09-03T17:51:06Z"", ""reliability"": 0.96}]"
guardianlocchoice.com,domain,ASCII smuggling crosses over from AI prompt injection to phishing evasion | Microsoft Security Blog,,,,Microsoft Threat Intelligence,ASCII smuggling crosses over from AI prompt injection to phishing evasion | Microsoft Security Blog,https://www.microsoft.com/en-us/security/blog/2026/09/03/ascii-smuggling-crosses-over-from-ai-prompt-injection-to-phishing-evasion/,2026-09-03T16:00:00Z,2026-09-03T17:51:06Z,,,2026-09-20T13:00:00.081404Z,71,5,12,66,58,60,60,30,30,,,False,1,NEW,"[{""organization"": ""Microsoft Threat Intelligence"", ""article_title"": ""ASCII smuggling crosses over from AI prompt injection to phishing evasion | Microsoft Security Blog"", ""url"": ""https://www.microsoft.com/en-us/security/blog/2026/09/03/ascii-smuggling-crosses-over-from-ai-prompt-injection-to-phishing-evasion/"", ""published_at"": ""2026-09-03T16:00:00Z"", ""updated_at"": ""2026-09-03T17:51:06Z"", ""reliability"": 0.96}]"
gunbear.xyz,domain,Untracked Nightmares: The Threats Hiding Behind Commodity Infrastructure,,,,Palo Alto Networks Unit 42,Untracked Nightmares: The Threats Hiding Behind Commodity Infrastructure,https://unit42.paloaltonetworks.com/ppi-network-malware-campaign-analysis/,2026-09-09T10:00:55Z,,,,2026-09-20T13:00:00.081404Z,68,6,12,66,58,60,60,30,30,,,False,1,NEW,"[{""organization"": ""Palo Alto Networks Unit 42"", ""article_title"": ""Untracked Nightmares: The Threats Hiding Behind Commodity Infrastructure"", ""url"": ""https://unit42.paloaltonetworks.com/ppi-network-malware-campaign-analysis/"", ""published_at"": ""2026-09-09T10:00:55Z"", ""updated_at"": null, ""reliability"": 0.92}]"
gw-sogou.com.cn,domain,Counterfeit installers to system compromise: Tracking a deceptive software download campaign | Microsoft Security Blog,,,,Microsoft Threat Intelligence,Counterfeit installers to system compromise: Tracking a deceptive software download campaign | Microsoft Security Blog,https://www.microsoft.com/en-us/security/blog/2026/09/01/counterfeit-installers-system-compromise-tracking-deceptive-software-download-campaign/,2026-09-01T22:48:28Z,2026-09-01T22:48:42Z,,,2026-09-20T13:00:00.081404Z,71,6,12,66,59,60,60,30,30,,,False,1,NEW,"[{""organization"": ""Microsoft Threat Intelligence"", ""article_title"": ""Counterfeit installers to system compromise: Tracking a deceptive software download campaign | Microsoft Security Blog"", ""url"": ""https://www.microsoft.com/en-us/security/blog/2026/09/01/counterfeit-installers-system-compromise-tracking-deceptive-software-download-campaign/"", ""published_at"": ""2026-09-01T22:48:28Z"", ""updated_at"": ""2026-09-01T22:48:42Z"", ""reliability"": 0.96}]"
hairreward.xyz,domain,Untracked Nightmares: The Threats Hiding Behind Commodity Infrastructure,,,,Palo Alto Networks Unit 42,Untracked Nightmares: The Threats Hiding Behind Commodity Infrastructure,https://unit42.paloaltonetworks.com/ppi-network-malware-campaign-analysis/,2026-09-09T10:00:55Z,,,,2026-09-20T13:00:00.081404Z,68,6,12,66,58,60,60,30,30,,,False,1,NEW,"[{""organization"": ""Palo Alto Networks Unit 42"", ""article_title"": ""Untracked Nightmares: The Threats Hiding Behind Commodity Infrastructure"", ""url"": ""https://unit42.paloaltonetworks.com/ppi-network-malware-campaign-analysis/"", ""published_at"": ""2026-09-09T10:00:55Z"", ""updated_at"": null, ""reliability"": 0.92}]"
harboradvancefunding.com,domain,ASCII smuggling crosses over from AI prompt injection to phishing evasion | Microsoft Security Blog,,,,Microsoft Threat Intelligence,ASCII smuggling crosses over from AI prompt injection to phishing evasion | Microsoft Security Blog,https://www.microsoft.com/en-us/security/blog/2026/09/03/ascii-smuggling-crosses-over-from-ai-prompt-injection-to-phishing-evasion/,2026-09-03T16:00:00Z,2026-09-03T17:51:06Z,,,2026-09-20T13:00:00.081404Z,71,5,12,66,58,60,60,30,30,,,False,1,NEW,"[{""organization"": ""Microsoft Threat Intelligence"", ""article_title"": ""ASCII smuggling crosses over from AI prompt injection to phishing evasion | Microsoft Security Blog"", ""url"": ""https://www.microsoft.com/en-us/security/blog/2026/09/03/ascii-smuggling-crosses-over-from-ai-prompt-injection-to-phishing-evasion/"", ""published_at"": ""2026-09-03T16:00:00Z"", ""updated_at"": ""2026-09-03T17:51:06Z"", ""reliability"": 0.96}]"
hatescale.info,domain,Untracked Nightmares: The Threats Hiding Behind Commodity Infrastructure,,,,Palo Alto Networks Unit 42,Untracked Nightmares: The Threats Hiding Behind Commodity Infrastructure,https://unit42.paloaltonetworks.com/ppi-network-malware-campaign-analysis/,2026-09-09T10:00:55Z,,,,2026-09-20T13:00:00.081404Z,68,6,12,66,58,60,60,30,30,,,False,1,NEW,"[{""organization"": ""Palo Alto Networks Unit 42"", ""article_title"": ""Untracked Nightmares: The Threats Hiding Behind Commodity Infrastructure"", ""url"": ""https://unit42.paloaltonetworks.com/ppi-network-malware-campaign-analysis/"", ""published_at"": ""2026-09-09T10:00:55Z"", ""updated_at"": null, ""reliability"": 0.92}]"
healthiron.space,domain,Untracked Nightmares: The Threats Hiding Behind Commodity Infrastructure,,,,Palo Alto Networks Unit 42,Untracked Nightmares: The Threats Hiding Behind Commodity Infrastructure,https://unit42.paloaltonetworks.com/ppi-network-malware-campaign-analysis/,2026-09-09T10:00:55Z,,,,2026-09-20T13:00:00.081404Z,68,6,12,66,58,60,60,30,30,,,False,1,NEW,"[{""organization"": ""Palo Alto Networks Unit 42"", ""article_title"": ""Untracked Nightmares: The Threats Hiding Behind Commodity Infrastructure"", ""url"": ""https://unit42.paloaltonetworks.com/ppi-network-malware-campaign-analysis/"", ""published_at"": ""2026-09-09T10:00:55Z"", ""updated_at"": null, ""reliability"": 0.92}]"
hl.cn,domain,Counterfeit installers to system compromise: Tracking a deceptive software download campaign | Microsoft Security Blog,,,,Microsoft Threat Intelligence,Counterfeit installers to system compromise: Tracking a deceptive software download campaign | Microsoft Security Blog,https://www.microsoft.com/en-us/security/blog/2026/09/01/counterfeit-installers-system-compromise-tracking-deceptive-software-download-campaign/,2026-09-01T22:48:28Z,2026-09-01T22:48:42Z,,,2026-09-20T13:00:00.081404Z,71,6,12,66,59,60,60,30,30,,,False,1,NEW,"[{""organization"": ""Microsoft Threat Intelligence"", ""article_title"": ""Counterfeit installers to system compromise: Tracking a deceptive software download campaign | Microsoft Security Blog"", ""url"": ""https://www.microsoft.com/en-us/security/blog/2026/09/01/counterfeit-installers-system-compromise-tracking-deceptive-software-download-campaign/"", ""published_at"": ""2026-09-01T22:48:28Z"", ""updated_at"": ""2026-09-01T22:48:42Z"", ""reliability"": 0.96}]"
holemuscle.xyz,domain,Untracked Nightmares: The Threats Hiding Behind Commodity Infrastructure,,,,Palo Alto Networks Unit 42,Untracked Nightmares: The Threats Hiding Behind Commodity Infrastructure,https://unit42.paloaltonetworks.com/ppi-network-malware-campaign-analysis/,2026-09-09T10:00:55Z,,,,2026-09-20T13:00:00.081404Z,68,6,12,66,58,60,60,30,30,,,False,1,NEW,"[{""organization"": ""Palo Alto Networks Unit 42"", ""article_title"": ""Untracked Nightmares: The Threats Hiding Behind Commodity Infrastructure"", ""url"": ""https://unit42.paloaltonetworks.com/ppi-network-malware-campaign-analysis/"", ""published_at"": ""2026-09-09T10:00:55Z"", ""updated_at"": null, ""reliability"": 0.92}]"
home.jsp,domain,Active exploitation of Cisco Secure Firewall Management Center vulnerabilities,,,,Cisco Talos,Active exploitation of Cisco Secure Firewall Management Center vulnerabilities,https://blog.talosintelligence.com/fmc-ongoing-exploitation/,2026-09-09T16:08:59Z,2026-09-10T17:04:27Z,,,2026-09-20T13:00:00.081404Z,68,9,12,66,76,60,60,30,30,,,False,1,NEW,"[{""organization"": ""Cisco Talos"", ""article_title"": ""Active exploitation of Cisco Secure Firewall Management Center vulnerabilities"", ""url"": ""https://blog.talosintelligence.com/fmc-ongoing-exploitation/"", ""published_at"": ""2026-09-09T16:08:59Z"", ""updated_at"": ""2026-09-10T17:04:27Z"", ""reliability"": 0.92}]"
homecub.cfd,domain,Untracked Nightmares: The Threats Hiding Behind Commodity Infrastructure,,,,Palo Alto Networks Unit 42,Untracked Nightmares: The Threats Hiding Behind Commodity Infrastructure,https://unit42.paloaltonetworks.com/ppi-network-malware-campaign-analysis/,2026-09-09T10:00:55Z,,,,2026-09-20T13:00:00.081404Z,68,6,12,66,58,60,60,30,30,,,False,1,NEW,"[{""organization"": ""Palo Alto Networks Unit 42"", ""article_title"": ""Untracked Nightmares: The Threats Hiding Behind Commodity Infrastructure"", ""url"": ""https://unit42.paloaltonetworks.com/ppi-network-malware-campaign-analysis/"", ""published_at"": ""2026-09-09T10:00:55Z"", ""updated_at"": null, ""reliability"": 0.92}]"
homefireman.xyz,domain,Untracked Nightmares: The Threats Hiding Behind Commodity Infrastructure,,,,Palo Alto Networks Unit 42,Untracked Nightmares: The Threats Hiding Behind Commodity Infrastructure,https://unit42.paloaltonetworks.com/ppi-network-malware-campaign-analysis/,2026-09-09T10:00:55Z,,,,2026-09-20T13:00:00.081404Z,68,6,12,66,58,60,60,30,30,,,False,1,NEW,"[{""organization"": ""Palo Alto Networks Unit 42"", ""article_title"": ""Untracked Nightmares: The Threats Hiding Behind Commodity Infrastructure"", ""url"": ""https://unit42.paloaltonetworks.com/ppi-network-malware-campaign-analysis/"", ""published_at"": ""2026-09-09T10:00:55Z"", ""updated_at"": null, ""reliability"": 0.92}]"
honeyfear.xyz,domain,Untracked Nightmares: The Threats Hiding Behind Commodity Infrastructure,,,,Palo Alto Networks Unit 42,Untracked Nightmares: The Threats Hiding Behind Commodity Infrastructure,https://unit42.paloaltonetworks.com/ppi-network-malware-campaign-analysis/,2026-09-09T10:00:55Z,,,,2026-09-20T13:00:00.081404Z,68,6,12,66,58,60,60,30,30,,,False,1,NEW,"[{""organization"": ""Palo Alto Networks Unit 42"", ""article_title"": ""Untracked Nightmares: The Threats Hiding Behind Commodity Infrastructure"", ""url"": ""https://unit42.paloaltonetworks.com/ppi-network-malware-campaign-analysis/"", ""published_at"": ""2026-09-09T10:00:55Z"", ""updated_at"": null, ""reliability"": 0.92}]"
hooks.slack.com,domain,Identity Abuse Through Trusted Communication Channels,,,,Palo Alto Networks Unit 42,Identity Abuse Through Trusted Communication Channels,https://unit42.paloaltonetworks.com/communication-channel-identity-risks/,2026-08-20T10:00:25Z,2026-08-31T21:13:01Z,,,2026-09-20T13:00:00.081404Z,68,6,12,66,58,60,60,30,30,,,False,1,NEW,"[{""organization"": ""Palo Alto Networks Unit 42"", ""article_title"": ""Identity Abuse Through Trusted Communication Channels"", ""url"": ""https://unit42.paloaltonetworks.com/communication-channel-identity-risks/"", ""published_at"": ""2026-08-20T10:00:25Z"", ""updated_at"": ""2026-08-31T21:13:01Z"", ""reliability"": 0.92}]"
igk.filexspace.com,domain,Untracked Nightmares: The Threats Hiding Behind Commodity Infrastructure,,,,Palo Alto Networks Unit 42,Untracked Nightmares: The Threats Hiding Behind Commodity Infrastructure,https://unit42.paloaltonetworks.com/ppi-network-malware-campaign-analysis/,2026-09-09T10:00:55Z,,,,2026-09-20T13:00:00.081404Z,68,6,12,66,58,60,60,30,30,,,False,1,NEW,"[{""organization"": ""Palo Alto Networks Unit 42"", ""article_title"": ""Untracked Nightmares: The Threats Hiding Behind Commodity Infrastructure"", ""url"": ""https://unit42.paloaltonetworks.com/ppi-network-malware-campaign-analysis/"", ""published_at"": ""2026-09-09T10:00:55Z"", ""updated_at"": null, ""reliability"": 0.92}]"
ikx.filexspace.com,domain,Untracked Nightmares: The Threats Hiding Behind Commodity Infrastructure,,,,Palo Alto Networks Unit 42,Untracked Nightmares: The Threats Hiding Behind Commodity Infrastructure,https://unit42.paloaltonetworks.com/ppi-network-malware-campaign-analysis/,2026-09-09T10:00:55Z,,,,2026-09-20T13:00:00.081404Z,68,6,12,66,58,60,60,30,30,,,False,1,NEW,"[{""organization"": ""Palo Alto Networks Unit 42"", ""article_title"": ""Untracked Nightmares: The Threats Hiding Behind Commodity Infrastructure"", ""url"": ""https://unit42.paloaltonetworks.com/ppi-network-malware-campaign-analysis/"", ""published_at"": ""2026-09-09T10:00:55Z"", ""updated_at"": null, ""reliability"": 0.92}]"
ilesilo.cloud,domain,Untracked Nightmares: The Threats Hiding Behind Commodity Infrastructure,,,,Palo Alto Networks Unit 42,Untracked Nightmares: The Threats Hiding Behind Commodity Infrastructure,https://unit42.paloaltonetworks.com/ppi-network-malware-campaign-analysis/,2026-09-09T10:00:55Z,,,,2026-09-20T13:00:00.081404Z,68,6,12,66,58,60,60,30,30,,,False,1,NEW,"[{""organization"": ""Palo Alto Networks Unit 42"", ""article_title"": ""Untracked Nightmares: The Threats Hiding Behind Commodity Infrastructure"", ""url"": ""https://unit42.paloaltonetworks.com/ppi-network-malware-campaign-analysis/"", ""published_at"": ""2026-09-09T10:00:55Z"", ""updated_at"": null, ""reliability"": 0.92}]"
instrumentvolcano.space,domain,Untracked Nightmares: The Threats Hiding Behind Commodity Infrastructure,,,,Palo Alto Networks Unit 42,Untracked Nightmares: The Threats Hiding Behind Commodity Infrastructure,https://unit42.paloaltonetworks.com/ppi-network-malware-campaign-analysis/,2026-09-09T10:00:55Z,,,,2026-09-20T13:00:00.081404Z,68,6,12,66,58,60,60,30,30,,,False,1,NEW,"[{""organization"": ""Palo Alto Networks Unit 42"", ""article_title"": ""Untracked Nightmares: The Threats Hiding Behind Commodity Infrastructure"", ""url"": ""https://unit42.paloaltonetworks.com/ppi-network-malware-campaign-analysis/"", ""published_at"": ""2026-09-09T10:00:55Z"", ""updated_at"": null, ""reliability"": 0.92}]"
integratedsso.com,domain,Passkey-themed social engineering leads to identity and cloud compromise | Microsoft Security Blog,,,,Microsoft Threat Intelligence,Passkey-themed social engineering leads to identity and cloud compromise | Microsoft Security Blog,https://www.microsoft.com/en-us/security/blog/2026/09/09/passkey-themed-social-engineering-leads-identity-cloud-compromise/,2026-09-09T17:41:18Z,2026-09-09T17:59:18Z,,,2026-09-20T13:00:00.081404Z,71,6,12,66,59,60,60,30,30,,,False,1,NEW,"[{""organization"": ""Microsoft Threat Intelligence"", ""article_title"": ""Passkey-themed social engineering leads to identity and cloud compromise | Microsoft Security Blog"", ""url"": ""https://www.microsoft.com/en-us/security/blog/2026/09/09/passkey-themed-social-engineering-leads-identity-cloud-compromise/"", ""published_at"": ""2026-09-09T17:41:18Z"", ""updated_at"": ""2026-09-09T17:59:18Z"", ""reliability"": 0.96}]"
iualef.net,domain,Counterfeit installers to system compromise: Tracking a deceptive software download campaign | Microsoft Security Blog,,,,Microsoft Threat Intelligence,Counterfeit installers to system compromise: Tracking a deceptive software download campaign | Microsoft Security Blog,https://www.microsoft.com/en-us/security/blog/2026/09/01/counterfeit-installers-system-compromise-tracking-deceptive-software-download-campaign/,2026-09-01T22:48:28Z,2026-09-01T22:48:42Z,,,2026-09-20T13:00:00.081404Z,71,6,12,66,59,60,60,30,30,,,False,1,NEW,"[{""organization"": ""Microsoft Threat Intelligence"", ""article_title"": ""Counterfeit installers to system compromise: Tracking a deceptive software download campaign | Microsoft Security Blog"", ""url"": ""https://www.microsoft.com/en-us/security/blog/2026/09/01/counterfeit-installers-system-compromise-tracking-deceptive-software-download-campaign/"", ""published_at"": ""2026-09-01T22:48:28Z"", ""updated_at"": ""2026-09-01T22:48:42Z"", ""reliability"": 0.96}]"
js.downloader,domain,"ClearFake WebDAV infection chain delivers Amatera stealer, ZigCryptoStealer, and NetSupport Manager",,,,Cisco Talos,"ClearFake WebDAV infection chain delivers Amatera stealer, ZigCryptoStealer, and NetSupport Manager",https://blog.talosintelligence.com/clearfake-webdav-infection-chain/,2026-09-08T10:01:07Z,2026-09-10T09:03:00Z,,,2026-09-20T13:00:00.081404Z,68,6,12,66,58,60,60,30,30,,,False,1,NEW,"[{""organization"": ""Cisco Talos"", ""article_title"": ""ClearFake WebDAV infection chain delivers Amatera stealer, ZigCryptoStealer, and NetSupport Manager"", ""url"": ""https://blog.talosintelligence.com/clearfake-webdav-infection-chain/"", ""published_at"": ""2026-09-08T10:01:07Z"", ""updated_at"": ""2026-09-10T09:03:00Z"", ""reliability"": 0.92}]"
kaspersky-lab.hl.cn,domain,Counterfeit installers to system compromise: Tracking a deceptive software download campaign | Microsoft Security Blog,,,,Microsoft Threat Intelligence,Counterfeit installers to system compromise: Tracking a deceptive software download campaign | Microsoft Security Blog,https://www.microsoft.com/en-us/security/blog/2026/09/01/counterfeit-installers-system-compromise-tracking-deceptive-software-download-campaign/,2026-09-01T22:48:28Z,2026-09-01T22:48:42Z,,,2026-09-20T13:00:00.081404Z,71,6,12,66,59,60,60,30,30,,,False,1,NEW,"[{""organization"": ""Microsoft Threat Intelligence"", ""article_title"": ""Counterfeit installers to system compromise: Tracking a deceptive software download campaign | Microsoft Security Blog"", ""url"": ""https://www.microsoft.com/en-us/security/blog/2026/09/01/counterfeit-installers-system-compromise-tracking-deceptive-software-download-campaign/"", ""published_at"": ""2026-09-01T22:48:28Z"", ""updated_at"": ""2026-09-01T22:48:42Z"", ""reliability"": 0.96}]"
kernel.so,domain,Kimwolf v7: An Evolution of the Kimwolf Botnet,,,,Palo Alto Networks Unit 42,Kimwolf v7: An Evolution of the Kimwolf Botnet,https://unit42.paloaltonetworks.com/kimwolf-v7-botnet-malware/,2026-08-11T10:00:16Z,2026-08-19T12:03:26Z,,,2026-09-20T13:00:00.081404Z,68,6,8,66,54,60,60,30,30,,,False,1,NEW,"[{""organization"": ""Palo Alto Networks Unit 42"", ""article_title"": ""Kimwolf v7: An Evolution of the Kimwolf Botnet"", ""url"": ""https://unit42.paloaltonetworks.com/kimwolf-v7-botnet-malware/"", ""published_at"": ""2026-08-11T10:00:16Z"", ""updated_at"": ""2026-08-19T12:03:26Z"", ""reliability"": 0.92}]"
keysyncos.com,domain,Passkey-themed social engineering leads to identity and cloud compromise | Microsoft Security Blog,,,,Microsoft Threat Intelligence,Passkey-themed social engineering leads to identity and cloud compromise | Microsoft Security Blog,https://www.microsoft.com/en-us/security/blog/2026/09/09/passkey-themed-social-engineering-leads-identity-cloud-compromise/,2026-09-09T17:41:18Z,2026-09-09T17:59:18Z,,,2026-09-20T13:00:00.081404Z,71,6,12,66,59,60,60,30,30,,,False,1,NEW,"[{""organization"": ""Microsoft Threat Intelligence"", ""article_title"": ""Passkey-themed social engineering leads to identity and cloud compromise | Microsoft Security Blog"", ""url"": ""https://www.microsoft.com/en-us/security/blog/2026/09/09/passkey-themed-social-engineering-leads-identity-cloud-compromise/"", ""published_at"": ""2026-09-09T17:41:18Z"", ""updated_at"": ""2026-09-09T17:59:18Z"", ""reliability"": 0.96}]"
kffd3.vexlatech.cc,domain,"ClearFake WebDAV infection chain delivers Amatera stealer, ZigCryptoStealer, and NetSupport Manager",,,,Cisco Talos,"ClearFake WebDAV infection chain delivers Amatera stealer, ZigCryptoStealer, and NetSupport Manager",https://blog.talosintelligence.com/clearfake-webdav-infection-chain/,2026-09-08T10:01:07Z,2026-09-10T09:03:00Z,,,2026-09-20T13:00:00.081404Z,68,6,12,66,58,60,60,30,30,,,False,1,NEW,"[{""organization"": ""Cisco Talos"", ""article_title"": ""ClearFake WebDAV infection chain delivers Amatera stealer, ZigCryptoStealer, and NetSupport Manager"", ""url"": ""https://blog.talosintelligence.com/clearfake-webdav-infection-chain/"", ""published_at"": ""2026-09-08T10:01:07Z"", ""updated_at"": ""2026-09-10T09:03:00Z"", ""reliability"": 0.92}]"
kffd3.vogueatelier.cc,domain,"ClearFake WebDAV infection chain delivers Amatera stealer, ZigCryptoStealer, and NetSupport Manager",,,,Cisco Talos,"ClearFake WebDAV infection chain delivers Amatera stealer, ZigCryptoStealer, and NetSupport Manager",https://blog.talosintelligence.com/clearfake-webdav-infection-chain/,2026-09-08T10:01:07Z,2026-09-10T09:03:00Z,,,2026-09-20T13:00:00.081404Z,68,6,12,66,58,60,60,30,30,,,False,1,NEW,"[{""organization"": ""Cisco Talos"", ""article_title"": ""ClearFake WebDAV infection chain delivers Amatera stealer, ZigCryptoStealer, and NetSupport Manager"", ""url"": ""https://blog.talosintelligence.com/clearfake-webdav-infection-chain/"", ""published_at"": ""2026-09-08T10:01:07Z"", ""updated_at"": ""2026-09-10T09:03:00Z"", ""reliability"": 0.92}]"
kittenschalk.xyz,domain,Untracked Nightmares: The Threats Hiding Behind Commodity Infrastructure,,,,Palo Alto Networks Unit 42,Untracked Nightmares: The Threats Hiding Behind Commodity Infrastructure,https://unit42.paloaltonetworks.com/ppi-network-malware-campaign-analysis/,2026-09-09T10:00:55Z,,,,2026-09-20T13:00:00.081404Z,68,6,12,66,58,60,60,30,30,,,False,1,NEW,"[{""organization"": ""Palo Alto Networks Unit 42"", ""article_title"": ""Untracked Nightmares: The Threats Hiding Behind Commodity Infrastructure"", ""url"": ""https://unit42.paloaltonetworks.com/ppi-network-malware-campaign-analysis/"", ""published_at"": ""2026-09-09T10:00:55Z"", ""updated_at"": null, ""reliability"": 0.92}]"
kittensgrade.cfd,domain,Untracked Nightmares: The Threats Hiding Behind Commodity Infrastructure,,,,Palo Alto Networks Unit 42,Untracked Nightmares: The Threats Hiding Behind Commodity Infrastructure,https://unit42.paloaltonetworks.com/ppi-network-malware-campaign-analysis/,2026-09-09T10:00:55Z,,,,2026-09-20T13:00:00.081404Z,68,6,12,66,58,60,60,30,30,,,False,1,NEW,"[{""organization"": ""Palo Alto Networks Unit 42"", ""article_title"": ""Untracked Nightmares: The Threats Hiding Behind Commodity Infrastructure"", ""url"": ""https://unit42.paloaltonetworks.com/ppi-network-malware-campaign-analysis/"", ""published_at"": ""2026-09-09T10:00:55Z"", ""updated_at"": null, ""reliability"": 0.92}]"
kittensrobin.info,domain,Untracked Nightmares: The Threats Hiding Behind Commodity Infrastructure,,,,Palo Alto Networks Unit 42,Untracked Nightmares: The Threats Hiding Behind Commodity Infrastructure,https://unit42.paloaltonetworks.com/ppi-network-malware-campaign-analysis/,2026-09-09T10:00:55Z,,,,2026-09-20T13:00:00.081404Z,68,6,12,66,58,60,60,30,30,,,False,1,NEW,"[{""organization"": ""Palo Alto Networks Unit 42"", ""article_title"": ""Untracked Nightmares: The Threats Hiding Behind Commodity Infrastructure"", ""url"": ""https://unit42.paloaltonetworks.com/ppi-network-malware-campaign-analysis/"", ""published_at"": ""2026-09-09T10:00:55Z"", ""updated_at"": null, ""reliability"": 0.92}]"
landerror.xyz,domain,Untracked Nightmares: The Threats Hiding Behind Commodity Infrastructure,,,,Palo Alto Networks Unit 42,Untracked Nightmares: The Threats Hiding Behind Commodity Infrastructure,https://unit42.paloaltonetworks.com/ppi-network-malware-campaign-analysis/,2026-09-09T10:00:55Z,,,,2026-09-20T13:00:00.081404Z,68,6,12,66,58,60,60,30,30,,,False,1,NEW,"[{""organization"": ""Palo Alto Networks Unit 42"", ""article_title"": ""Untracked Nightmares: The Threats Hiding Behind Commodity Infrastructure"", ""url"": ""https://unit42.paloaltonetworks.com/ppi-network-malware-campaign-analysis/"", ""published_at"": ""2026-09-09T10:00:55Z"", ""updated_at"": null, ""reliability"": 0.92}]"
lb.propertyfind.cc,domain,"ClearFake WebDAV infection chain delivers Amatera stealer, ZigCryptoStealer, and NetSupport Manager",,,,Cisco Talos,"ClearFake WebDAV infection chain delivers Amatera stealer, ZigCryptoStealer, and NetSupport Manager",https://blog.talosintelligence.com/clearfake-webdav-infection-chain/,2026-09-08T10:01:07Z,2026-09-10T09:03:00Z,,,2026-09-20T13:00:00.081404Z,68,6,12,66,58,60,60,30,30,,,False,1,NEW,"[{""organization"": ""Cisco Talos"", ""article_title"": ""ClearFake WebDAV infection chain delivers Amatera stealer, ZigCryptoStealer, and NetSupport Manager"", ""url"": ""https://blog.talosintelligence.com/clearfake-webdav-infection-chain/"", ""published_at"": ""2026-09-08T10:01:07Z"", ""updated_at"": ""2026-09-10T09:03:00Z"", ""reliability"": 0.92}]"
leaguejazire.com,domain,"ClearFake WebDAV infection chain delivers Amatera stealer, ZigCryptoStealer, and NetSupport Manager",,,,Cisco Talos,"ClearFake WebDAV infection chain delivers Amatera stealer, ZigCryptoStealer, and NetSupport Manager",https://blog.talosintelligence.com/clearfake-webdav-infection-chain/,2026-09-08T10:01:07Z,2026-09-10T09:03:00Z,,,2026-09-20T13:00:00.081404Z,68,6,12,66,58,60,60,30,30,,,False,1,NEW,"[{""organization"": ""Cisco Talos"", ""article_title"": ""ClearFake WebDAV infection chain delivers Amatera stealer, ZigCryptoStealer, and NetSupport Manager"", ""url"": ""https://blog.talosintelligence.com/clearfake-webdav-infection-chain/"", ""published_at"": ""2026-09-08T10:01:07Z"", ""updated_at"": ""2026-09-10T09:03:00Z"", ""reliability"": 0.92}]"
lesilo.cloud,domain,Untracked Nightmares: The Threats Hiding Behind Commodity Infrastructure,,,,Palo Alto Networks Unit 42,Untracked Nightmares: The Threats Hiding Behind Commodity Infrastructure,https://unit42.paloaltonetworks.com/ppi-network-malware-campaign-analysis/,2026-09-09T10:00:55Z,,,,2026-09-20T13:00:00.081404Z,68,6,12,66,58,60,60,30,30,,,False,1,NEW,"[{""organization"": ""Palo Alto Networks Unit 42"", ""article_title"": ""Untracked Nightmares: The Threats Hiding Behind Commodity Infrastructure"", ""url"": ""https://unit42.paloaltonetworks.com/ppi-network-malware-campaign-analysis/"", ""published_at"": ""2026-09-09T10:00:55Z"", ""updated_at"": null, ""reliability"": 0.92}]"
libdevice.so,domain,Kimwolf v7: An Evolution of the Kimwolf Botnet,,,,Palo Alto Networks Unit 42,Kimwolf v7: An Evolution of the Kimwolf Botnet,https://unit42.paloaltonetworks.com/kimwolf-v7-botnet-malware/,2026-08-11T10:00:16Z,2026-08-19T12:03:26Z,,,2026-09-20T13:00:00.081404Z,68,6,8,66,54,60,60,30,30,,,False,1,NEW,"[{""organization"": ""Palo Alto Networks Unit 42"", ""article_title"": ""Kimwolf v7: An Evolution of the Kimwolf Botnet"", ""url"": ""https://unit42.paloaltonetworks.com/kimwolf-v7-botnet-malware/"", ""published_at"": ""2026-08-11T10:00:16Z"", ""updated_at"": ""2026-08-19T12:03:26Z"", ""reliability"": 0.92}]"
license.tmp,domain,Active exploitation of Cisco Secure Firewall Management Center vulnerabilities,,,,Cisco Talos,Active exploitation of Cisco Secure Firewall Management Center vulnerabilities,https://blog.talosintelligence.com/fmc-ongoing-exploitation/,2026-09-09T16:08:59Z,2026-09-10T17:04:27Z,,,2026-09-20T13:00:00.081404Z,68,9,12,66,76,60,60,30,30,,,False,1,NEW,"[{""organization"": ""Cisco Talos"", ""article_title"": ""Active exploitation of Cisco Secure Firewall Management Center vulnerabilities"", ""url"": ""https://blog.talosintelligence.com/fmc-ongoing-exploitation/"", ""published_at"": ""2026-09-09T16:08:59Z"", ""updated_at"": ""2026-09-10T17:04:27Z"", ""reliability"": 0.92}]"
liptendency.info,domain,Untracked Nightmares: The Threats Hiding Behind Commodity Infrastructure,,,,Palo Alto Networks Unit 42,Untracked Nightmares: The Threats Hiding Behind Commodity Infrastructure,https://unit42.paloaltonetworks.com/ppi-network-malware-campaign-analysis/,2026-09-09T10:00:55Z,,,,2026-09-20T13:00:00.081404Z,68,6,12,66,58,60,60,30,30,,,False,1,NEW,"[{""organization"": ""Palo Alto Networks Unit 42"", ""article_title"": ""Untracked Nightmares: The Threats Hiding Behind Commodity Infrastructure"", ""url"": ""https://unit42.paloaltonetworks.com/ppi-network-malware-campaign-analysis/"", ""published_at"": ""2026-09-09T10:00:55Z"", ""updated_at"": null, ""reliability"": 0.92}]"
liquidtoes.xyz,domain,Untracked Nightmares: The Threats Hiding Behind Commodity Infrastructure,,,,Palo Alto Networks Unit 42,Untracked Nightmares: The Threats Hiding Behind Commodity Infrastructure,https://unit42.paloaltonetworks.com/ppi-network-malware-campaign-analysis/,2026-09-09T10:00:55Z,,,,2026-09-20T13:00:00.081404Z,68,6,12,66,58,60,60,30,30,,,False,1,NEW,"[{""organization"": ""Palo Alto Networks Unit 42"", ""article_title"": ""Untracked Nightmares: The Threats Hiding Behind Commodity Infrastructure"", ""url"": ""https://unit42.paloaltonetworks.com/ppi-network-malware-campaign-analysis/"", ""published_at"": ""2026-09-09T10:00:55Z"", ""updated_at"": null, ""reliability"": 0.92}]"
liquidwrench.cfd,domain,Untracked Nightmares: The Threats Hiding Behind Commodity Infrastructure,,,,Palo Alto Networks Unit 42,Untracked Nightmares: The Threats Hiding Behind Commodity Infrastructure,https://unit42.paloaltonetworks.com/ppi-network-malware-campaign-analysis/,2026-09-09T10:00:55Z,,,,2026-09-20T13:00:00.081404Z,68,6,12,66,58,60,60,30,30,,,False,1,NEW,"[{""organization"": ""Palo Alto Networks Unit 42"", ""article_title"": ""Untracked Nightmares: The Threats Hiding Behind Commodity Infrastructure"", ""url"": ""https://unit42.paloaltonetworks.com/ppi-network-malware-campaign-analysis/"", ""published_at"": ""2026-09-09T10:00:55Z"", ""updated_at"": null, ""reliability"": 0.92}]"
lockettrail.xyz,domain,Untracked Nightmares: The Threats Hiding Behind Commodity Infrastructure,,,,Palo Alto Networks Unit 42,Untracked Nightmares: The Threats Hiding Behind Commodity Infrastructure,https://unit42.paloaltonetworks.com/ppi-network-malware-campaign-analysis/,2026-09-09T10:00:55Z,,,,2026-09-20T13:00:00.081404Z,68,6,12,66,58,60,60,30,30,,,False,1,NEW,"[{""organization"": ""Palo Alto Networks Unit 42"", ""article_title"": ""Untracked Nightmares: The Threats Hiding Behind Commodity Infrastructure"", ""url"": ""https://unit42.paloaltonetworks.com/ppi-network-malware-campaign-analysis/"", ""published_at"": ""2026-09-09T10:00:55Z"", ""updated_at"": null, ""reliability"": 0.92}]"
lumberbaseball.xyz,domain,Untracked Nightmares: The Threats Hiding Behind Commodity Infrastructure,,,,Palo Alto Networks Unit 42,Untracked Nightmares: The Threats Hiding Behind Commodity Infrastructure,https://unit42.paloaltonetworks.com/ppi-network-malware-campaign-analysis/,2026-09-09T10:00:55Z,,,,2026-09-20T13:00:00.081404Z,68,6,12,66,58,60,60,30,30,,,False,1,NEW,"[{""organization"": ""Palo Alto Networks Unit 42"", ""article_title"": ""Untracked Nightmares: The Threats Hiding Behind Commodity Infrastructure"", ""url"": ""https://unit42.paloaltonetworks.com/ppi-network-malware-campaign-analysis/"", ""published_at"": ""2026-09-09T10:00:55Z"", ""updated_at"": null, ""reliability"": 0.92}]"
m-doxa-apodo.duckdns.org,domain,Attackers Expose Ongoing AI Tool Use Targeting Organizations in Latin America,,,,Palo Alto Networks Unit 42,Attackers Expose Ongoing AI Tool Use Targeting Organizations in Latin America,https://unit42.paloaltonetworks.com/ai-tool-use-targeting-latam-orgs/,2026-09-03T10:00:58Z,,,,2026-09-20T13:00:00.081404Z,68,6,12,66,58,60,60,30,30,,,False,1,NEW,"[{""organization"": ""Palo Alto Networks Unit 42"", ""article_title"": ""Attackers Expose Ongoing AI Tool Use Targeting Organizations in Latin America"", ""url"": ""https://unit42.paloaltonetworks.com/ai-tool-use-targeting-latam-orgs/"", ""published_at"": ""2026-09-03T10:00:58Z"", ""updated_at"": null, ""reliability"": 0.92}]"
m-doxa-geo.duckdns.org,domain,Attackers Expose Ongoing AI Tool Use Targeting Organizations in Latin America,,,,Palo Alto Networks Unit 42,Attackers Expose Ongoing AI Tool Use Targeting Organizations in Latin America,https://unit42.paloaltonetworks.com/ai-tool-use-targeting-latam-orgs/,2026-09-03T10:00:58Z,,,,2026-09-20T13:00:00.081404Z,68,6,12,66,58,60,60,30,30,,,False,1,NEW,"[{""organization"": ""Palo Alto Networks Unit 42"", ""article_title"": ""Attackers Expose Ongoing AI Tool Use Targeting Organizations in Latin America"", ""url"": ""https://unit42.paloaltonetworks.com/ai-tool-use-targeting-latam-orgs/"", ""published_at"": ""2026-09-03T10:00:58Z"", ""updated_at"": null, ""reliability"": 0.92}]"
m-doxa-intel.duckdns.org,domain,Attackers Expose Ongoing AI Tool Use Targeting Organizations in Latin America,,,,Palo Alto Networks Unit 42,Attackers Expose Ongoing AI Tool Use Targeting Organizations in Latin America,https://unit42.paloaltonetworks.com/ai-tool-use-targeting-latam-orgs/,2026-09-03T10:00:58Z,,,,2026-09-20T13:00:00.081404Z,68,6,12,66,58,60,60,30,30,,,False,1,NEW,"[{""organization"": ""Palo Alto Networks Unit 42"", ""article_title"": ""Attackers Expose Ongoing AI Tool Use Targeting Organizations in Latin America"", ""url"": ""https://unit42.paloaltonetworks.com/ai-tool-use-targeting-latam-orgs/"", ""published_at"": ""2026-09-03T10:00:58Z"", ""updated_at"": null, ""reliability"": 0.92}]"
m-doxa-repuve.duckdns.org,domain,Attackers Expose Ongoing AI Tool Use Targeting Organizations in Latin America,,,,Palo Alto Networks Unit 42,Attackers Expose Ongoing AI Tool Use Targeting Organizations in Latin America,https://unit42.paloaltonetworks.com/ai-tool-use-targeting-latam-orgs/,2026-09-03T10:00:58Z,,,,2026-09-20T13:00:00.081404Z,68,6,12,66,58,60,60,30,30,,,False,1,NEW,"[{""organization"": ""Palo Alto Networks Unit 42"", ""article_title"": ""Attackers Expose Ongoing AI Tool Use Targeting Organizations in Latin America"", ""url"": ""https://unit42.paloaltonetworks.com/ai-tool-use-targeting-latam-orgs/"", ""published_at"": ""2026-09-03T10:00:58Z"", ""updated_at"": null, ""reliability"": 0.92}]"
m-doxa-sre.duckdns.org,domain,Attackers Expose Ongoing AI Tool Use Targeting Organizations in Latin America,,,,Palo Alto Networks Unit 42,Attackers Expose Ongoing AI Tool Use Targeting Organizations in Latin America,https://unit42.paloaltonetworks.com/ai-tool-use-targeting-latam-orgs/,2026-09-03T10:00:58Z,,,,2026-09-20T13:00:00.081404Z,68,6,12,66,58,60,60,30,30,,,False,1,NEW,"[{""organization"": ""Palo Alto Networks Unit 42"", ""article_title"": ""Attackers Expose Ongoing AI Tool Use Targeting Organizations in Latin America"", ""url"": ""https://unit42.paloaltonetworks.com/ai-tool-use-targeting-latam-orgs/"", ""published_at"": ""2026-09-03T10:00:58Z"", ""updated_at"": null, ""reliability"": 0.92}]"
m-doxa-vacunas.duckdns.org,domain,Attackers Expose Ongoing AI Tool Use Targeting Organizations in Latin America,,,,Palo Alto Networks Unit 42,Attackers Expose Ongoing AI Tool Use Targeting Organizations in Latin America,https://unit42.paloaltonetworks.com/ai-tool-use-targeting-latam-orgs/,2026-09-03T10:00:58Z,,,,2026-09-20T13:00:00.081404Z,68,6,12,66,58,60,60,30,30,,,False,1,NEW,"[{""organization"": ""Palo Alto Networks Unit 42"", ""article_title"": ""Attackers Expose Ongoing AI Tool Use Targeting Organizations in Latin America"", ""url"": ""https://unit42.paloaltonetworks.com/ai-tool-use-targeting-latam-orgs/"", ""published_at"": ""2026-09-03T10:00:58Z"", ""updated_at"": null, ""reliability"": 0.92}]"
mebx78e02.com,domain,Counterfeit installers to system compromise: Tracking a deceptive software download campaign | Microsoft Security Blog,,,,Microsoft Threat Intelligence,Counterfeit installers to system compromise: Tracking a deceptive software download campaign | Microsoft Security Blog,https://www.microsoft.com/en-us/security/blog/2026/09/01/counterfeit-installers-system-compromise-tracking-deceptive-software-download-campaign/,2026-09-01T22:48:28Z,2026-09-01T22:48:42Z,,,2026-09-20T13:00:00.081404Z,71,6,12,66,59,60,60,30,30,,,False,1,NEW,"[{""organization"": ""Microsoft Threat Intelligence"", ""article_title"": ""Counterfeit installers to system compromise: Tracking a deceptive software download campaign | Microsoft Security Blog"", ""url"": ""https://www.microsoft.com/en-us/security/blog/2026/09/01/counterfeit-installers-system-compromise-tracking-deceptive-software-download-campaign/"", ""published_at"": ""2026-09-01T22:48:28Z"", ""updated_at"": ""2026-09-01T22:48:42Z"", ""reliability"": 0.96}]"
memorycompany.xyz,domain,Untracked Nightmares: The Threats Hiding Behind Commodity Infrastructure,,,,Palo Alto Networks Unit 42,Untracked Nightmares: The Threats Hiding Behind Commodity Infrastructure,https://unit42.paloaltonetworks.com/ppi-network-malware-campaign-analysis/,2026-09-09T10:00:55Z,,,,2026-09-20T13:00:00.081404Z,68,6,12,66,58,60,60,30,30,,,False,1,NEW,"[{""organization"": ""Palo Alto Networks Unit 42"", ""article_title"": ""Untracked Nightmares: The Threats Hiding Behind Commodity Infrastructure"", ""url"": ""https://unit42.paloaltonetworks.com/ppi-network-malware-campaign-analysis/"", ""published_at"": ""2026-09-09T10:00:55Z"", ""updated_at"": null, ""reliability"": 0.92}]"
micesisters.xyz,domain,Untracked Nightmares: The Threats Hiding Behind Commodity Infrastructure,,,,Palo Alto Networks Unit 42,Untracked Nightmares: The Threats Hiding Behind Commodity Infrastructure,https://unit42.paloaltonetworks.com/ppi-network-malware-campaign-analysis/,2026-09-09T10:00:55Z,,,,2026-09-20T13:00:00.081404Z,68,6,12,66,58,60,60,30,30,,,False,1,NEW,"[{""organization"": ""Palo Alto Networks Unit 42"", ""article_title"": ""Untracked Nightmares: The Threats Hiding Behind Commodity Infrastructure"", ""url"": ""https://unit42.paloaltonetworks.com/ppi-network-malware-campaign-analysis/"", ""published_at"": ""2026-09-09T10:00:55Z"", ""updated_at"": null, ""reliability"": 0.92}]"
mifilesx.site,domain,Untracked Nightmares: The Threats Hiding Behind Commodity Infrastructure,,,,Palo Alto Networks Unit 42,Untracked Nightmares: The Threats Hiding Behind Commodity Infrastructure,https://unit42.paloaltonetworks.com/ppi-network-malware-campaign-analysis/,2026-09-09T10:00:55Z,,,,2026-09-20T13:00:00.081404Z,68,6,12,66,58,60,60,30,30,,,False,1,NEW,"[{""organization"": ""Palo Alto Networks Unit 42"", ""article_title"": ""Untracked Nightmares: The Threats Hiding Behind Commodity Infrastructure"", ""url"": ""https://unit42.paloaltonetworks.com/ppi-network-malware-campaign-analysis/"", ""published_at"": ""2026-09-09T10:00:55Z"", ""updated_at"": null, ""reliability"": 0.92}]"
milkname.xyz,domain,Untracked Nightmares: The Threats Hiding Behind Commodity Infrastructure,,,,Palo Alto Networks Unit 42,Untracked Nightmares: The Threats Hiding Behind Commodity Infrastructure,https://unit42.paloaltonetworks.com/ppi-network-malware-campaign-analysis/,2026-09-09T10:00:55Z,,,,2026-09-20T13:00:00.081404Z,68,6,12,66,58,60,60,30,30,,,False,1,NEW,"[{""organization"": ""Palo Alto Networks Unit 42"", ""article_title"": ""Untracked Nightmares: The Threats Hiding Behind Commodity Infrastructure"", ""url"": ""https://unit42.paloaltonetworks.com/ppi-network-malware-campaign-analysis/"", ""published_at"": ""2026-09-09T10:00:55Z"", ""updated_at"": null, ""reliability"": 0.92}]"
mindmoster.com.cn,domain,Counterfeit installers to system compromise: Tracking a deceptive software download campaign | Microsoft Security Blog,,,,Microsoft Threat Intelligence,Counterfeit installers to system compromise: Tracking a deceptive software download campaign | Microsoft Security Blog,https://www.microsoft.com/en-us/security/blog/2026/09/01/counterfeit-installers-system-compromise-tracking-deceptive-software-download-campaign/,2026-09-01T22:48:28Z,2026-09-01T22:48:42Z,,,2026-09-20T13:00:00.081404Z,71,6,12,66,59,60,60,30,30,,,False,1,NEW,"[{""organization"": ""Microsoft Threat Intelligence"", ""article_title"": ""Counterfeit installers to system compromise: Tracking a deceptive software download campaign | Microsoft Security Blog"", ""url"": ""https://www.microsoft.com/en-us/security/blog/2026/09/01/counterfeit-installers-system-compromise-tracking-deceptive-software-download-campaign/"", ""published_at"": ""2026-09-01T22:48:28Z"", ""updated_at"": ""2026-09-01T22:48:42Z"", ""reliability"": 0.96}]"
minewave.info,domain,Untracked Nightmares: The Threats Hiding Behind Commodity Infrastructure,,,,Palo Alto Networks Unit 42,Untracked Nightmares: The Threats Hiding Behind Commodity Infrastructure,https://unit42.paloaltonetworks.com/ppi-network-malware-campaign-analysis/,2026-09-09T10:00:55Z,,,,2026-09-20T13:00:00.081404Z,68,6,12,66,58,60,60,30,30,,,False,1,NEW,"[{""organization"": ""Palo Alto Networks Unit 42"", ""article_title"": ""Untracked Nightmares: The Threats Hiding Behind Commodity Infrastructure"", ""url"": ""https://unit42.paloaltonetworks.com/ppi-network-malware-campaign-analysis/"", ""published_at"": ""2026-09-09T10:00:55Z"", ""updated_at"": null, ""reliability"": 0.92}]"
minuteblade.xyz,domain,Untracked Nightmares: The Threats Hiding Behind Commodity Infrastructure,,,,Palo Alto Networks Unit 42,Untracked Nightmares: The Threats Hiding Behind Commodity Infrastructure,https://unit42.paloaltonetworks.com/ppi-network-malware-campaign-analysis/,2026-09-09T10:00:55Z,,,,2026-09-20T13:00:00.081404Z,68,6,12,66,58,60,60,30,30,,,False,1,NEW,"[{""organization"": ""Palo Alto Networks Unit 42"", ""article_title"": ""Untracked Nightmares: The Threats Hiding Behind Commodity Infrastructure"", ""url"": ""https://unit42.paloaltonetworks.com/ppi-network-malware-campaign-analysis/"", ""published_at"": ""2026-09-09T10:00:55Z"", ""updated_at"": null, ""reliability"": 0.92}]"
mountainsurprise.cfd,domain,Untracked Nightmares: The Threats Hiding Behind Commodity Infrastructure,,,,Palo Alto Networks Unit 42,Untracked Nightmares: The Threats Hiding Behind Commodity Infrastructure,https://unit42.paloaltonetworks.com/ppi-network-malware-campaign-analysis/,2026-09-09T10:00:55Z,,,,2026-09-20T13:00:00.081404Z,68,6,12,66,58,60,60,30,30,,,False,1,NEW,"[{""organization"": ""Palo Alto Networks Unit 42"", ""article_title"": ""Untracked Nightmares: The Threats Hiding Behind Commodity Infrastructure"", ""url"": ""https://unit42.paloaltonetworks.com/ppi-network-malware-campaign-analysis/"", ""published_at"": ""2026-09-09T10:00:55Z"", ""updated_at"": null, ""reliability"": 0.92}]"
mouthfruit.cfd,domain,Untracked Nightmares: The Threats Hiding Behind Commodity Infrastructure,,,,Palo Alto Networks Unit 42,Untracked Nightmares: The Threats Hiding Behind Commodity Infrastructure,https://unit42.paloaltonetworks.com/ppi-network-malware-campaign-analysis/,2026-09-09T10:00:55Z,,,,2026-09-20T13:00:00.081404Z,68,6,12,66,58,60,60,30,30,,,False,1,NEW,"[{""organization"": ""Palo Alto Networks Unit 42"", ""article_title"": ""Untracked Nightmares: The Threats Hiding Behind Commodity Infrastructure"", ""url"": ""https://unit42.paloaltonetworks.com/ppi-network-malware-campaign-analysis/"", ""published_at"": ""2026-09-09T10:00:55Z"", ""updated_at"": null, ""reliability"": 0.92}]"
mqsearch.com,domain,Untracked Nightmares: The Threats Hiding Behind Commodity Infrastructure,,,,Palo Alto Networks Unit 42,Untracked Nightmares: The Threats Hiding Behind Commodity Infrastructure,https://unit42.paloaltonetworks.com/ppi-network-malware-campaign-analysis/,2026-09-09T10:00:55Z,,,,2026-09-20T13:00:00.081404Z,68,6,12,66,58,60,60,30,30,,,False,1,NEW,"[{""organization"": ""Palo Alto Networks Unit 42"", ""article_title"": ""Untracked Nightmares: The Threats Hiding Behind Commodity Infrastructure"", ""url"": ""https://unit42.paloaltonetworks.com/ppi-network-malware-campaign-analysis/"", ""published_at"": ""2026-09-09T10:00:55Z"", ""updated_at"": null, ""reliability"": 0.92}]"
myconnectkey.com,domain,Passkey-themed social engineering leads to identity and cloud compromise | Microsoft Security Blog,,,,Microsoft Threat Intelligence,Passkey-themed social engineering leads to identity and cloud compromise | Microsoft Security Blog,https://www.microsoft.com/en-us/security/blog/2026/09/09/passkey-themed-social-engineering-leads-identity-cloud-compromise/,2026-09-09T17:41:18Z,2026-09-09T17:59:18Z,,,2026-09-20T13:00:00.081404Z,71,6,12,66,59,60,60,30,30,,,False,1,NEW,"[{""organization"": ""Microsoft Threat Intelligence"", ""article_title"": ""Passkey-themed social engineering leads to identity and cloud compromise | Microsoft Security Blog"", ""url"": ""https://www.microsoft.com/en-us/security/blog/2026/09/09/passkey-themed-social-engineering-leads-identity-cloud-compromise/"", ""published_at"": ""2026-09-09T17:41:18Z"", ""updated_at"": ""2026-09-09T17:59:18Z"", ""reliability"": 0.96}]"
n7b8t85zsg.com,domain,Counterfeit installers to system compromise: Tracking a deceptive software download campaign | Microsoft Security Blog,,,,Microsoft Threat Intelligence,Counterfeit installers to system compromise: Tracking a deceptive software download campaign | Microsoft Security Blog,https://www.microsoft.com/en-us/security/blog/2026/09/01/counterfeit-installers-system-compromise-tracking-deceptive-software-download-campaign/,2026-09-01T22:48:28Z,2026-09-01T22:48:42Z,,,2026-09-20T13:00:00.081404Z,71,6,12,66,59,60,60,30,30,,,False,1,NEW,"[{""organization"": ""Microsoft Threat Intelligence"", ""article_title"": ""Counterfeit installers to system compromise: Tracking a deceptive software download campaign | Microsoft Security Blog"", ""url"": ""https://www.microsoft.com/en-us/security/blog/2026/09/01/counterfeit-installers-system-compromise-tracking-deceptive-software-download-campaign/"", ""published_at"": ""2026-09-01T22:48:28Z"", ""updated_at"": ""2026-09-01T22:48:42Z"", ""reliability"": 0.96}]"
navigator.webdriver,domain,JavaScript obfuscation: From party trick to phishing kit,,,,Cisco Talos,JavaScript obfuscation: From party trick to phishing kit,https://blog.talosintelligence.com/javascript-obfuscation-from-party-trick-to-phishing-kit/,2026-08-27T10:00:27Z,2026-09-09T16:08:17Z,,,2026-09-20T13:00:00.081404Z,68,6,12,66,58,60,60,30,30,,,False,1,NEW,"[{""organization"": ""Cisco Talos"", ""article_title"": ""JavaScript obfuscation: From party trick to phishing kit"", ""url"": ""https://blog.talosintelligence.com/javascript-obfuscation-from-party-trick-to-phishing-kit/"", ""published_at"": ""2026-08-27T10:00:27Z"", ""updated_at"": ""2026-09-09T16:08:17Z"", ""reliability"": 0.92}]"
needcherries.online,domain,Untracked Nightmares: The Threats Hiding Behind Commodity Infrastructure,,,,Palo Alto Networks Unit 42,Untracked Nightmares: The Threats Hiding Behind Commodity Infrastructure,https://unit42.paloaltonetworks.com/ppi-network-malware-campaign-analysis/,2026-09-09T10:00:55Z,,,,2026-09-20T13:00:00.081404Z,68,6,12,66,58,60,60,30,30,,,False,1,NEW,"[{""organization"": ""Palo Alto Networks Unit 42"", ""article_title"": ""Untracked Nightmares: The Threats Hiding Behind Commodity Infrastructure"", ""url"": ""https://unit42.paloaltonetworks.com/ppi-network-malware-campaign-analysis/"", ""published_at"": ""2026-09-09T10:00:55Z"", ""updated_at"": null, ""reliability"": 0.92}]"
newopt001.oss-cn-hongkong.aliyuncs.com,domain,Counterfeit installers to system compromise: Tracking a deceptive software download campaign | Microsoft Security Blog,,,,Microsoft Threat Intelligence,Counterfeit installers to system compromise: Tracking a deceptive software download campaign | Microsoft Security Blog,https://www.microsoft.com/en-us/security/blog/2026/09/01/counterfeit-installers-system-compromise-tracking-deceptive-software-download-campaign/,2026-09-01T22:48:28Z,2026-09-01T22:48:42Z,,,2026-09-20T13:00:00.081404Z,71,6,12,66,59,60,60,30,30,,,False,1,NEW,"[{""organization"": ""Microsoft Threat Intelligence"", ""article_title"": ""Counterfeit installers to system compromise: Tracking a deceptive software download campaign | Microsoft Security Blog"", ""url"": ""https://www.microsoft.com/en-us/security/blog/2026/09/01/counterfeit-installers-system-compromise-tracking-deceptive-software-download-campaign/"", ""published_at"": ""2026-09-01T22:48:28Z"", ""updated_at"": ""2026-09-01T22:48:42Z"", ""reliability"": 0.96}]"
node.js,domain,From guidance to action: Security fundamentals that materially reduce risk  | Microsoft Security Blog,,,,Microsoft Threat Intelligence;Palo Alto Networks Unit 42,From guidance to action: Security fundamentals that materially reduce risk  | Microsoft Security Blog;Impersonating IT support: how threat actors turn a remote session into enterprise-wide access | Microsoft Security Blog;Untracked Nightmares: The Threats Hiding Behind Commodity Infrastructure,https://unit42.paloaltonetworks.com/ppi-network-malware-campaign-analysis/;https://www.microsoft.com/en-us/security/blog/2026/09/02/impersonating-it-support-threat-actors-turn-remote-session-into-enterprise-wide-access/;https://www.microsoft.com/en-us/security/blog/2026/09/17/from-guidance-to-action-security-fundamentals-that-materially-reduce-risk/,2026-09-02T22:51:18Z;2026-09-09T10:00:55Z;2026-09-17T17:00:00Z,2026-09-02T22:51:21Z,,,2026-09-20T13:00:00.081404Z,91,8,15,66,74,60,60,30,30,,,False,3,NEW,"[{""organization"": ""Microsoft Threat Intelligence"", ""article_title"": ""From guidance to action: Security fundamentals that materially reduce risk  | Microsoft Security Blog"", ""url"": ""https://www.microsoft.com/en-us/security/blog/2026/09/17/from-guidance-to-action-security-fundamentals-that-materially-reduce-risk/"", ""published_at"": ""2026-09-17T17:00:00Z"", ""updated_at"": null, ""reliability"": 0.96}, {""organization"": ""Microsoft Threat Intelligence"", ""article_title"": ""Impersonating IT support: how threat actors turn a remote session into enterprise-wide access | Microsoft Security Blog"", ""url"": ""https://www.microsoft.com/en-us/security/blog/2026/09/02/impersonating-it-support-threat-actors-turn-remote-session-into-enterprise-wide-access/"", ""published_at"": ""2026-09-02T22:51:18Z"", ""updated_at"": ""2026-09-02T22:51:21Z"", ""reliability"": 0.96}, {""organization"": ""Palo Alto Networks Unit 42"", ""article_title"": ""Untracked Nightmares: The Threats Hiding Behind Commodity Infrastructure"", ""url"": ""https://unit42.paloaltonetworks.com/ppi-network-malware-campaign-analysis/"", ""published_at"": ""2026-09-09T10:00:55Z"", ""updated_at"": null, ""reliability"": 0.92}]"
noiseship.cfd,domain,Untracked Nightmares: The Threats Hiding Behind Commodity Infrastructure,,,,Palo Alto Networks Unit 42,Untracked Nightmares: The Threats Hiding Behind Commodity Infrastructure,https://unit42.paloaltonetworks.com/ppi-network-malware-campaign-analysis/,2026-09-09T10:00:55Z,,,,2026-09-20T13:00:00.081404Z,68,6,12,66,58,60,60,30,30,,,False,1,NEW,"[{""organization"": ""Palo Alto Networks Unit 42"", ""article_title"": ""Untracked Nightmares: The Threats Hiding Behind Commodity Infrastructure"", ""url"": ""https://unit42.paloaltonetworks.com/ppi-network-malware-campaign-analysis/"", ""published_at"": ""2026-09-09T10:00:55Z"", ""updated_at"": null, ""reliability"": 0.92}]"
northbox.xyz,domain,Untracked Nightmares: The Threats Hiding Behind Commodity Infrastructure,,,,Palo Alto Networks Unit 42,Untracked Nightmares: The Threats Hiding Behind Commodity Infrastructure,https://unit42.paloaltonetworks.com/ppi-network-malware-campaign-analysis/,2026-09-09T10:00:55Z,,,,2026-09-20T13:00:00.081404Z,68,6,12,66,58,60,60,30,30,,,False,1,NEW,"[{""organization"": ""Palo Alto Networks Unit 42"", ""article_title"": ""Untracked Nightmares: The Threats Hiding Behind Commodity Infrastructure"", ""url"": ""https://unit42.paloaltonetworks.com/ppi-network-malware-campaign-analysis/"", ""published_at"": ""2026-09-09T10:00:55Z"", ""updated_at"": null, ""reliability"": 0.92}]"
ntds.dit,domain,Attackers Expose Ongoing AI Tool Use Targeting Organizations in Latin America,,,,Palo Alto Networks Unit 42,Attackers Expose Ongoing AI Tool Use Targeting Organizations in Latin America,https://unit42.paloaltonetworks.com/ai-tool-use-targeting-latam-orgs/,2026-09-03T10:00:58Z,,,,2026-09-20T13:00:00.081404Z,68,6,12,66,58,60,60,30,30,,,False,1,NEW,"[{""organization"": ""Palo Alto Networks Unit 42"", ""article_title"": ""Attackers Expose Ongoing AI Tool Use Targeting Organizations in Latin America"", ""url"": ""https://unit42.paloaltonetworks.com/ai-tool-use-targeting-latam-orgs/"", ""published_at"": ""2026-09-03T10:00:58Z"", ""updated_at"": null, ""reliability"": 0.92}]"
obfuscator.io,domain,ClickFix moves into the browser: Cryptocurrency theft with Google-hosted C2,,,,Cisco Talos,ClickFix moves into the browser: Cryptocurrency theft with Google-hosted C2;JavaScript obfuscation: From party trick to phishing kit,https://blog.talosintelligence.com/clickfix-moves-into-the-browser/;https://blog.talosintelligence.com/javascript-obfuscation-from-party-trick-to-phishing-kit/,2026-08-27T10:00:27Z;2026-09-08T10:00:38Z,2026-09-09T16:08:17Z;2026-09-16T12:06:49Z,,,2026-09-20T13:00:00.081404Z,78,7,15,66,67,60,60,30,30,,,False,2,NEW,"[{""organization"": ""Cisco Talos"", ""article_title"": ""ClickFix moves into the browser: Cryptocurrency theft with Google-hosted C2"", ""url"": ""https://blog.talosintelligence.com/clickfix-moves-into-the-browser/"", ""published_at"": ""2026-09-08T10:00:38Z"", ""updated_at"": ""2026-09-16T12:06:49Z"", ""reliability"": 0.92}, {""organization"": ""Cisco Talos"", ""article_title"": ""JavaScript obfuscation: From party trick to phishing kit"", ""url"": ""https://blog.talosintelligence.com/javascript-obfuscation-from-party-trick-to-phishing-kit/"", ""published_at"": ""2026-08-27T10:00:27Z"", ""updated_at"": ""2026-09-09T16:08:17Z"", ""reliability"": 0.92}]"
ocam-pc.com.cn,domain,Counterfeit installers to system compromise: Tracking a deceptive software download campaign | Microsoft Security Blog,,,,Microsoft Threat Intelligence,Counterfeit installers to system compromise: Tracking a deceptive software download campaign | Microsoft Security Blog,https://www.microsoft.com/en-us/security/blog/2026/09/01/counterfeit-installers-system-compromise-tracking-deceptive-software-download-campaign/,2026-09-01T22:48:28Z,2026-09-01T22:48:42Z,,,2026-09-20T13:00:00.081404Z,71,6,12,66,59,60,60,30,30,,,False,1,NEW,"[{""organization"": ""Microsoft Threat Intelligence"", ""article_title"": ""Counterfeit installers to system compromise: Tracking a deceptive software download campaign | Microsoft Security Blog"", ""url"": ""https://www.microsoft.com/en-us/security/blog/2026/09/01/counterfeit-installers-system-compromise-tracking-deceptive-software-download-campaign/"", ""published_at"": ""2026-09-01T22:48:28Z"", ""updated_at"": ""2026-09-01T22:48:42Z"", ""reliability"": 0.96}]"
oijfwe.net,domain,Counterfeit installers to system compromise: Tracking a deceptive software download campaign | Microsoft Security Blog,,,,Microsoft Threat Intelligence,Counterfeit installers to system compromise: Tracking a deceptive software download campaign | Microsoft Security Blog,https://www.microsoft.com/en-us/security/blog/2026/09/01/counterfeit-installers-system-compromise-tracking-deceptive-software-download-campaign/,2026-09-01T22:48:28Z,2026-09-01T22:48:42Z,,,2026-09-20T13:00:00.081404Z,71,6,12,66,59,60,60,30,30,,,False,1,NEW,"[{""organization"": ""Microsoft Threat Intelligence"", ""article_title"": ""Counterfeit installers to system compromise: Tracking a deceptive software download campaign | Microsoft Security Blog"", ""url"": ""https://www.microsoft.com/en-us/security/blog/2026/09/01/counterfeit-installers-system-compromise-tracking-deceptive-software-download-campaign/"", ""published_at"": ""2026-09-01T22:48:28Z"", ""updated_at"": ""2026-09-01T22:48:42Z"", ""reliability"": 0.96}]"
oktasession.com,domain,Passkey-themed social engineering leads to identity and cloud compromise | Microsoft Security Blog,,,,Microsoft Threat Intelligence,Passkey-themed social engineering leads to identity and cloud compromise | Microsoft Security Blog,https://www.microsoft.com/en-us/security/blog/2026/09/09/passkey-themed-social-engineering-leads-identity-cloud-compromise/,2026-09-09T17:41:18Z,2026-09-09T17:59:18Z,,,2026-09-20T13:00:00.081404Z,71,6,12,66,59,60,60,30,30,,,False,1,NEW,"[{""organization"": ""Microsoft Threat Intelligence"", ""article_title"": ""Passkey-themed social engineering leads to identity and cloud compromise | Microsoft Security Blog"", ""url"": ""https://www.microsoft.com/en-us/security/blog/2026/09/09/passkey-themed-social-engineering-leads-identity-cloud-compromise/"", ""published_at"": ""2026-09-09T17:41:18Z"", ""updated_at"": ""2026-09-09T17:59:18Z"", ""reliability"": 0.96}]"
onlinedirectfinance.com,domain,ASCII smuggling crosses over from AI prompt injection to phishing evasion | Microsoft Security Blog,,,,Microsoft Threat Intelligence,ASCII smuggling crosses over from AI prompt injection to phishing evasion | Microsoft Security Blog,https://www.microsoft.com/en-us/security/blog/2026/09/03/ascii-smuggling-crosses-over-from-ai-prompt-injection-to-phishing-evasion/,2026-09-03T16:00:00Z,2026-09-03T17:51:06Z,,,2026-09-20T13:00:00.081404Z,71,5,12,66,58,60,60,30,30,,,False,1,NEW,"[{""organization"": ""Microsoft Threat Intelligence"", ""article_title"": ""ASCII smuggling crosses over from AI prompt injection to phishing evasion | Microsoft Security Blog"", ""url"": ""https://www.microsoft.com/en-us/security/blog/2026/09/03/ascii-smuggling-crosses-over-from-ai-prompt-injection-to-phishing-evasion/"", ""published_at"": ""2026-09-03T16:00:00Z"", ""updated_at"": ""2026-09-03T17:51:06Z"", ""reliability"": 0.96}]"
onmicrosoft.com,domain,Spring Ring: An Inside Look at Voice Phishing Campaigns in Microsoft Teams,,,,Palo Alto Networks Unit 42,Spring Ring: An Inside Look at Voice Phishing Campaigns in Microsoft Teams,https://unit42.paloaltonetworks.com/spring-ring-voice-phishing-campaigns/,2026-08-31T10:00:36Z,2026-08-31T13:55:32Z,,,2026-09-20T13:00:00.081404Z,68,6,12,66,58,60,60,30,30,,,False,1,NEW,"[{""organization"": ""Palo Alto Networks Unit 42"", ""article_title"": ""Spring Ring: An Inside Look at Voice Phishing Campaigns in Microsoft Teams"", ""url"": ""https://unit42.paloaltonetworks.com/spring-ring-voice-phishing-campaigns/"", ""published_at"": ""2026-08-31T10:00:36Z"", ""updated_at"": ""2026-08-31T13:55:32Z"", ""reliability"": 0.92}]"
oskeyconnect.com,domain,Passkey-themed social engineering leads to identity and cloud compromise | Microsoft Security Blog,,,,Microsoft Threat Intelligence,Passkey-themed social engineering leads to identity and cloud compromise | Microsoft Security Blog,https://www.microsoft.com/en-us/security/blog/2026/09/09/passkey-themed-social-engineering-leads-identity-cloud-compromise/,2026-09-09T17:41:18Z,2026-09-09T17:59:18Z,,,2026-09-20T13:00:00.081404Z,71,6,12,66,59,60,60,30,30,,,False,1,NEW,"[{""organization"": ""Microsoft Threat Intelligence"", ""article_title"": ""Passkey-themed social engineering leads to identity and cloud compromise | Microsoft Security Blog"", ""url"": ""https://www.microsoft.com/en-us/security/blog/2026/09/09/passkey-themed-social-engineering-leads-identity-cloud-compromise/"", ""published_at"": ""2026-09-09T17:41:18Z"", ""updated_at"": ""2026-09-09T17:59:18Z"", ""reliability"": 0.96}]"
oskeyregister.com,domain,Passkey-themed social engineering leads to identity and cloud compromise | Microsoft Security Blog,,,,Microsoft Threat Intelligence,Passkey-themed social engineering leads to identity and cloud compromise | Microsoft Security Blog,https://www.microsoft.com/en-us/security/blog/2026/09/09/passkey-themed-social-engineering-leads-identity-cloud-compromise/,2026-09-09T17:41:18Z,2026-09-09T17:59:18Z,,,2026-09-20T13:00:00.081404Z,71,6,12,66,59,60,60,30,30,,,False,1,NEW,"[{""organization"": ""Microsoft Threat Intelligence"", ""article_title"": ""Passkey-themed social engineering leads to identity and cloud compromise | Microsoft Security Blog"", ""url"": ""https://www.microsoft.com/en-us/security/blog/2026/09/09/passkey-themed-social-engineering-leads-identity-cloud-compromise/"", ""published_at"": ""2026-09-09T17:41:18Z"", ""updated_at"": ""2026-09-09T17:59:18Z"", ""reliability"": 0.96}]"
oskeysetup.com,domain,Passkey-themed social engineering leads to identity and cloud compromise | Microsoft Security Blog,,,,Microsoft Threat Intelligence,Passkey-themed social engineering leads to identity and cloud compromise | Microsoft Security Blog,https://www.microsoft.com/en-us/security/blog/2026/09/09/passkey-themed-social-engineering-leads-identity-cloud-compromise/,2026-09-09T17:41:18Z,2026-09-09T17:59:18Z,,,2026-09-20T13:00:00.081404Z,71,6,12,66,59,60,60,30,30,,,False,1,NEW,"[{""organization"": ""Microsoft Threat Intelligence"", ""article_title"": ""Passkey-themed social engineering leads to identity and cloud compromise | Microsoft Security Blog"", ""url"": ""https://www.microsoft.com/en-us/security/blog/2026/09/09/passkey-themed-social-engineering-leads-identity-cloud-compromise/"", ""published_at"": ""2026-09-09T17:41:18Z"", ""updated_at"": ""2026-09-09T17:59:18Z"", ""reliability"": 0.96}]"
oskeysync.com,domain,Passkey-themed social engineering leads to identity and cloud compromise | Microsoft Security Blog,,,,Microsoft Threat Intelligence,Passkey-themed social engineering leads to identity and cloud compromise | Microsoft Security Blog,https://www.microsoft.com/en-us/security/blog/2026/09/09/passkey-themed-social-engineering-leads-identity-cloud-compromise/,2026-09-09T17:41:18Z,2026-09-09T17:59:18Z,,,2026-09-20T13:00:00.081404Z,71,6,12,66,59,60,60,30,30,,,False,1,NEW,"[{""organization"": ""Microsoft Threat Intelligence"", ""article_title"": ""Passkey-themed social engineering leads to identity and cloud compromise | Microsoft Security Blog"", ""url"": ""https://www.microsoft.com/en-us/security/blog/2026/09/09/passkey-themed-social-engineering-leads-identity-cloud-compromise/"", ""published_at"": ""2026-09-09T17:41:18Z"", ""updated_at"": ""2026-09-09T17:59:18Z"", ""reliability"": 0.96}]"
ourbusinessloans.com,domain,ASCII smuggling crosses over from AI prompt injection to phishing evasion | Microsoft Security Blog,,,,Microsoft Threat Intelligence,ASCII smuggling crosses over from AI prompt injection to phishing evasion | Microsoft Security Blog,https://www.microsoft.com/en-us/security/blog/2026/09/03/ascii-smuggling-crosses-over-from-ai-prompt-injection-to-phishing-evasion/,2026-09-03T16:00:00Z,2026-09-03T17:51:06Z,,,2026-09-20T13:00:00.081404Z,71,5,12,66,58,60,60,30,30,,,False,1,NEW,"[{""organization"": ""Microsoft Threat Intelligence"", ""article_title"": ""ASCII smuggling crosses over from AI prompt injection to phishing evasion | Microsoft Security Blog"", ""url"": ""https://www.microsoft.com/en-us/security/blog/2026/09/03/ascii-smuggling-crosses-over-from-ai-prompt-injection-to-phishing-evasion/"", ""published_at"": ""2026-09-03T16:00:00Z"", ""updated_at"": ""2026-09-03T17:51:06Z"", ""reliability"": 0.96}]"
partpipe.xyz,domain,Untracked Nightmares: The Threats Hiding Behind Commodity Infrastructure,,,,Palo Alto Networks Unit 42,Untracked Nightmares: The Threats Hiding Behind Commodity Infrastructure,https://unit42.paloaltonetworks.com/ppi-network-malware-campaign-analysis/,2026-09-09T10:00:55Z,,,,2026-09-20T13:00:00.081404Z,68,6,12,66,58,60,60,30,30,,,False,1,NEW,"[{""organization"": ""Palo Alto Networks Unit 42"", ""article_title"": ""Untracked Nightmares: The Threats Hiding Behind Commodity Infrastructure"", ""url"": ""https://unit42.paloaltonetworks.com/ppi-network-malware-campaign-analysis/"", ""published_at"": ""2026-09-09T10:00:55Z"", ""updated_at"": null, ""reliability"": 0.92}]"
partyfriends.cfd,domain,Untracked Nightmares: The Threats Hiding Behind Commodity Infrastructure,,,,Palo Alto Networks Unit 42,Untracked Nightmares: The Threats Hiding Behind Commodity Infrastructure,https://unit42.paloaltonetworks.com/ppi-network-malware-campaign-analysis/,2026-09-09T10:00:55Z,,,,2026-09-20T13:00:00.081404Z,68,6,12,66,58,60,60,30,30,,,False,1,NEW,"[{""organization"": ""Palo Alto Networks Unit 42"", ""article_title"": ""Untracked Nightmares: The Threats Hiding Behind Commodity Infrastructure"", ""url"": ""https://unit42.paloaltonetworks.com/ppi-network-malware-campaign-analysis/"", ""published_at"": ""2026-09-09T10:00:55Z"", ""updated_at"": null, ""reliability"": 0.92}]"
passengerbrake.space,domain,Untracked Nightmares: The Threats Hiding Behind Commodity Infrastructure,,,,Palo Alto Networks Unit 42,Untracked Nightmares: The Threats Hiding Behind Commodity Infrastructure,https://unit42.paloaltonetworks.com/ppi-network-malware-campaign-analysis/,2026-09-09T10:00:55Z,,,,2026-09-20T13:00:00.081404Z,68,6,12,66,58,60,60,30,30,,,False,1,NEW,"[{""organization"": ""Palo Alto Networks Unit 42"", ""article_title"": ""Untracked Nightmares: The Threats Hiding Behind Commodity Infrastructure"", ""url"": ""https://unit42.paloaltonetworks.com/ppi-network-malware-campaign-analysis/"", ""published_at"": ""2026-09-09T10:00:55Z"", ""updated_at"": null, ""reliability"": 0.92}]"
passkeyhelpdesk.com,domain,Passkey-themed social engineering leads to identity and cloud compromise | Microsoft Security Blog,,,,Microsoft Threat Intelligence,Passkey-themed social engineering leads to identity and cloud compromise | Microsoft Security Blog,https://www.microsoft.com/en-us/security/blog/2026/09/09/passkey-themed-social-engineering-leads-identity-cloud-compromise/,2026-09-09T17:41:18Z,2026-09-09T17:59:18Z,,,2026-09-20T13:00:00.081404Z,71,6,12,66,59,60,60,30,30,,,False,1,NEW,"[{""organization"": ""Microsoft Threat Intelligence"", ""article_title"": ""Passkey-themed social engineering leads to identity and cloud compromise | Microsoft Security Blog"", ""url"": ""https://www.microsoft.com/en-us/security/blog/2026/09/09/passkey-themed-social-engineering-leads-identity-cloud-compromise/"", ""published_at"": ""2026-09-09T17:41:18Z"", ""updated_at"": ""2026-09-09T17:59:18Z"", ""reliability"": 0.96}]"
paste.sh,domain,ClickFix moves into the browser: Cryptocurrency theft with Google-hosted C2,,,,Cisco Talos,ClickFix moves into the browser: Cryptocurrency theft with Google-hosted C2,https://blog.talosintelligence.com/clickfix-moves-into-the-browser/,2026-09-08T10:00:38Z,2026-09-16T12:06:49Z,,,2026-09-20T13:00:00.081404Z,68,7,15,66,62,60,60,30,30,,,False,1,NEW,"[{""organization"": ""Cisco Talos"", ""article_title"": ""ClickFix moves into the browser: Cryptocurrency theft with Google-hosted C2"", ""url"": ""https://blog.talosintelligence.com/clickfix-moves-into-the-browser/"", ""published_at"": ""2026-09-08T10:00:38Z"", ""updated_at"": ""2026-09-16T12:06:49Z"", ""reliability"": 0.92}]"
pastebin.com,domain,ClickFix moves into the browser: Cryptocurrency theft with Google-hosted C2,,,,Cisco Talos,ClickFix moves into the browser: Cryptocurrency theft with Google-hosted C2,https://blog.talosintelligence.com/clickfix-moves-into-the-browser/,2026-09-08T10:00:38Z,2026-09-16T12:06:49Z,,,2026-09-20T13:00:00.081404Z,68,7,15,66,62,60,60,30,30,,,False,1,NEW,"[{""organization"": ""Cisco Talos"", ""article_title"": ""ClickFix moves into the browser: Cryptocurrency theft with Google-hosted C2"", ""url"": ""https://blog.talosintelligence.com/clickfix-moves-into-the-browser/"", ""published_at"": ""2026-09-08T10:00:38Z"", ""updated_at"": ""2026-09-16T12:06:49Z"", ""reliability"": 0.92}]"
paternal-angrily.com,domain,"ClearFake WebDAV infection chain delivers Amatera stealer, ZigCryptoStealer, and NetSupport Manager",,,,Cisco Talos,"ClearFake WebDAV infection chain delivers Amatera stealer, ZigCryptoStealer, and NetSupport Manager",https://blog.talosintelligence.com/clearfake-webdav-infection-chain/,2026-09-08T10:01:07Z,2026-09-10T09:03:00Z,,,2026-09-20T13:00:00.081404Z,68,6,12,66,58,60,60,30,30,,,False,1,NEW,"[{""organization"": ""Cisco Talos"", ""article_title"": ""ClearFake WebDAV infection chain delivers Amatera stealer, ZigCryptoStealer, and NetSupport Manager"", ""url"": ""https://blog.talosintelligence.com/clearfake-webdav-infection-chain/"", ""published_at"": ""2026-09-08T10:01:07Z"", ""updated_at"": ""2026-09-10T09:03:00Z"", ""reliability"": 0.92}]"
pc-razerzone.com.cn,domain,Counterfeit installers to system compromise: Tracking a deceptive software download campaign | Microsoft Security Blog,,,,Microsoft Threat Intelligence,Counterfeit installers to system compromise: Tracking a deceptive software download campaign | Microsoft Security Blog,https://www.microsoft.com/en-us/security/blog/2026/09/01/counterfeit-installers-system-compromise-tracking-deceptive-software-download-campaign/,2026-09-01T22:48:28Z,2026-09-01T22:48:42Z,,,2026-09-20T13:00:00.081404Z,71,6,12,66,59,60,60,30,30,,,False,1,NEW,"[{""organization"": ""Microsoft Threat Intelligence"", ""article_title"": ""Counterfeit installers to system compromise: Tracking a deceptive software download campaign | Microsoft Security Blog"", ""url"": ""https://www.microsoft.com/en-us/security/blog/2026/09/01/counterfeit-installers-system-compromise-tracking-deceptive-software-download-campaign/"", ""published_at"": ""2026-09-01T22:48:28Z"", ""updated_at"": ""2026-09-01T22:48:42Z"", ""reliability"": 0.96}]"
peacejewel.xyz,domain,Untracked Nightmares: The Threats Hiding Behind Commodity Infrastructure,,,,Palo Alto Networks Unit 42,Untracked Nightmares: The Threats Hiding Behind Commodity Infrastructure,https://unit42.paloaltonetworks.com/ppi-network-malware-campaign-analysis/,2026-09-09T10:00:55Z,,,,2026-09-20T13:00:00.081404Z,68,6,12,66,58,60,60,30,30,,,False,1,NEW,"[{""organization"": ""Palo Alto Networks Unit 42"", ""article_title"": ""Untracked Nightmares: The Threats Hiding Behind Commodity Infrastructure"", ""url"": ""https://unit42.paloaltonetworks.com/ppi-network-malware-campaign-analysis/"", ""published_at"": ""2026-09-09T10:00:55Z"", ""updated_at"": null, ""reliability"": 0.92}]"
peacetongue.xyz,domain,Untracked Nightmares: The Threats Hiding Behind Commodity Infrastructure,,,,Palo Alto Networks Unit 42,Untracked Nightmares: The Threats Hiding Behind Commodity Infrastructure,https://unit42.paloaltonetworks.com/ppi-network-malware-campaign-analysis/,2026-09-09T10:00:55Z,,,,2026-09-20T13:00:00.081404Z,68,6,12,66,58,60,60,30,30,,,False,1,NEW,"[{""organization"": ""Palo Alto Networks Unit 42"", ""article_title"": ""Untracked Nightmares: The Threats Hiding Behind Commodity Infrastructure"", ""url"": ""https://unit42.paloaltonetworks.com/ppi-network-malware-campaign-analysis/"", ""published_at"": ""2026-09-09T10:00:55Z"", ""updated_at"": null, ""reliability"": 0.92}]"
petminister.xyz,domain,Untracked Nightmares: The Threats Hiding Behind Commodity Infrastructure,,,,Palo Alto Networks Unit 42,Untracked Nightmares: The Threats Hiding Behind Commodity Infrastructure,https://unit42.paloaltonetworks.com/ppi-network-malware-campaign-analysis/,2026-09-09T10:00:55Z,,,,2026-09-20T13:00:00.081404Z,68,6,12,66,58,60,60,30,30,,,False,1,NEW,"[{""organization"": ""Palo Alto Networks Unit 42"", ""article_title"": ""Untracked Nightmares: The Threats Hiding Behind Commodity Infrastructure"", ""url"": ""https://unit42.paloaltonetworks.com/ppi-network-malware-campaign-analysis/"", ""published_at"": ""2026-09-09T10:00:55Z"", ""updated_at"": null, ""reliability"": 0.92}]"
pf.ch,domain,"ClearFake WebDAV infection chain delivers Amatera stealer, ZigCryptoStealer, and NetSupport Manager",,,,Cisco Talos,"ClearFake WebDAV infection chain delivers Amatera stealer, ZigCryptoStealer, and NetSupport Manager",https://blog.talosintelligence.com/clearfake-webdav-infection-chain/,2026-09-08T10:01:07Z,2026-09-10T09:03:00Z,,,2026-09-20T13:00:00.081404Z,68,6,12,66,58,60,60,30,30,,,False,1,NEW,"[{""organization"": ""Cisco Talos"", ""article_title"": ""ClearFake WebDAV infection chain delivers Amatera stealer, ZigCryptoStealer, and NetSupport Manager"", ""url"": ""https://blog.talosintelligence.com/clearfake-webdav-infection-chain/"", ""published_at"": ""2026-09-08T10:01:07Z"", ""updated_at"": ""2026-09-10T09:03:00Z"", ""reliability"": 0.92}]"
pictureporter.cfd,domain,Untracked Nightmares: The Threats Hiding Behind Commodity Infrastructure,,,,Palo Alto Networks Unit 42,Untracked Nightmares: The Threats Hiding Behind Commodity Infrastructure,https://unit42.paloaltonetworks.com/ppi-network-malware-campaign-analysis/,2026-09-09T10:00:55Z,,,,2026-09-20T13:00:00.081404Z,68,6,12,66,58,60,60,30,30,,,False,1,NEW,"[{""organization"": ""Palo Alto Networks Unit 42"", ""article_title"": ""Untracked Nightmares: The Threats Hiding Behind Commodity Infrastructure"", ""url"": ""https://unit42.paloaltonetworks.com/ppi-network-malware-campaign-analysis/"", ""published_at"": ""2026-09-09T10:00:55Z"", ""updated_at"": null, ""reliability"": 0.92}]"
pieplant.space,domain,Untracked Nightmares: The Threats Hiding Behind Commodity Infrastructure,,,,Palo Alto Networks Unit 42,Untracked Nightmares: The Threats Hiding Behind Commodity Infrastructure,https://unit42.paloaltonetworks.com/ppi-network-malware-campaign-analysis/,2026-09-09T10:00:55Z,,,,2026-09-20T13:00:00.081404Z,68,6,12,66,58,60,60,30,30,,,False,1,NEW,"[{""organization"": ""Palo Alto Networks Unit 42"", ""article_title"": ""Untracked Nightmares: The Threats Hiding Behind Commodity Infrastructure"", ""url"": ""https://unit42.paloaltonetworks.com/ppi-network-malware-campaign-analysis/"", ""published_at"": ""2026-09-09T10:00:55Z"", ""updated_at"": null, ""reliability"": 0.92}]"
pizzasthread.xyz,domain,Untracked Nightmares: The Threats Hiding Behind Commodity Infrastructure,,,,Palo Alto Networks Unit 42,Untracked Nightmares: The Threats Hiding Behind Commodity Infrastructure,https://unit42.paloaltonetworks.com/ppi-network-malware-campaign-analysis/,2026-09-09T10:00:55Z,,,,2026-09-20T13:00:00.081404Z,68,6,12,66,58,60,60,30,30,,,False,1,NEW,"[{""organization"": ""Palo Alto Networks Unit 42"", ""article_title"": ""Untracked Nightmares: The Threats Hiding Behind Commodity Infrastructure"", ""url"": ""https://unit42.paloaltonetworks.com/ppi-network-malware-campaign-analysis/"", ""published_at"": ""2026-09-09T10:00:55Z"", ""updated_at"": null, ""reliability"": 0.92}]"
pkg.vogueatelier.cc,domain,"ClearFake WebDAV infection chain delivers Amatera stealer, ZigCryptoStealer, and NetSupport Manager",,,,Cisco Talos,"ClearFake WebDAV infection chain delivers Amatera stealer, ZigCryptoStealer, and NetSupport Manager",https://blog.talosintelligence.com/clearfake-webdav-infection-chain/,2026-09-08T10:01:07Z,2026-09-10T09:03:00Z,,,2026-09-20T13:00:00.081404Z,68,6,12,66,58,60,60,30,30,,,False,1,NEW,"[{""organization"": ""Cisco Talos"", ""article_title"": ""ClearFake WebDAV infection chain delivers Amatera stealer, ZigCryptoStealer, and NetSupport Manager"", ""url"": ""https://blog.talosintelligence.com/clearfake-webdav-infection-chain/"", ""published_at"": ""2026-09-08T10:01:07Z"", ""updated_at"": ""2026-09-10T09:03:00Z"", ""reliability"": 0.92}]"
placespoon.xyz,domain,Untracked Nightmares: The Threats Hiding Behind Commodity Infrastructure,,,,Palo Alto Networks Unit 42,Untracked Nightmares: The Threats Hiding Behind Commodity Infrastructure,https://unit42.paloaltonetworks.com/ppi-network-malware-campaign-analysis/,2026-09-09T10:00:55Z,,,,2026-09-20T13:00:00.081404Z,68,6,12,66,58,60,60,30,30,,,False,1,NEW,"[{""organization"": ""Palo Alto Networks Unit 42"", ""article_title"": ""Untracked Nightmares: The Threats Hiding Behind Commodity Infrastructure"", ""url"": ""https://unit42.paloaltonetworks.com/ppi-network-malware-campaign-analysis/"", ""published_at"": ""2026-09-09T10:00:55Z"", ""updated_at"": null, ""reliability"": 0.92}]"
pleasurewaves.info,domain,Untracked Nightmares: The Threats Hiding Behind Commodity Infrastructure,,,,Palo Alto Networks Unit 42,Untracked Nightmares: The Threats Hiding Behind Commodity Infrastructure,https://unit42.paloaltonetworks.com/ppi-network-malware-campaign-analysis/,2026-09-09T10:00:55Z,,,,2026-09-20T13:00:00.081404Z,68,6,12,66,58,60,60,30,30,,,False,1,NEW,"[{""organization"": ""Palo Alto Networks Unit 42"", ""article_title"": ""Untracked Nightmares: The Threats Hiding Behind Commodity Infrastructure"", ""url"": ""https://unit42.paloaltonetworks.com/ppi-network-malware-campaign-analysis/"", ""published_at"": ""2026-09-09T10:00:55Z"", ""updated_at"": null, ""reliability"": 0.92}]"
popcornregret.xyz,domain,Untracked Nightmares: The Threats Hiding Behind Commodity Infrastructure,,,,Palo Alto Networks Unit 42,Untracked Nightmares: The Threats Hiding Behind Commodity Infrastructure,https://unit42.paloaltonetworks.com/ppi-network-malware-campaign-analysis/,2026-09-09T10:00:55Z,,,,2026-09-20T13:00:00.081404Z,68,6,12,66,58,60,60,30,30,,,False,1,NEW,"[{""organization"": ""Palo Alto Networks Unit 42"", ""article_title"": ""Untracked Nightmares: The Threats Hiding Behind Commodity Infrastructure"", ""url"": ""https://unit42.paloaltonetworks.com/ppi-network-malware-campaign-analysis/"", ""published_at"": ""2026-09-09T10:00:55Z"", ""updated_at"": null, ""reliability"": 0.92}]"
portalsetuphub.com,domain,Passkey-themed social engineering leads to identity and cloud compromise | Microsoft Security Blog,,,,Microsoft Threat Intelligence,Passkey-themed social engineering leads to identity and cloud compromise | Microsoft Security Blog,https://www.microsoft.com/en-us/security/blog/2026/09/09/passkey-themed-social-engineering-leads-identity-cloud-compromise/,2026-09-09T17:41:18Z,2026-09-09T17:59:18Z,,,2026-09-20T13:00:00.081404Z,71,6,12,66,59,60,60,30,30,,,False,1,NEW,"[{""organization"": ""Microsoft Threat Intelligence"", ""article_title"": ""Passkey-themed social engineering leads to identity and cloud compromise | Microsoft Security Blog"", ""url"": ""https://www.microsoft.com/en-us/security/blog/2026/09/09/passkey-themed-social-engineering-leads-identity-cloud-compromise/"", ""published_at"": ""2026-09-09T17:41:18Z"", ""updated_at"": ""2026-09-09T17:59:18Z"", ""reliability"": 0.96}]"
porterdebt.xyz,domain,Untracked Nightmares: The Threats Hiding Behind Commodity Infrastructure,,,,Palo Alto Networks Unit 42,Untracked Nightmares: The Threats Hiding Behind Commodity Infrastructure,https://unit42.paloaltonetworks.com/ppi-network-malware-campaign-analysis/,2026-09-09T10:00:55Z,,,,2026-09-20T13:00:00.081404Z,68,6,12,66,58,60,60,30,30,,,False,1,NEW,"[{""organization"": ""Palo Alto Networks Unit 42"", ""article_title"": ""Untracked Nightmares: The Threats Hiding Behind Commodity Infrastructure"", ""url"": ""https://unit42.paloaltonetworks.com/ppi-network-malware-campaign-analysis/"", ""published_at"": ""2026-09-09T10:00:55Z"", ""updated_at"": null, ""reliability"": 0.92}]"
powerbushes.xyz,domain,Untracked Nightmares: The Threats Hiding Behind Commodity Infrastructure,,,,Palo Alto Networks Unit 42,Untracked Nightmares: The Threats Hiding Behind Commodity Infrastructure,https://unit42.paloaltonetworks.com/ppi-network-malware-campaign-analysis/,2026-09-09T10:00:55Z,,,,2026-09-20T13:00:00.081404Z,68,6,12,66,58,60,60,30,30,,,False,1,NEW,"[{""organization"": ""Palo Alto Networks Unit 42"", ""article_title"": ""Untracked Nightmares: The Threats Hiding Behind Commodity Infrastructure"", ""url"": ""https://unit42.paloaltonetworks.com/ppi-network-malware-campaign-analysis/"", ""published_at"": ""2026-09-09T10:00:55Z"", ""updated_at"": null, ""reliability"": 0.92}]"
profitfact.xyz,domain,Untracked Nightmares: The Threats Hiding Behind Commodity Infrastructure,,,,Palo Alto Networks Unit 42,Untracked Nightmares: The Threats Hiding Behind Commodity Infrastructure,https://unit42.paloaltonetworks.com/ppi-network-malware-campaign-analysis/,2026-09-09T10:00:55Z,,,,2026-09-20T13:00:00.081404Z,68,6,12,66,58,60,60,30,30,,,False,1,NEW,"[{""organization"": ""Palo Alto Networks Unit 42"", ""article_title"": ""Untracked Nightmares: The Threats Hiding Behind Commodity Infrastructure"", ""url"": ""https://unit42.paloaltonetworks.com/ppi-network-malware-campaign-analysis/"", ""published_at"": ""2026-09-09T10:00:55Z"", ""updated_at"": null, ""reliability"": 0.92}]"
prosetoothbrush.xyz,domain,Untracked Nightmares: The Threats Hiding Behind Commodity Infrastructure,,,,Palo Alto Networks Unit 42,Untracked Nightmares: The Threats Hiding Behind Commodity Infrastructure,https://unit42.paloaltonetworks.com/ppi-network-malware-campaign-analysis/,2026-09-09T10:00:55Z,,,,2026-09-20T13:00:00.081404Z,68,6,12,66,58,60,60,30,30,,,False,1,NEW,"[{""organization"": ""Palo Alto Networks Unit 42"", ""article_title"": ""Untracked Nightmares: The Threats Hiding Behind Commodity Infrastructure"", ""url"": ""https://unit42.paloaltonetworks.com/ppi-network-malware-campaign-analysis/"", ""published_at"": ""2026-09-09T10:00:55Z"", ""updated_at"": null, ""reliability"": 0.92}]"
quincepage.xyz,domain,Untracked Nightmares: The Threats Hiding Behind Commodity Infrastructure,,,,Palo Alto Networks Unit 42,Untracked Nightmares: The Threats Hiding Behind Commodity Infrastructure,https://unit42.paloaltonetworks.com/ppi-network-malware-campaign-analysis/,2026-09-09T10:00:55Z,,,,2026-09-20T13:00:00.081404Z,68,6,12,66,58,60,60,30,30,,,False,1,NEW,"[{""organization"": ""Palo Alto Networks Unit 42"", ""article_title"": ""Untracked Nightmares: The Threats Hiding Behind Commodity Infrastructure"", ""url"": ""https://unit42.paloaltonetworks.com/ppi-network-malware-campaign-analysis/"", ""published_at"": ""2026-09-09T10:00:55Z"", ""updated_at"": null, ""reliability"": 0.92}]"
qwjre1487.com,domain,Counterfeit installers to system compromise: Tracking a deceptive software download campaign | Microsoft Security Blog,,,,Microsoft Threat Intelligence,Counterfeit installers to system compromise: Tracking a deceptive software download campaign | Microsoft Security Blog,https://www.microsoft.com/en-us/security/blog/2026/09/01/counterfeit-installers-system-compromise-tracking-deceptive-software-download-campaign/,2026-09-01T22:48:28Z,2026-09-01T22:48:42Z,,,2026-09-20T13:00:00.081404Z,71,6,12,66,59,60,60,30,30,,,False,1,NEW,"[{""organization"": ""Microsoft Threat Intelligence"", ""article_title"": ""Counterfeit installers to system compromise: Tracking a deceptive software download campaign | Microsoft Security Blog"", ""url"": ""https://www.microsoft.com/en-us/security/blog/2026/09/01/counterfeit-installers-system-compromise-tracking-deceptive-software-download-campaign/"", ""published_at"": ""2026-09-01T22:48:28Z"", ""updated_at"": ""2026-09-01T22:48:42Z"", ""reliability"": 0.96}]"
raintexture.xyz,domain,Untracked Nightmares: The Threats Hiding Behind Commodity Infrastructure,,,,Palo Alto Networks Unit 42,Untracked Nightmares: The Threats Hiding Behind Commodity Infrastructure,https://unit42.paloaltonetworks.com/ppi-network-malware-campaign-analysis/,2026-09-09T10:00:55Z,,,,2026-09-20T13:00:00.081404Z,68,6,12,66,58,60,60,30,30,,,False,1,NEW,"[{""organization"": ""Palo Alto Networks Unit 42"", ""article_title"": ""Untracked Nightmares: The Threats Hiding Behind Commodity Infrastructure"", ""url"": ""https://unit42.paloaltonetworks.com/ppi-network-malware-campaign-analysis/"", ""published_at"": ""2026-09-09T10:00:55Z"", ""updated_at"": null, ""reliability"": 0.92}]"
rakepurpose.xyz,domain,Untracked Nightmares: The Threats Hiding Behind Commodity Infrastructure,,,,Palo Alto Networks Unit 42,Untracked Nightmares: The Threats Hiding Behind Commodity Infrastructure,https://unit42.paloaltonetworks.com/ppi-network-malware-campaign-analysis/,2026-09-09T10:00:55Z,,,,2026-09-20T13:00:00.081404Z,68,6,12,66,58,60,60,30,30,,,False,1,NEW,"[{""organization"": ""Palo Alto Networks Unit 42"", ""article_title"": ""Untracked Nightmares: The Threats Hiding Behind Commodity Infrastructure"", ""url"": ""https://unit42.paloaltonetworks.com/ppi-network-malware-campaign-analysis/"", ""published_at"": ""2026-09-09T10:00:55Z"", ""updated_at"": null, ""reliability"": 0.92}]"
raterake.cfd,domain,Untracked Nightmares: The Threats Hiding Behind Commodity Infrastructure,,,,Palo Alto Networks Unit 42,Untracked Nightmares: The Threats Hiding Behind Commodity Infrastructure,https://unit42.paloaltonetworks.com/ppi-network-malware-campaign-analysis/,2026-09-09T10:00:55Z,,,,2026-09-20T13:00:00.081404Z,68,6,12,66,58,60,60,30,30,,,False,1,NEW,"[{""organization"": ""Palo Alto Networks Unit 42"", ""article_title"": ""Untracked Nightmares: The Threats Hiding Behind Commodity Infrastructure"", ""url"": ""https://unit42.paloaltonetworks.com/ppi-network-malware-campaign-analysis/"", ""published_at"": ""2026-09-09T10:00:55Z"", ""updated_at"": null, ""reliability"": 0.92}]"
ravexoffical.blogspot.com,domain,Untracked Nightmares: The Threats Hiding Behind Commodity Infrastructure,,,,Palo Alto Networks Unit 42,Untracked Nightmares: The Threats Hiding Behind Commodity Infrastructure,https://unit42.paloaltonetworks.com/ppi-network-malware-campaign-analysis/,2026-09-09T10:00:55Z,,,,2026-09-20T13:00:00.081404Z,68,6,12,66,58,60,60,30,30,,,False,1,NEW,"[{""organization"": ""Palo Alto Networks Unit 42"", ""article_title"": ""Untracked Nightmares: The Threats Hiding Behind Commodity Infrastructure"", ""url"": ""https://unit42.paloaltonetworks.com/ppi-network-malware-campaign-analysis/"", ""published_at"": ""2026-09-09T10:00:55Z"", ""updated_at"": null, ""reliability"": 0.92}]"
readingscience.xyz,domain,Untracked Nightmares: The Threats Hiding Behind Commodity Infrastructure,,,,Palo Alto Networks Unit 42,Untracked Nightmares: The Threats Hiding Behind Commodity Infrastructure,https://unit42.paloaltonetworks.com/ppi-network-malware-campaign-analysis/,2026-09-09T10:00:55Z,,,,2026-09-20T13:00:00.081404Z,68,6,12,66,58,60,60,30,30,,,False,1,NEW,"[{""organization"": ""Palo Alto Networks Unit 42"", ""article_title"": ""Untracked Nightmares: The Threats Hiding Behind Commodity Infrastructure"", ""url"": ""https://unit42.paloaltonetworks.com/ppi-network-malware-campaign-analysis/"", ""published_at"": ""2026-09-09T10:00:55Z"", ""updated_at"": null, ""reliability"": 0.92}]"
reasonachiever.xyz,domain,Untracked Nightmares: The Threats Hiding Behind Commodity Infrastructure,,,,Palo Alto Networks Unit 42,Untracked Nightmares: The Threats Hiding Behind Commodity Infrastructure,https://unit42.paloaltonetworks.com/ppi-network-malware-campaign-analysis/,2026-09-09T10:00:55Z,,,,2026-09-20T13:00:00.081404Z,68,6,12,66,58,60,60,30,30,,,False,1,NEW,"[{""organization"": ""Palo Alto Networks Unit 42"", ""article_title"": ""Untracked Nightmares: The Threats Hiding Behind Commodity Infrastructure"", ""url"": ""https://unit42.paloaltonetworks.com/ppi-network-malware-campaign-analysis/"", ""published_at"": ""2026-09-09T10:00:55Z"", ""updated_at"": null, ""reliability"": 0.92}]"
recessgiraffe.xyz,domain,Untracked Nightmares: The Threats Hiding Behind Commodity Infrastructure,,,,Palo Alto Networks Unit 42,Untracked Nightmares: The Threats Hiding Behind Commodity Infrastructure,https://unit42.paloaltonetworks.com/ppi-network-malware-campaign-analysis/,2026-09-09T10:00:55Z,,,,2026-09-20T13:00:00.081404Z,68,6,12,66,58,60,60,30,30,,,False,1,NEW,"[{""organization"": ""Palo Alto Networks Unit 42"", ""article_title"": ""Untracked Nightmares: The Threats Hiding Behind Commodity Infrastructure"", ""url"": ""https://unit42.paloaltonetworks.com/ppi-network-malware-campaign-analysis/"", ""published_at"": ""2026-09-09T10:00:55Z"", ""updated_at"": null, ""reliability"": 0.92}]"
recordhistory.xyz,domain,Untracked Nightmares: The Threats Hiding Behind Commodity Infrastructure,,,,Palo Alto Networks Unit 42,Untracked Nightmares: The Threats Hiding Behind Commodity Infrastructure,https://unit42.paloaltonetworks.com/ppi-network-malware-campaign-analysis/,2026-09-09T10:00:55Z,,,,2026-09-20T13:00:00.081404Z,68,6,12,66,58,60,60,30,30,,,False,1,NEW,"[{""organization"": ""Palo Alto Networks Unit 42"", ""article_title"": ""Untracked Nightmares: The Threats Hiding Behind Commodity Infrastructure"", ""url"": ""https://unit42.paloaltonetworks.com/ppi-network-malware-campaign-analysis/"", ""published_at"": ""2026-09-09T10:00:55Z"", ""updated_at"": null, ""reliability"": 0.92}]"
reg.pcsdkflyer.ca,domain,Untracked Nightmares: The Threats Hiding Behind Commodity Infrastructure,,,,Palo Alto Networks Unit 42,Untracked Nightmares: The Threats Hiding Behind Commodity Infrastructure,https://unit42.paloaltonetworks.com/ppi-network-malware-campaign-analysis/,2026-09-09T10:00:55Z,,,,2026-09-20T13:00:00.081404Z,68,6,12,66,58,60,60,30,30,,,False,1,NEW,"[{""organization"": ""Palo Alto Networks Unit 42"", ""article_title"": ""Untracked Nightmares: The Threats Hiding Behind Commodity Infrastructure"", ""url"": ""https://unit42.paloaltonetworks.com/ppi-network-malware-campaign-analysis/"", ""published_at"": ""2026-09-09T10:00:55Z"", ""updated_at"": null, ""reliability"": 0.92}]"
regretsquirrel.xyz,domain,Untracked Nightmares: The Threats Hiding Behind Commodity Infrastructure,,,,Palo Alto Networks Unit 42,Untracked Nightmares: The Threats Hiding Behind Commodity Infrastructure,https://unit42.paloaltonetworks.com/ppi-network-malware-campaign-analysis/,2026-09-09T10:00:55Z,,,,2026-09-20T13:00:00.081404Z,68,6,12,66,58,60,60,30,30,,,False,1,NEW,"[{""organization"": ""Palo Alto Networks Unit 42"", ""article_title"": ""Untracked Nightmares: The Threats Hiding Behind Commodity Infrastructure"", ""url"": ""https://unit42.paloaltonetworks.com/ppi-network-malware-campaign-analysis/"", ""published_at"": ""2026-09-09T10:00:55Z"", ""updated_at"": null, ""reliability"": 0.92}]"
restbucket.xyz,domain,Untracked Nightmares: The Threats Hiding Behind Commodity Infrastructure,,,,Palo Alto Networks Unit 42,Untracked Nightmares: The Threats Hiding Behind Commodity Infrastructure,https://unit42.paloaltonetworks.com/ppi-network-malware-campaign-analysis/,2026-09-09T10:00:55Z,,,,2026-09-20T13:00:00.081404Z,68,6,12,66,58,60,60,30,30,,,False,1,NEW,"[{""organization"": ""Palo Alto Networks Unit 42"", ""article_title"": ""Untracked Nightmares: The Threats Hiding Behind Commodity Infrastructure"", ""url"": ""https://unit42.paloaltonetworks.com/ppi-network-malware-campaign-analysis/"", ""published_at"": ""2026-09-09T10:00:55Z"", ""updated_at"": null, ""reliability"": 0.92}]"
ricestar.xyz,domain,Untracked Nightmares: The Threats Hiding Behind Commodity Infrastructure,,,,Palo Alto Networks Unit 42,Untracked Nightmares: The Threats Hiding Behind Commodity Infrastructure,https://unit42.paloaltonetworks.com/ppi-network-malware-campaign-analysis/,2026-09-09T10:00:55Z,,,,2026-09-20T13:00:00.081404Z,68,6,12,66,58,60,60,30,30,,,False,1,NEW,"[{""organization"": ""Palo Alto Networks Unit 42"", ""article_title"": ""Untracked Nightmares: The Threats Hiding Behind Commodity Infrastructure"", ""url"": ""https://unit42.paloaltonetworks.com/ppi-network-malware-campaign-analysis/"", ""published_at"": ""2026-09-09T10:00:55Z"", ""updated_at"": null, ""reliability"": 0.92}]"
rifledog.xyz,domain,Untracked Nightmares: The Threats Hiding Behind Commodity Infrastructure,,,,Palo Alto Networks Unit 42,Untracked Nightmares: The Threats Hiding Behind Commodity Infrastructure,https://unit42.paloaltonetworks.com/ppi-network-malware-campaign-analysis/,2026-09-09T10:00:55Z,,,,2026-09-20T13:00:00.081404Z,68,6,12,66,58,60,60,30,30,,,False,1,NEW,"[{""organization"": ""Palo Alto Networks Unit 42"", ""article_title"": ""Untracked Nightmares: The Threats Hiding Behind Commodity Infrastructure"", ""url"": ""https://unit42.paloaltonetworks.com/ppi-network-malware-campaign-analysis/"", ""published_at"": ""2026-09-09T10:00:55Z"", ""updated_at"": null, ""reliability"": 0.92}]"
ringsparcel.xyz,domain,Untracked Nightmares: The Threats Hiding Behind Commodity Infrastructure,,,,Palo Alto Networks Unit 42,Untracked Nightmares: The Threats Hiding Behind Commodity Infrastructure,https://unit42.paloaltonetworks.com/ppi-network-malware-campaign-analysis/,2026-09-09T10:00:55Z,,,,2026-09-20T13:00:00.081404Z,68,6,12,66,58,60,60,30,30,,,False,1,NEW,"[{""organization"": ""Palo Alto Networks Unit 42"", ""article_title"": ""Untracked Nightmares: The Threats Hiding Behind Commodity Infrastructure"", ""url"": ""https://unit42.paloaltonetworks.com/ppi-network-malware-campaign-analysis/"", ""published_at"": ""2026-09-09T10:00:55Z"", ""updated_at"": null, ""reliability"": 0.92}]"
riyazinikokar.xyz,domain,"ClearFake WebDAV infection chain delivers Amatera stealer, ZigCryptoStealer, and NetSupport Manager",,,,Cisco Talos,"ClearFake WebDAV infection chain delivers Amatera stealer, ZigCryptoStealer, and NetSupport Manager",https://blog.talosintelligence.com/clearfake-webdav-infection-chain/,2026-09-08T10:01:07Z,2026-09-10T09:03:00Z,,,2026-09-20T13:00:00.081404Z,68,6,12,66,58,60,60,30,30,,,False,1,NEW,"[{""organization"": ""Cisco Talos"", ""article_title"": ""ClearFake WebDAV infection chain delivers Amatera stealer, ZigCryptoStealer, and NetSupport Manager"", ""url"": ""https://blog.talosintelligence.com/clearfake-webdav-infection-chain/"", ""published_at"": ""2026-09-08T10:01:07Z"", ""updated_at"": ""2026-09-10T09:03:00Z"", ""reliability"": 0.92}]"
roadyear.xyz,domain,Untracked Nightmares: The Threats Hiding Behind Commodity Infrastructure,,,,Palo Alto Networks Unit 42,Untracked Nightmares: The Threats Hiding Behind Commodity Infrastructure,https://unit42.paloaltonetworks.com/ppi-network-malware-campaign-analysis/,2026-09-09T10:00:55Z,,,,2026-09-20T13:00:00.081404Z,68,6,12,66,58,60,60,30,30,,,False,1,NEW,"[{""organization"": ""Palo Alto Networks Unit 42"", ""article_title"": ""Untracked Nightmares: The Threats Hiding Behind Commodity Infrastructure"", ""url"": ""https://unit42.paloaltonetworks.com/ppi-network-malware-campaign-analysis/"", ""published_at"": ""2026-09-09T10:00:55Z"", ""updated_at"": null, ""reliability"": 0.92}]"
rockcredit.space,domain,Untracked Nightmares: The Threats Hiding Behind Commodity Infrastructure,,,,Palo Alto Networks Unit 42,Untracked Nightmares: The Threats Hiding Behind Commodity Infrastructure,https://unit42.paloaltonetworks.com/ppi-network-malware-campaign-analysis/,2026-09-09T10:00:55Z,,,,2026-09-20T13:00:00.081404Z,68,6,12,66,58,60,60,30,30,,,False,1,NEW,"[{""organization"": ""Palo Alto Networks Unit 42"", ""article_title"": ""Untracked Nightmares: The Threats Hiding Behind Commodity Infrastructure"", ""url"": ""https://unit42.paloaltonetworks.com/ppi-network-malware-campaign-analysis/"", ""published_at"": ""2026-09-09T10:00:55Z"", ""updated_at"": null, ""reliability"": 0.92}]"
rocketboostfunding.com,domain,ASCII smuggling crosses over from AI prompt injection to phishing evasion | Microsoft Security Blog,,,,Microsoft Threat Intelligence,ASCII smuggling crosses over from AI prompt injection to phishing evasion | Microsoft Security Blog,https://www.microsoft.com/en-us/security/blog/2026/09/03/ascii-smuggling-crosses-over-from-ai-prompt-injection-to-phishing-evasion/,2026-09-03T16:00:00Z,2026-09-03T17:51:06Z,,,2026-09-20T13:00:00.081404Z,71,5,12,66,58,60,60,30,30,,,False,1,NEW,"[{""organization"": ""Microsoft Threat Intelligence"", ""article_title"": ""ASCII smuggling crosses over from AI prompt injection to phishing evasion | Microsoft Security Blog"", ""url"": ""https://www.microsoft.com/en-us/security/blog/2026/09/03/ascii-smuggling-crosses-over-from-ai-prompt-injection-to-phishing-evasion/"", ""published_at"": ""2026-09-03T16:00:00Z"", ""updated_at"": ""2026-09-03T17:51:06Z"", ""reliability"": 0.96}]"
rollglass.xyz,domain,Untracked Nightmares: The Threats Hiding Behind Commodity Infrastructure,,,,Palo Alto Networks Unit 42,Untracked Nightmares: The Threats Hiding Behind Commodity Infrastructure,https://unit42.paloaltonetworks.com/ppi-network-malware-campaign-analysis/,2026-09-09T10:00:55Z,,,,2026-09-20T13:00:00.081404Z,68,6,12,66,58,60,60,30,30,,,False,1,NEW,"[{""organization"": ""Palo Alto Networks Unit 42"", ""article_title"": ""Untracked Nightmares: The Threats Hiding Behind Commodity Infrastructure"", ""url"": ""https://unit42.paloaltonetworks.com/ppi-network-malware-campaign-analysis/"", ""published_at"": ""2026-09-09T10:00:55Z"", ""updated_at"": null, ""reliability"": 0.92}]"
roofbattle.xyz,domain,Untracked Nightmares: The Threats Hiding Behind Commodity Infrastructure,,,,Palo Alto Networks Unit 42,Untracked Nightmares: The Threats Hiding Behind Commodity Infrastructure,https://unit42.paloaltonetworks.com/ppi-network-malware-campaign-analysis/,2026-09-09T10:00:55Z,,,,2026-09-20T13:00:00.081404Z,68,6,12,66,58,60,60,30,30,,,False,1,NEW,"[{""organization"": ""Palo Alto Networks Unit 42"", ""article_title"": ""Untracked Nightmares: The Threats Hiding Behind Commodity Infrastructure"", ""url"": ""https://unit42.paloaltonetworks.com/ppi-network-malware-campaign-analysis/"", ""published_at"": ""2026-09-09T10:00:55Z"", ""updated_at"": null, ""reliability"": 0.92}]"
roofreaction.xyz,domain,Untracked Nightmares: The Threats Hiding Behind Commodity Infrastructure,,,,Palo Alto Networks Unit 42,Untracked Nightmares: The Threats Hiding Behind Commodity Infrastructure,https://unit42.paloaltonetworks.com/ppi-network-malware-campaign-analysis/,2026-09-09T10:00:55Z,,,,2026-09-20T13:00:00.081404Z,68,6,12,66,58,60,60,30,30,,,False,1,NEW,"[{""organization"": ""Palo Alto Networks Unit 42"", ""article_title"": ""Untracked Nightmares: The Threats Hiding Behind Commodity Infrastructure"", ""url"": ""https://unit42.paloaltonetworks.com/ppi-network-malware-campaign-analysis/"", ""published_at"": ""2026-09-09T10:00:55Z"", ""updated_at"": null, ""reliability"": 0.92}]"
rosegrip.xyz,domain,Untracked Nightmares: The Threats Hiding Behind Commodity Infrastructure,,,,Palo Alto Networks Unit 42,Untracked Nightmares: The Threats Hiding Behind Commodity Infrastructure,https://unit42.paloaltonetworks.com/ppi-network-malware-campaign-analysis/,2026-09-09T10:00:55Z,,,,2026-09-20T13:00:00.081404Z,68,6,12,66,58,60,60,30,30,,,False,1,NEW,"[{""organization"": ""Palo Alto Networks Unit 42"", ""article_title"": ""Untracked Nightmares: The Threats Hiding Behind Commodity Infrastructure"", ""url"": ""https://unit42.paloaltonetworks.com/ppi-network-malware-campaign-analysis/"", ""published_at"": ""2026-09-09T10:00:55Z"", ""updated_at"": null, ""reliability"": 0.92}]"
routeletters.xyz,domain,Untracked Nightmares: The Threats Hiding Behind Commodity Infrastructure,,,,Palo Alto Networks Unit 42,Untracked Nightmares: The Threats Hiding Behind Commodity Infrastructure,https://unit42.paloaltonetworks.com/ppi-network-malware-campaign-analysis/,2026-09-09T10:00:55Z,,,,2026-09-20T13:00:00.081404Z,68,6,12,66,58,60,60,30,30,,,False,1,NEW,"[{""organization"": ""Palo Alto Networks Unit 42"", ""article_title"": ""Untracked Nightmares: The Threats Hiding Behind Commodity Infrastructure"", ""url"": ""https://unit42.paloaltonetworks.com/ppi-network-malware-campaign-analysis/"", ""published_at"": ""2026-09-09T10:00:55Z"", ""updated_at"": null, ""reliability"": 0.92}]"
rpcuniverse.com,domain,Kimwolf v7: An Evolution of the Kimwolf Botnet,,,,Palo Alto Networks Unit 42,Kimwolf v7: An Evolution of the Kimwolf Botnet,https://unit42.paloaltonetworks.com/kimwolf-v7-botnet-malware/,2026-08-11T10:00:16Z,2026-08-19T12:03:26Z,,,2026-09-20T13:00:00.081404Z,68,6,8,66,54,60,60,30,30,,,False,1,NEW,"[{""organization"": ""Palo Alto Networks Unit 42"", ""article_title"": ""Kimwolf v7: An Evolution of the Kimwolf Botnet"", ""url"": ""https://unit42.paloaltonetworks.com/kimwolf-v7-botnet-malware/"", ""published_at"": ""2026-08-11T10:00:16Z"", ""updated_at"": ""2026-08-19T12:03:26Z"", ""reliability"": 0.92}]"
runhouses.xyz,domain,Untracked Nightmares: The Threats Hiding Behind Commodity Infrastructure,,,,Palo Alto Networks Unit 42,Untracked Nightmares: The Threats Hiding Behind Commodity Infrastructure,https://unit42.paloaltonetworks.com/ppi-network-malware-campaign-analysis/,2026-09-09T10:00:55Z,,,,2026-09-20T13:00:00.081404Z,68,6,12,66,58,60,60,30,30,,,False,1,NEW,"[{""organization"": ""Palo Alto Networks Unit 42"", ""article_title"": ""Untracked Nightmares: The Threats Hiding Behind Commodity Infrastructure"", ""url"": ""https://unit42.paloaltonetworks.com/ppi-network-malware-campaign-analysis/"", ""published_at"": ""2026-09-09T10:00:55Z"", ""updated_at"": null, ""reliability"": 0.92}]"
s9.acems10.com,domain,ASCII smuggling crosses over from AI prompt injection to phishing evasion | Microsoft Security Blog,,,,Microsoft Threat Intelligence,ASCII smuggling crosses over from AI prompt injection to phishing evasion | Microsoft Security Blog,https://www.microsoft.com/en-us/security/blog/2026/09/03/ascii-smuggling-crosses-over-from-ai-prompt-injection-to-phishing-evasion/,2026-09-03T16:00:00Z,2026-09-03T17:51:06Z,,,2026-09-20T13:00:00.081404Z,71,5,12,66,58,60,60,30,30,,,False,1,NEW,"[{""organization"": ""Microsoft Threat Intelligence"", ""article_title"": ""ASCII smuggling crosses over from AI prompt injection to phishing evasion | Microsoft Security Blog"", ""url"": ""https://www.microsoft.com/en-us/security/blog/2026/09/03/ascii-smuggling-crosses-over-from-ai-prompt-injection-to-phishing-evasion/"", ""published_at"": ""2026-09-03T16:00:00Z"", ""updated_at"": ""2026-09-03T17:51:06Z"", ""reliability"": 0.96}]"
san-sid.com,domain,Spring Ring: An Inside Look at Voice Phishing Campaigns in Microsoft Teams,,,,Palo Alto Networks Unit 42,Spring Ring: An Inside Look at Voice Phishing Campaigns in Microsoft Teams,https://unit42.paloaltonetworks.com/spring-ring-voice-phishing-campaigns/,2026-08-31T10:00:36Z,2026-08-31T13:55:32Z,,,2026-09-20T13:00:00.081404Z,68,6,12,66,58,60,60,30,30,,,False,1,NEW,"[{""organization"": ""Palo Alto Networks Unit 42"", ""article_title"": ""Spring Ring: An Inside Look at Voice Phishing Campaigns in Microsoft Teams"", ""url"": ""https://unit42.paloaltonetworks.com/spring-ring-voice-phishing-campaigns/"", ""published_at"": ""2026-08-31T10:00:36Z"", ""updated_at"": ""2026-08-31T13:55:32Z"", ""reliability"": 0.92}]"
scarecrowcare.xyz,domain,Untracked Nightmares: The Threats Hiding Behind Commodity Infrastructure,,,,Palo Alto Networks Unit 42,Untracked Nightmares: The Threats Hiding Behind Commodity Infrastructure,https://unit42.paloaltonetworks.com/ppi-network-malware-campaign-analysis/,2026-09-09T10:00:55Z,,,,2026-09-20T13:00:00.081404Z,68,6,12,66,58,60,60,30,30,,,False,1,NEW,"[{""organization"": ""Palo Alto Networks Unit 42"", ""article_title"": ""Untracked Nightmares: The Threats Hiding Behind Commodity Infrastructure"", ""url"": ""https://unit42.paloaltonetworks.com/ppi-network-malware-campaign-analysis/"", ""published_at"": ""2026-09-09T10:00:55Z"", ""updated_at"": null, ""reliability"": 0.92}]"
scentrod.info,domain,Untracked Nightmares: The Threats Hiding Behind Commodity Infrastructure,,,,Palo Alto Networks Unit 42,Untracked Nightmares: The Threats Hiding Behind Commodity Infrastructure,https://unit42.paloaltonetworks.com/ppi-network-malware-campaign-analysis/,2026-09-09T10:00:55Z,,,,2026-09-20T13:00:00.081404Z,68,6,12,66,58,60,60,30,30,,,False,1,NEW,"[{""organization"": ""Palo Alto Networks Unit 42"", ""article_title"": ""Untracked Nightmares: The Threats Hiding Behind Commodity Infrastructure"", ""url"": ""https://unit42.paloaltonetworks.com/ppi-network-malware-campaign-analysis/"", ""published_at"": ""2026-09-09T10:00:55Z"", ""updated_at"": null, ""reliability"": 0.92}]"
screwbirth.xyz,domain,Untracked Nightmares: The Threats Hiding Behind Commodity Infrastructure,,,,Palo Alto Networks Unit 42,Untracked Nightmares: The Threats Hiding Behind Commodity Infrastructure,https://unit42.paloaltonetworks.com/ppi-network-malware-campaign-analysis/,2026-09-09T10:00:55Z,,,,2026-09-20T13:00:00.081404Z,68,6,12,66,58,60,60,30,30,,,False,1,NEW,"[{""organization"": ""Palo Alto Networks Unit 42"", ""article_title"": ""Untracked Nightmares: The Threats Hiding Behind Commodity Infrastructure"", ""url"": ""https://unit42.paloaltonetworks.com/ppi-network-malware-campaign-analysis/"", ""published_at"": ""2026-09-09T10:00:55Z"", ""updated_at"": null, ""reliability"": 0.92}]"
seatlace.space,domain,Untracked Nightmares: The Threats Hiding Behind Commodity Infrastructure,,,,Palo Alto Networks Unit 42,Untracked Nightmares: The Threats Hiding Behind Commodity Infrastructure,https://unit42.paloaltonetworks.com/ppi-network-malware-campaign-analysis/,2026-09-09T10:00:55Z,,,,2026-09-20T13:00:00.081404Z,68,6,12,66,58,60,60,30,30,,,False,1,NEW,"[{""organization"": ""Palo Alto Networks Unit 42"", ""article_title"": ""Untracked Nightmares: The Threats Hiding Behind Commodity Infrastructure"", ""url"": ""https://unit42.paloaltonetworks.com/ppi-network-malware-campaign-analysis/"", ""published_at"": ""2026-09-09T10:00:55Z"", ""updated_at"": null, ""reliability"": 0.92}]"
seaword.xyz,domain,Untracked Nightmares: The Threats Hiding Behind Commodity Infrastructure,,,,Palo Alto Networks Unit 42,Untracked Nightmares: The Threats Hiding Behind Commodity Infrastructure,https://unit42.paloaltonetworks.com/ppi-network-malware-campaign-analysis/,2026-09-09T10:00:55Z,,,,2026-09-20T13:00:00.081404Z,68,6,12,66,58,60,60,30,30,,,False,1,NEW,"[{""organization"": ""Palo Alto Networks Unit 42"", ""article_title"": ""Untracked Nightmares: The Threats Hiding Behind Commodity Infrastructure"", ""url"": ""https://unit42.paloaltonetworks.com/ppi-network-malware-campaign-analysis/"", ""published_at"": ""2026-09-09T10:00:55Z"", ""updated_at"": null, ""reliability"": 0.92}]"
secure-passkey.com,domain,Passkey-themed social engineering leads to identity and cloud compromise | Microsoft Security Blog,,,,Microsoft Threat Intelligence,Passkey-themed social engineering leads to identity and cloud compromise | Microsoft Security Blog,https://www.microsoft.com/en-us/security/blog/2026/09/09/passkey-themed-social-engineering-leads-identity-cloud-compromise/,2026-09-09T17:41:18Z,2026-09-09T17:59:18Z,,,2026-09-20T13:00:00.081404Z,71,6,12,66,59,60,60,30,30,,,False,1,NEW,"[{""organization"": ""Microsoft Threat Intelligence"", ""article_title"": ""Passkey-themed social engineering leads to identity and cloud compromise | Microsoft Security Blog"", ""url"": ""https://www.microsoft.com/en-us/security/blog/2026/09/09/passkey-themed-social-engineering-leads-identity-cloud-compromise/"", ""published_at"": ""2026-09-09T17:41:18Z"", ""updated_at"": ""2026-09-09T17:59:18Z"", ""reliability"": 0.96}]"
sejda.hl.cn,domain,Counterfeit installers to system compromise: Tracking a deceptive software download campaign | Microsoft Security Blog,,,,Microsoft Threat Intelligence,Counterfeit installers to system compromise: Tracking a deceptive software download campaign | Microsoft Security Blog,https://www.microsoft.com/en-us/security/blog/2026/09/01/counterfeit-installers-system-compromise-tracking-deceptive-software-download-campaign/,2026-09-01T22:48:28Z,2026-09-01T22:48:42Z,,,2026-09-20T13:00:00.081404Z,71,6,12,66,59,60,60,30,30,,,False,1,NEW,"[{""organization"": ""Microsoft Threat Intelligence"", ""article_title"": ""Counterfeit installers to system compromise: Tracking a deceptive software download campaign | Microsoft Security Blog"", ""url"": ""https://www.microsoft.com/en-us/security/blog/2026/09/01/counterfeit-installers-system-compromise-tracking-deceptive-software-download-campaign/"", ""published_at"": ""2026-09-01T22:48:28Z"", ""updated_at"": ""2026-09-01T22:48:42Z"", ""reliability"": 0.96}]"
servantadvice.xyz,domain,Untracked Nightmares: The Threats Hiding Behind Commodity Infrastructure,,,,Palo Alto Networks Unit 42,Untracked Nightmares: The Threats Hiding Behind Commodity Infrastructure,https://unit42.paloaltonetworks.com/ppi-network-malware-campaign-analysis/,2026-09-09T10:00:55Z,,,,2026-09-20T13:00:00.081404Z,68,6,12,66,58,60,60,30,30,,,False,1,NEW,"[{""organization"": ""Palo Alto Networks Unit 42"", ""article_title"": ""Untracked Nightmares: The Threats Hiding Behind Commodity Infrastructure"", ""url"": ""https://unit42.paloaltonetworks.com/ppi-network-malware-campaign-analysis/"", ""published_at"": ""2026-09-09T10:00:55Z"", ""updated_at"": null, ""reliability"": 0.92}]"
service-nowinc.com,domain,Protecting organizations from AI-assisted executive impersonation and invoice fraud | Microsoft Security Blog,,,,Microsoft Threat Intelligence,Protecting organizations from AI-assisted executive impersonation and invoice fraud | Microsoft Security Blog,https://www.microsoft.com/en-us/security/blog/2026/09/10/protecting-organizations-ai-assisted-executive-impersonation-invoice-fraud/,2026-09-10T17:23:05Z,2026-09-10T17:23:07Z,,,2026-09-20T13:00:00.081404Z,71,6,12,66,59,60,60,30,30,,,False,1,NEW,"[{""organization"": ""Microsoft Threat Intelligence"", ""article_title"": ""Protecting organizations from AI-assisted executive impersonation and invoice fraud | Microsoft Security Blog"", ""url"": ""https://www.microsoft.com/en-us/security/blog/2026/09/10/protecting-organizations-ai-assisted-executive-impersonation-invoice-fraud/"", ""published_at"": ""2026-09-10T17:23:05Z"", ""updated_at"": ""2026-09-10T17:23:07Z"", ""reliability"": 0.96}]"
setupmypasskey.com,domain,Passkey-themed social engineering leads to identity and cloud compromise | Microsoft Security Blog,,,,Microsoft Threat Intelligence,Passkey-themed social engineering leads to identity and cloud compromise | Microsoft Security Blog,https://www.microsoft.com/en-us/security/blog/2026/09/09/passkey-themed-social-engineering-leads-identity-cloud-compromise/,2026-09-09T17:41:18Z,2026-09-09T17:59:18Z,,,2026-09-20T13:00:00.081404Z,71,6,12,66,59,60,60,30,30,,,False,1,NEW,"[{""organization"": ""Microsoft Threat Intelligence"", ""article_title"": ""Passkey-themed social engineering leads to identity and cloud compromise | Microsoft Security Blog"", ""url"": ""https://www.microsoft.com/en-us/security/blog/2026/09/09/passkey-themed-social-engineering-leads-identity-cloud-compromise/"", ""published_at"": ""2026-09-09T17:41:18Z"", ""updated_at"": ""2026-09-09T17:59:18Z"", ""reliability"": 0.96}]"
shandler.processrequest,domain,UAT-10147 deploys SPECTRE: A cross-platform implant with Linux rootkit and BYOVD capabilities,,,,Cisco Talos,UAT-10147 deploys SPECTRE: A cross-platform implant with Linux rootkit and BYOVD capabilities,https://blog.talosintelligence.com/uat-10147-deploys-spectre-a-cross-platform-implant-with-linux-rootkit-and-byovd-capabilities/,2026-08-20T10:00:50Z,2026-08-26T23:04:45Z,,,2026-09-20T13:00:00.081404Z,68,7,12,66,59,60,60,30,30,,,False,1,NEW,"[{""organization"": ""Cisco Talos"", ""article_title"": ""UAT-10147 deploys SPECTRE: A cross-platform implant with Linux rootkit and BYOVD capabilities"", ""url"": ""https://blog.talosintelligence.com/uat-10147-deploys-spectre-a-cross-platform-implant-with-linux-rootkit-and-byovd-capabilities/"", ""published_at"": ""2026-08-20T10:00:50Z"", ""updated_at"": ""2026-08-26T23:04:45Z"", ""reliability"": 0.92}]"
shiptank.cfd,domain,Untracked Nightmares: The Threats Hiding Behind Commodity Infrastructure,,,,Palo Alto Networks Unit 42,Untracked Nightmares: The Threats Hiding Behind Commodity Infrastructure,https://unit42.paloaltonetworks.com/ppi-network-malware-campaign-analysis/,2026-09-09T10:00:55Z,,,,2026-09-20T13:00:00.081404Z,68,6,12,66,58,60,60,30,30,,,False,1,NEW,"[{""organization"": ""Palo Alto Networks Unit 42"", ""article_title"": ""Untracked Nightmares: The Threats Hiding Behind Commodity Infrastructure"", ""url"": ""https://unit42.paloaltonetworks.com/ppi-network-malware-campaign-analysis/"", ""published_at"": ""2026-09-09T10:00:55Z"", ""updated_at"": null, ""reliability"": 0.92}]"
shirtexample.xyz,domain,Untracked Nightmares: The Threats Hiding Behind Commodity Infrastructure,,,,Palo Alto Networks Unit 42,Untracked Nightmares: The Threats Hiding Behind Commodity Infrastructure,https://unit42.paloaltonetworks.com/ppi-network-malware-campaign-analysis/,2026-09-09T10:00:55Z,,,,2026-09-20T13:00:00.081404Z,68,6,12,66,58,60,60,30,30,,,False,1,NEW,"[{""organization"": ""Palo Alto Networks Unit 42"", ""article_title"": ""Untracked Nightmares: The Threats Hiding Behind Commodity Infrastructure"", ""url"": ""https://unit42.paloaltonetworks.com/ppi-network-malware-campaign-analysis/"", ""published_at"": ""2026-09-09T10:00:55Z"", ""updated_at"": null, ""reliability"": 0.92}]"
shoesearthquake.xyz,domain,Untracked Nightmares: The Threats Hiding Behind Commodity Infrastructure,,,,Palo Alto Networks Unit 42,Untracked Nightmares: The Threats Hiding Behind Commodity Infrastructure,https://unit42.paloaltonetworks.com/ppi-network-malware-campaign-analysis/,2026-09-09T10:00:55Z,,,,2026-09-20T13:00:00.081404Z,68,6,12,66,58,60,60,30,30,,,False,1,NEW,"[{""organization"": ""Palo Alto Networks Unit 42"", ""article_title"": ""Untracked Nightmares: The Threats Hiding Behind Commodity Infrastructure"", ""url"": ""https://unit42.paloaltonetworks.com/ppi-network-malware-campaign-analysis/"", ""published_at"": ""2026-09-09T10:00:55Z"", ""updated_at"": null, ""reliability"": 0.92}]"
simpleswap.io,domain,ClickFix moves into the browser: Cryptocurrency theft with Google-hosted C2,,,,Cisco Talos,ClickFix moves into the browser: Cryptocurrency theft with Google-hosted C2,https://blog.talosintelligence.com/clickfix-moves-into-the-browser/,2026-09-08T10:00:38Z,2026-09-16T12:06:49Z,,,2026-09-20T13:00:00.081404Z,68,7,15,66,62,60,60,30,30,,,False,1,NEW,"[{""organization"": ""Cisco Talos"", ""article_title"": ""ClickFix moves into the browser: Cryptocurrency theft with Google-hosted C2"", ""url"": ""https://blog.talosintelligence.com/clickfix-moves-into-the-browser/"", ""published_at"": ""2026-09-08T10:00:38Z"", ""updated_at"": ""2026-09-16T12:06:49Z"", ""reliability"": 0.92}]"
sinkwash.space,domain,Untracked Nightmares: The Threats Hiding Behind Commodity Infrastructure,,,,Palo Alto Networks Unit 42,Untracked Nightmares: The Threats Hiding Behind Commodity Infrastructure,https://unit42.paloaltonetworks.com/ppi-network-malware-campaign-analysis/,2026-09-09T10:00:55Z,,,,2026-09-20T13:00:00.081404Z,68,6,12,66,58,60,60,30,30,,,False,1,NEW,"[{""organization"": ""Palo Alto Networks Unit 42"", ""article_title"": ""Untracked Nightmares: The Threats Hiding Behind Commodity Infrastructure"", ""url"": ""https://unit42.paloaltonetworks.com/ppi-network-malware-campaign-analysis/"", ""published_at"": ""2026-09-09T10:00:55Z"", ""updated_at"": null, ""reliability"": 0.92}]"
skirtloss.xyz,domain,Untracked Nightmares: The Threats Hiding Behind Commodity Infrastructure,,,,Palo Alto Networks Unit 42,Untracked Nightmares: The Threats Hiding Behind Commodity Infrastructure,https://unit42.paloaltonetworks.com/ppi-network-malware-campaign-analysis/,2026-09-09T10:00:55Z,,,,2026-09-20T13:00:00.081404Z,68,6,12,66,58,60,60,30,30,,,False,1,NEW,"[{""organization"": ""Palo Alto Networks Unit 42"", ""article_title"": ""Untracked Nightmares: The Threats Hiding Behind Commodity Infrastructure"", ""url"": ""https://unit42.paloaltonetworks.com/ppi-network-malware-campaign-analysis/"", ""published_at"": ""2026-09-09T10:00:55Z"", ""updated_at"": null, ""reliability"": 0.92}]"
slipvegetable.xyz,domain,Untracked Nightmares: The Threats Hiding Behind Commodity Infrastructure,,,,Palo Alto Networks Unit 42,Untracked Nightmares: The Threats Hiding Behind Commodity Infrastructure,https://unit42.paloaltonetworks.com/ppi-network-malware-campaign-analysis/,2026-09-09T10:00:55Z,,,,2026-09-20T13:00:00.081404Z,68,6,12,66,58,60,60,30,30,,,False,1,NEW,"[{""organization"": ""Palo Alto Networks Unit 42"", ""article_title"": ""Untracked Nightmares: The Threats Hiding Behind Commodity Infrastructure"", ""url"": ""https://unit42.paloaltonetworks.com/ppi-network-malware-campaign-analysis/"", ""published_at"": ""2026-09-09T10:00:55Z"", ""updated_at"": null, ""reliability"": 0.92}]"
smokecar.space,domain,Untracked Nightmares: The Threats Hiding Behind Commodity Infrastructure,,,,Palo Alto Networks Unit 42,Untracked Nightmares: The Threats Hiding Behind Commodity Infrastructure,https://unit42.paloaltonetworks.com/ppi-network-malware-campaign-analysis/,2026-09-09T10:00:55Z,,,,2026-09-20T13:00:00.081404Z,68,6,12,66,58,60,60,30,30,,,False,1,NEW,"[{""organization"": ""Palo Alto Networks Unit 42"", ""article_title"": ""Untracked Nightmares: The Threats Hiding Behind Commodity Infrastructure"", ""url"": ""https://unit42.paloaltonetworks.com/ppi-network-malware-campaign-analysis/"", ""published_at"": ""2026-09-09T10:00:55Z"", ""updated_at"": null, ""reliability"": 0.92}]"
songtheory.xyz,domain,Untracked Nightmares: The Threats Hiding Behind Commodity Infrastructure,,,,Palo Alto Networks Unit 42,Untracked Nightmares: The Threats Hiding Behind Commodity Infrastructure,https://unit42.paloaltonetworks.com/ppi-network-malware-campaign-analysis/,2026-09-09T10:00:55Z,,,,2026-09-20T13:00:00.081404Z,68,6,12,66,58,60,60,30,30,,,False,1,NEW,"[{""organization"": ""Palo Alto Networks Unit 42"", ""article_title"": ""Untracked Nightmares: The Threats Hiding Behind Commodity Infrastructure"", ""url"": ""https://unit42.paloaltonetworks.com/ppi-network-malware-campaign-analysis/"", ""published_at"": ""2026-09-09T10:00:55Z"", ""updated_at"": null, ""reliability"": 0.92}]"
spadeleg.xyz,domain,Untracked Nightmares: The Threats Hiding Behind Commodity Infrastructure,,,,Palo Alto Networks Unit 42,Untracked Nightmares: The Threats Hiding Behind Commodity Infrastructure,https://unit42.paloaltonetworks.com/ppi-network-malware-campaign-analysis/,2026-09-09T10:00:55Z,,,,2026-09-20T13:00:00.081404Z,68,6,12,66,58,60,60,30,30,,,False,1,NEW,"[{""organization"": ""Palo Alto Networks Unit 42"", ""article_title"": ""Untracked Nightmares: The Threats Hiding Behind Commodity Infrastructure"", ""url"": ""https://unit42.paloaltonetworks.com/ppi-network-malware-campaign-analysis/"", ""published_at"": ""2026-09-09T10:00:55Z"", ""updated_at"": null, ""reliability"": 0.92}]"
sparkrice.space,domain,Untracked Nightmares: The Threats Hiding Behind Commodity Infrastructure,,,,Palo Alto Networks Unit 42,Untracked Nightmares: The Threats Hiding Behind Commodity Infrastructure,https://unit42.paloaltonetworks.com/ppi-network-malware-campaign-analysis/,2026-09-09T10:00:55Z,,,,2026-09-20T13:00:00.081404Z,68,6,12,66,58,60,60,30,30,,,False,1,NEW,"[{""organization"": ""Palo Alto Networks Unit 42"", ""article_title"": ""Untracked Nightmares: The Threats Hiding Behind Commodity Infrastructure"", ""url"": ""https://unit42.paloaltonetworks.com/ppi-network-malware-campaign-analysis/"", ""published_at"": ""2026-09-09T10:00:55Z"", ""updated_at"": null, ""reliability"": 0.92}]"
sparkrub.xyz,domain,Untracked Nightmares: The Threats Hiding Behind Commodity Infrastructure,,,,Palo Alto Networks Unit 42,Untracked Nightmares: The Threats Hiding Behind Commodity Infrastructure,https://unit42.paloaltonetworks.com/ppi-network-malware-campaign-analysis/,2026-09-09T10:00:55Z,,,,2026-09-20T13:00:00.081404Z,68,6,12,66,58,60,60,30,30,,,False,1,NEW,"[{""organization"": ""Palo Alto Networks Unit 42"", ""article_title"": ""Untracked Nightmares: The Threats Hiding Behind Commodity Infrastructure"", ""url"": ""https://unit42.paloaltonetworks.com/ppi-network-malware-campaign-analysis/"", ""published_at"": ""2026-09-09T10:00:55Z"", ""updated_at"": null, ""reliability"": 0.92}]"
spoonducks.cfd,domain,Untracked Nightmares: The Threats Hiding Behind Commodity Infrastructure,,,,Palo Alto Networks Unit 42,Untracked Nightmares: The Threats Hiding Behind Commodity Infrastructure,https://unit42.paloaltonetworks.com/ppi-network-malware-campaign-analysis/,2026-09-09T10:00:55Z,,,,2026-09-20T13:00:00.081404Z,68,6,12,66,58,60,60,30,30,,,False,1,NEW,"[{""organization"": ""Palo Alto Networks Unit 42"", ""article_title"": ""Untracked Nightmares: The Threats Hiding Behind Commodity Infrastructure"", ""url"": ""https://unit42.paloaltonetworks.com/ppi-network-malware-campaign-analysis/"", ""published_at"": ""2026-09-09T10:00:55Z"", ""updated_at"": null, ""reliability"": 0.92}]"
springdogs.xyz,domain,Untracked Nightmares: The Threats Hiding Behind Commodity Infrastructure,,,,Palo Alto Networks Unit 42,Untracked Nightmares: The Threats Hiding Behind Commodity Infrastructure,https://unit42.paloaltonetworks.com/ppi-network-malware-campaign-analysis/,2026-09-09T10:00:55Z,,,,2026-09-20T13:00:00.081404Z,68,6,12,66,58,60,60,30,30,,,False,1,NEW,"[{""organization"": ""Palo Alto Networks Unit 42"", ""article_title"": ""Untracked Nightmares: The Threats Hiding Behind Commodity Infrastructure"", ""url"": ""https://unit42.paloaltonetworks.com/ppi-network-malware-campaign-analysis/"", ""published_at"": ""2026-09-09T10:00:55Z"", ""updated_at"": null, ""reliability"": 0.92}]"
spybaseball.space,domain,Untracked Nightmares: The Threats Hiding Behind Commodity Infrastructure,,,,Palo Alto Networks Unit 42,Untracked Nightmares: The Threats Hiding Behind Commodity Infrastructure,https://unit42.paloaltonetworks.com/ppi-network-malware-campaign-analysis/,2026-09-09T10:00:55Z,,,,2026-09-20T13:00:00.081404Z,68,6,12,66,58,60,60,30,30,,,False,1,NEW,"[{""organization"": ""Palo Alto Networks Unit 42"", ""article_title"": ""Untracked Nightmares: The Threats Hiding Behind Commodity Infrastructure"", ""url"": ""https://unit42.paloaltonetworks.com/ppi-network-malware-campaign-analysis/"", ""published_at"": ""2026-09-09T10:00:55Z"", ""updated_at"": null, ""reliability"": 0.92}]"
startmonkey.cfd,domain,Untracked Nightmares: The Threats Hiding Behind Commodity Infrastructure,,,,Palo Alto Networks Unit 42,Untracked Nightmares: The Threats Hiding Behind Commodity Infrastructure,https://unit42.paloaltonetworks.com/ppi-network-malware-campaign-analysis/,2026-09-09T10:00:55Z,,,,2026-09-20T13:00:00.081404Z,68,6,12,66,58,60,60,30,30,,,False,1,NEW,"[{""organization"": ""Palo Alto Networks Unit 42"", ""article_title"": ""Untracked Nightmares: The Threats Hiding Behind Commodity Infrastructure"", ""url"": ""https://unit42.paloaltonetworks.com/ppi-network-malware-campaign-analysis/"", ""published_at"": ""2026-09-09T10:00:55Z"", ""updated_at"": null, ""reliability"": 0.92}]"
statementservant.xyz,domain,Untracked Nightmares: The Threats Hiding Behind Commodity Infrastructure,,,,Palo Alto Networks Unit 42,Untracked Nightmares: The Threats Hiding Behind Commodity Infrastructure,https://unit42.paloaltonetworks.com/ppi-network-malware-campaign-analysis/,2026-09-09T10:00:55Z,,,,2026-09-20T13:00:00.081404Z,68,6,12,66,58,60,60,30,30,,,False,1,NEW,"[{""organization"": ""Palo Alto Networks Unit 42"", ""article_title"": ""Untracked Nightmares: The Threats Hiding Behind Commodity Infrastructure"", ""url"": ""https://unit42.paloaltonetworks.com/ppi-network-malware-campaign-analysis/"", ""published_at"": ""2026-09-09T10:00:55Z"", ""updated_at"": null, ""reliability"": 0.92}]"
statementtouch.xyz,domain,Untracked Nightmares: The Threats Hiding Behind Commodity Infrastructure,,,,Palo Alto Networks Unit 42,Untracked Nightmares: The Threats Hiding Behind Commodity Infrastructure,https://unit42.paloaltonetworks.com/ppi-network-malware-campaign-analysis/,2026-09-09T10:00:55Z,,,,2026-09-20T13:00:00.081404Z,68,6,12,66,58,60,60,30,30,,,False,1,NEW,"[{""organization"": ""Palo Alto Networks Unit 42"", ""article_title"": ""Untracked Nightmares: The Threats Hiding Behind Commodity Infrastructure"", ""url"": ""https://unit42.paloaltonetworks.com/ppi-network-malware-campaign-analysis/"", ""published_at"": ""2026-09-09T10:00:55Z"", ""updated_at"": null, ""reliability"": 0.92}]"
static.quorashift.cc,domain,"ClearFake WebDAV infection chain delivers Amatera stealer, ZigCryptoStealer, and NetSupport Manager",,,,Cisco Talos,"ClearFake WebDAV infection chain delivers Amatera stealer, ZigCryptoStealer, and NetSupport Manager",https://blog.talosintelligence.com/clearfake-webdav-infection-chain/,2026-09-08T10:01:07Z,2026-09-10T09:03:00Z,,,2026-09-20T13:00:00.081404Z,68,6,12,66,58,60,60,30,30,,,False,1,NEW,"[{""organization"": ""Cisco Talos"", ""article_title"": ""ClearFake WebDAV infection chain delivers Amatera stealer, ZigCryptoStealer, and NetSupport Manager"", ""url"": ""https://blog.talosintelligence.com/clearfake-webdav-infection-chain/"", ""published_at"": ""2026-09-08T10:01:07Z"", ""updated_at"": ""2026-09-10T09:03:00Z"", ""reliability"": 0.92}]"
steamhouses.cfd,domain,Untracked Nightmares: The Threats Hiding Behind Commodity Infrastructure,,,,Palo Alto Networks Unit 42,Untracked Nightmares: The Threats Hiding Behind Commodity Infrastructure,https://unit42.paloaltonetworks.com/ppi-network-malware-campaign-analysis/,2026-09-09T10:00:55Z,,,,2026-09-20T13:00:00.081404Z,68,6,12,66,58,60,60,30,30,,,False,1,NEW,"[{""organization"": ""Palo Alto Networks Unit 42"", ""article_title"": ""Untracked Nightmares: The Threats Hiding Behind Commodity Infrastructure"", ""url"": ""https://unit42.paloaltonetworks.com/ppi-network-malware-campaign-analysis/"", ""published_at"": ""2026-09-09T10:00:55Z"", ""updated_at"": null, ""reliability"": 0.92}]"
steelseries-cn.com.cn,domain,Counterfeit installers to system compromise: Tracking a deceptive software download campaign | Microsoft Security Blog,,,,Microsoft Threat Intelligence,Counterfeit installers to system compromise: Tracking a deceptive software download campaign | Microsoft Security Blog,https://www.microsoft.com/en-us/security/blog/2026/09/01/counterfeit-installers-system-compromise-tracking-deceptive-software-download-campaign/,2026-09-01T22:48:28Z,2026-09-01T22:48:42Z,,,2026-09-20T13:00:00.081404Z,71,6,12,66,59,60,60,30,30,,,False,1,NEW,"[{""organization"": ""Microsoft Threat Intelligence"", ""article_title"": ""Counterfeit installers to system compromise: Tracking a deceptive software download campaign | Microsoft Security Blog"", ""url"": ""https://www.microsoft.com/en-us/security/blog/2026/09/01/counterfeit-installers-system-compromise-tracking-deceptive-software-download-campaign/"", ""published_at"": ""2026-09-01T22:48:28Z"", ""updated_at"": ""2026-09-01T22:48:42Z"", ""reliability"": 0.96}]"
stopzinc.xyz,domain,Untracked Nightmares: The Threats Hiding Behind Commodity Infrastructure,,,,Palo Alto Networks Unit 42,Untracked Nightmares: The Threats Hiding Behind Commodity Infrastructure,https://unit42.paloaltonetworks.com/ppi-network-malware-campaign-analysis/,2026-09-09T10:00:55Z,,,,2026-09-20T13:00:00.081404Z,68,6,12,66,58,60,60,30,30,,,False,1,NEW,"[{""organization"": ""Palo Alto Networks Unit 42"", ""article_title"": ""Untracked Nightmares: The Threats Hiding Behind Commodity Infrastructure"", ""url"": ""https://unit42.paloaltonetworks.com/ppi-network-malware-campaign-analysis/"", ""published_at"": ""2026-09-09T10:00:55Z"", ""updated_at"": null, ""reliability"": 0.92}]"
storage.ggclicker.com,domain,Untracked Nightmares: The Threats Hiding Behind Commodity Infrastructure,,,,Palo Alto Networks Unit 42,Untracked Nightmares: The Threats Hiding Behind Commodity Infrastructure,https://unit42.paloaltonetworks.com/ppi-network-malware-campaign-analysis/,2026-09-09T10:00:55Z,,,,2026-09-20T13:00:00.081404Z,68,6,12,66,58,60,60,30,30,,,False,1,NEW,"[{""organization"": ""Palo Alto Networks Unit 42"", ""article_title"": ""Untracked Nightmares: The Threats Hiding Behind Commodity Infrastructure"", ""url"": ""https://unit42.paloaltonetworks.com/ppi-network-malware-campaign-analysis/"", ""published_at"": ""2026-09-09T10:00:55Z"", ""updated_at"": null, ""reliability"": 0.92}]"
structurelinen.xyz,domain,Untracked Nightmares: The Threats Hiding Behind Commodity Infrastructure,,,,Palo Alto Networks Unit 42,Untracked Nightmares: The Threats Hiding Behind Commodity Infrastructure,https://unit42.paloaltonetworks.com/ppi-network-malware-campaign-analysis/,2026-09-09T10:00:55Z,,,,2026-09-20T13:00:00.081404Z,68,6,12,66,58,60,60,30,30,,,False,1,NEW,"[{""organization"": ""Palo Alto Networks Unit 42"", ""article_title"": ""Untracked Nightmares: The Threats Hiding Behind Commodity Infrastructure"", ""url"": ""https://unit42.paloaltonetworks.com/ppi-network-malware-campaign-analysis/"", ""published_at"": ""2026-09-09T10:00:55Z"", ""updated_at"": null, ""reliability"": 0.92}]"
stryper.info,domain,Untracked Nightmares: The Threats Hiding Behind Commodity Infrastructure,,,,Palo Alto Networks Unit 42,Untracked Nightmares: The Threats Hiding Behind Commodity Infrastructure,https://unit42.paloaltonetworks.com/ppi-network-malware-campaign-analysis/,2026-09-09T10:00:55Z,,,,2026-09-20T13:00:00.081404Z,68,6,12,66,58,60,60,30,30,,,False,1,NEW,"[{""organization"": ""Palo Alto Networks Unit 42"", ""article_title"": ""Untracked Nightmares: The Threats Hiding Behind Commodity Infrastructure"", ""url"": ""https://unit42.paloaltonetworks.com/ppi-network-malware-campaign-analysis/"", ""published_at"": ""2026-09-09T10:00:55Z"", ""updated_at"": null, ""reliability"": 0.92}]"
suggestioncemetery.xyz,domain,Untracked Nightmares: The Threats Hiding Behind Commodity Infrastructure,,,,Palo Alto Networks Unit 42,Untracked Nightmares: The Threats Hiding Behind Commodity Infrastructure,https://unit42.paloaltonetworks.com/ppi-network-malware-campaign-analysis/,2026-09-09T10:00:55Z,,,,2026-09-20T13:00:00.081404Z,68,6,12,66,58,60,60,30,30,,,False,1,NEW,"[{""organization"": ""Palo Alto Networks Unit 42"", ""article_title"": ""Untracked Nightmares: The Threats Hiding Behind Commodity Infrastructure"", ""url"": ""https://unit42.paloaltonetworks.com/ppi-network-malware-campaign-analysis/"", ""published_at"": ""2026-09-09T10:00:55Z"", ""updated_at"": null, ""reliability"": 0.92}]"
suitsoap.xyz,domain,Untracked Nightmares: The Threats Hiding Behind Commodity Infrastructure,,,,Palo Alto Networks Unit 42,Untracked Nightmares: The Threats Hiding Behind Commodity Infrastructure,https://unit42.paloaltonetworks.com/ppi-network-malware-campaign-analysis/,2026-09-09T10:00:55Z,,,,2026-09-20T13:00:00.081404Z,68,6,12,66,58,60,60,30,30,,,False,1,NEW,"[{""organization"": ""Palo Alto Networks Unit 42"", ""article_title"": ""Untracked Nightmares: The Threats Hiding Behind Commodity Infrastructure"", ""url"": ""https://unit42.paloaltonetworks.com/ppi-network-malware-campaign-analysis/"", ""published_at"": ""2026-09-09T10:00:55Z"", ""updated_at"": null, ""reliability"": 0.92}]"
suitstraw.info,domain,Untracked Nightmares: The Threats Hiding Behind Commodity Infrastructure,,,,Palo Alto Networks Unit 42,Untracked Nightmares: The Threats Hiding Behind Commodity Infrastructure,https://unit42.paloaltonetworks.com/ppi-network-malware-campaign-analysis/,2026-09-09T10:00:55Z,,,,2026-09-20T13:00:00.081404Z,68,6,12,66,58,60,60,30,30,,,False,1,NEW,"[{""organization"": ""Palo Alto Networks Unit 42"", ""article_title"": ""Untracked Nightmares: The Threats Hiding Behind Commodity Infrastructure"", ""url"": ""https://unit42.paloaltonetworks.com/ppi-network-malware-campaign-analysis/"", ""published_at"": ""2026-09-09T10:00:55Z"", ""updated_at"": null, ""reliability"": 0.92}]"
swapzone.io,domain,ClickFix moves into the browser: Cryptocurrency theft with Google-hosted C2,,,,Cisco Talos,ClickFix moves into the browser: Cryptocurrency theft with Google-hosted C2,https://blog.talosintelligence.com/clickfix-moves-into-the-browser/,2026-09-08T10:00:38Z,2026-09-16T12:06:49Z,,,2026-09-20T13:00:00.081404Z,68,7,15,66,62,60,60,30,30,,,False,1,NEW,"[{""organization"": ""Cisco Talos"", ""article_title"": ""ClickFix moves into the browser: Cryptocurrency theft with Google-hosted C2"", ""url"": ""https://blog.talosintelligence.com/clickfix-moves-into-the-browser/"", ""published_at"": ""2026-09-08T10:00:38Z"", ""updated_at"": ""2026-09-16T12:06:49Z"", ""reliability"": 0.92}]"
swimrest.xyz,domain,Untracked Nightmares: The Threats Hiding Behind Commodity Infrastructure,,,,Palo Alto Networks Unit 42,Untracked Nightmares: The Threats Hiding Behind Commodity Infrastructure,https://unit42.paloaltonetworks.com/ppi-network-malware-campaign-analysis/,2026-09-09T10:00:55Z,,,,2026-09-20T13:00:00.081404Z,68,6,12,66,58,60,60,30,30,,,False,1,NEW,"[{""organization"": ""Palo Alto Networks Unit 42"", ""article_title"": ""Untracked Nightmares: The Threats Hiding Behind Commodity Infrastructure"", ""url"": ""https://unit42.paloaltonetworks.com/ppi-network-malware-campaign-analysis/"", ""published_at"": ""2026-09-09T10:00:55Z"", ""updated_at"": null, ""reliability"": 0.92}]"
syncmykey.com,domain,Passkey-themed social engineering leads to identity and cloud compromise | Microsoft Security Blog,,,,Microsoft Threat Intelligence,Passkey-themed social engineering leads to identity and cloud compromise | Microsoft Security Blog,https://www.microsoft.com/en-us/security/blog/2026/09/09/passkey-themed-social-engineering-leads-identity-cloud-compromise/,2026-09-09T17:41:18Z,2026-09-09T17:59:18Z,,,2026-09-20T13:00:00.081404Z,71,6,12,66,59,60,60,30,30,,,False,1,NEW,"[{""organization"": ""Microsoft Threat Intelligence"", ""article_title"": ""Passkey-themed social engineering leads to identity and cloud compromise | Microsoft Security Blog"", ""url"": ""https://www.microsoft.com/en-us/security/blog/2026/09/09/passkey-themed-social-engineering-leads-identity-cloud-compromise/"", ""published_at"": ""2026-09-09T17:41:18Z"", ""updated_at"": ""2026-09-09T17:59:18Z"", ""reliability"": 0.96}]"
tablechess.info,domain,Untracked Nightmares: The Threats Hiding Behind Commodity Infrastructure,,,,Palo Alto Networks Unit 42,Untracked Nightmares: The Threats Hiding Behind Commodity Infrastructure,https://unit42.paloaltonetworks.com/ppi-network-malware-campaign-analysis/,2026-09-09T10:00:55Z,,,,2026-09-20T13:00:00.081404Z,68,6,12,66,58,60,60,30,30,,,False,1,NEW,"[{""organization"": ""Palo Alto Networks Unit 42"", ""article_title"": ""Untracked Nightmares: The Threats Hiding Behind Commodity Infrastructure"", ""url"": ""https://unit42.paloaltonetworks.com/ppi-network-malware-campaign-analysis/"", ""published_at"": ""2026-09-09T10:00:55Z"", ""updated_at"": null, ""reliability"": 0.92}]"
tailsilk.xyz,domain,Untracked Nightmares: The Threats Hiding Behind Commodity Infrastructure,,,,Palo Alto Networks Unit 42,Untracked Nightmares: The Threats Hiding Behind Commodity Infrastructure,https://unit42.paloaltonetworks.com/ppi-network-malware-campaign-analysis/,2026-09-09T10:00:55Z,,,,2026-09-20T13:00:00.081404Z,68,6,12,66,58,60,60,30,30,,,False,1,NEW,"[{""organization"": ""Palo Alto Networks Unit 42"", ""article_title"": ""Untracked Nightmares: The Threats Hiding Behind Commodity Infrastructure"", ""url"": ""https://unit42.paloaltonetworks.com/ppi-network-malware-campaign-analysis/"", ""published_at"": ""2026-09-09T10:00:55Z"", ""updated_at"": null, ""reliability"": 0.92}]"
tbdqxq.net,domain,Counterfeit installers to system compromise: Tracking a deceptive software download campaign | Microsoft Security Blog,,,,Microsoft Threat Intelligence,Counterfeit installers to system compromise: Tracking a deceptive software download campaign | Microsoft Security Blog,https://www.microsoft.com/en-us/security/blog/2026/09/01/counterfeit-installers-system-compromise-tracking-deceptive-software-download-campaign/,2026-09-01T22:48:28Z,2026-09-01T22:48:42Z,,,2026-09-20T13:00:00.081404Z,71,6,12,66,59,60,60,30,30,,,False,1,NEW,"[{""organization"": ""Microsoft Threat Intelligence"", ""article_title"": ""Counterfeit installers to system compromise: Tracking a deceptive software download campaign | Microsoft Security Blog"", ""url"": ""https://www.microsoft.com/en-us/security/blog/2026/09/01/counterfeit-installers-system-compromise-tracking-deceptive-software-download-campaign/"", ""published_at"": ""2026-09-01T22:48:28Z"", ""updated_at"": ""2026-09-01T22:48:42Z"", ""reliability"": 0.96}]"
telegra.ph,domain,"ClearFake WebDAV infection chain delivers Amatera stealer, ZigCryptoStealer, and NetSupport Manager",,,,Cisco Talos,"ClearFake WebDAV infection chain delivers Amatera stealer, ZigCryptoStealer, and NetSupport Manager",https://blog.talosintelligence.com/clearfake-webdav-infection-chain/,2026-09-08T10:01:07Z,2026-09-10T09:03:00Z,,,2026-09-20T13:00:00.081404Z,68,6,12,66,58,60,60,30,30,,,False,1,NEW,"[{""organization"": ""Cisco Talos"", ""article_title"": ""ClearFake WebDAV infection chain delivers Amatera stealer, ZigCryptoStealer, and NetSupport Manager"", ""url"": ""https://blog.talosintelligence.com/clearfake-webdav-infection-chain/"", ""published_at"": ""2026-09-08T10:01:07Z"", ""updated_at"": ""2026-09-10T09:03:00Z"", ""reliability"": 0.92}]"
territorycaption.xyz,domain,Untracked Nightmares: The Threats Hiding Behind Commodity Infrastructure,,,,Palo Alto Networks Unit 42,Untracked Nightmares: The Threats Hiding Behind Commodity Infrastructure,https://unit42.paloaltonetworks.com/ppi-network-malware-campaign-analysis/,2026-09-09T10:00:55Z,,,,2026-09-20T13:00:00.081404Z,68,6,12,66,58,60,60,30,30,,,False,1,NEW,"[{""organization"": ""Palo Alto Networks Unit 42"", ""article_title"": ""Untracked Nightmares: The Threats Hiding Behind Commodity Infrastructure"", ""url"": ""https://unit42.paloaltonetworks.com/ppi-network-malware-campaign-analysis/"", ""published_at"": ""2026-09-09T10:00:55Z"", ""updated_at"": null, ""reliability"": 0.92}]"
texturebadge.xyz,domain,Untracked Nightmares: The Threats Hiding Behind Commodity Infrastructure,,,,Palo Alto Networks Unit 42,Untracked Nightmares: The Threats Hiding Behind Commodity Infrastructure,https://unit42.paloaltonetworks.com/ppi-network-malware-campaign-analysis/,2026-09-09T10:00:55Z,,,,2026-09-20T13:00:00.081404Z,68,6,12,66,58,60,60,30,30,,,False,1,NEW,"[{""organization"": ""Palo Alto Networks Unit 42"", ""article_title"": ""Untracked Nightmares: The Threats Hiding Behind Commodity Infrastructure"", ""url"": ""https://unit42.paloaltonetworks.com/ppi-network-malware-campaign-analysis/"", ""published_at"": ""2026-09-09T10:00:55Z"", ""updated_at"": null, ""reliability"": 0.92}]"
thebusinessloanexpress.com,domain,ASCII smuggling crosses over from AI prompt injection to phishing evasion | Microsoft Security Blog,,,,Microsoft Threat Intelligence,ASCII smuggling crosses over from AI prompt injection to phishing evasion | Microsoft Security Blog,https://www.microsoft.com/en-us/security/blog/2026/09/03/ascii-smuggling-crosses-over-from-ai-prompt-injection-to-phishing-evasion/,2026-09-03T16:00:00Z,2026-09-03T17:51:06Z,,,2026-09-20T13:00:00.081404Z,71,5,12,66,58,60,60,30,30,,,False,1,NEW,"[{""organization"": ""Microsoft Threat Intelligence"", ""article_title"": ""ASCII smuggling crosses over from AI prompt injection to phishing evasion | Microsoft Security Blog"", ""url"": ""https://www.microsoft.com/en-us/security/blog/2026/09/03/ascii-smuggling-crosses-over-from-ai-prompt-injection-to-phishing-evasion/"", ""published_at"": ""2026-09-03T16:00:00Z"", ""updated_at"": ""2026-09-03T17:51:06Z"", ""reliability"": 0.96}]"
thrillducks.xyz,domain,Untracked Nightmares: The Threats Hiding Behind Commodity Infrastructure,,,,Palo Alto Networks Unit 42,Untracked Nightmares: The Threats Hiding Behind Commodity Infrastructure,https://unit42.paloaltonetworks.com/ppi-network-malware-campaign-analysis/,2026-09-09T10:00:55Z,,,,2026-09-20T13:00:00.081404Z,68,6,12,66,58,60,60,30,30,,,False,1,NEW,"[{""organization"": ""Palo Alto Networks Unit 42"", ""article_title"": ""Untracked Nightmares: The Threats Hiding Behind Commodity Infrastructure"", ""url"": ""https://unit42.paloaltonetworks.com/ppi-network-malware-campaign-analysis/"", ""published_at"": ""2026-09-09T10:00:55Z"", ""updated_at"": null, ""reliability"": 0.92}]"
throneback.xyz,domain,Untracked Nightmares: The Threats Hiding Behind Commodity Infrastructure,,,,Palo Alto Networks Unit 42,Untracked Nightmares: The Threats Hiding Behind Commodity Infrastructure,https://unit42.paloaltonetworks.com/ppi-network-malware-campaign-analysis/,2026-09-09T10:00:55Z,,,,2026-09-20T13:00:00.081404Z,68,6,12,66,58,60,60,30,30,,,False,1,NEW,"[{""organization"": ""Palo Alto Networks Unit 42"", ""article_title"": ""Untracked Nightmares: The Threats Hiding Behind Commodity Infrastructure"", ""url"": ""https://unit42.paloaltonetworks.com/ppi-network-malware-campaign-analysis/"", ""published_at"": ""2026-09-09T10:00:55Z"", ""updated_at"": null, ""reliability"": 0.92}]"
tinsofa.xyz,domain,Untracked Nightmares: The Threats Hiding Behind Commodity Infrastructure,,,,Palo Alto Networks Unit 42,Untracked Nightmares: The Threats Hiding Behind Commodity Infrastructure,https://unit42.paloaltonetworks.com/ppi-network-malware-campaign-analysis/,2026-09-09T10:00:55Z,,,,2026-09-20T13:00:00.081404Z,68,6,12,66,58,60,60,30,30,,,False,1,NEW,"[{""organization"": ""Palo Alto Networks Unit 42"", ""article_title"": ""Untracked Nightmares: The Threats Hiding Behind Commodity Infrastructure"", ""url"": ""https://unit42.paloaltonetworks.com/ppi-network-malware-campaign-analysis/"", ""published_at"": ""2026-09-09T10:00:55Z"", ""updated_at"": null, ""reliability"": 0.92}]"
tmsq.tzcdq.cn,domain,Counterfeit installers to system compromise: Tracking a deceptive software download campaign | Microsoft Security Blog,,,,Microsoft Threat Intelligence,Counterfeit installers to system compromise: Tracking a deceptive software download campaign | Microsoft Security Blog,https://www.microsoft.com/en-us/security/blog/2026/09/01/counterfeit-installers-system-compromise-tracking-deceptive-software-download-campaign/,2026-09-01T22:48:28Z,2026-09-01T22:48:42Z,,,2026-09-20T13:00:00.081404Z,71,6,12,66,59,60,60,30,30,,,False,1,NEW,"[{""organization"": ""Microsoft Threat Intelligence"", ""article_title"": ""Counterfeit installers to system compromise: Tracking a deceptive software download campaign | Microsoft Security Blog"", ""url"": ""https://www.microsoft.com/en-us/security/blog/2026/09/01/counterfeit-installers-system-compromise-tracking-deceptive-software-download-campaign/"", ""published_at"": ""2026-09-01T22:48:28Z"", ""updated_at"": ""2026-09-01T22:48:42Z"", ""reliability"": 0.96}]"
toespiders.xyz,domain,Untracked Nightmares: The Threats Hiding Behind Commodity Infrastructure,,,,Palo Alto Networks Unit 42,Untracked Nightmares: The Threats Hiding Behind Commodity Infrastructure,https://unit42.paloaltonetworks.com/ppi-network-malware-campaign-analysis/,2026-09-09T10:00:55Z,,,,2026-09-20T13:00:00.081404Z,68,6,12,66,58,60,60,30,30,,,False,1,NEW,"[{""organization"": ""Palo Alto Networks Unit 42"", ""article_title"": ""Untracked Nightmares: The Threats Hiding Behind Commodity Infrastructure"", ""url"": ""https://unit42.paloaltonetworks.com/ppi-network-malware-campaign-analysis/"", ""published_at"": ""2026-09-09T10:00:55Z"", ""updated_at"": null, ""reliability"": 0.92}]"
toothpastesense.xyz,domain,Untracked Nightmares: The Threats Hiding Behind Commodity Infrastructure,,,,Palo Alto Networks Unit 42,Untracked Nightmares: The Threats Hiding Behind Commodity Infrastructure,https://unit42.paloaltonetworks.com/ppi-network-malware-campaign-analysis/,2026-09-09T10:00:55Z,,,,2026-09-20T13:00:00.081404Z,68,6,12,66,58,60,60,30,30,,,False,1,NEW,"[{""organization"": ""Palo Alto Networks Unit 42"", ""article_title"": ""Untracked Nightmares: The Threats Hiding Behind Commodity Infrastructure"", ""url"": ""https://unit42.paloaltonetworks.com/ppi-network-malware-campaign-analysis/"", ""published_at"": ""2026-09-09T10:00:55Z"", ""updated_at"": null, ""reliability"": 0.92}]"
toothpastesun.xyz,domain,Untracked Nightmares: The Threats Hiding Behind Commodity Infrastructure,,,,Palo Alto Networks Unit 42,Untracked Nightmares: The Threats Hiding Behind Commodity Infrastructure,https://unit42.paloaltonetworks.com/ppi-network-malware-campaign-analysis/,2026-09-09T10:00:55Z,,,,2026-09-20T13:00:00.081404Z,68,6,12,66,58,60,60,30,30,,,False,1,NEW,"[{""organization"": ""Palo Alto Networks Unit 42"", ""article_title"": ""Untracked Nightmares: The Threats Hiding Behind Commodity Infrastructure"", ""url"": ""https://unit42.paloaltonetworks.com/ppi-network-malware-campaign-analysis/"", ""published_at"": ""2026-09-09T10:00:55Z"", ""updated_at"": null, ""reliability"": 0.92}]"
townquiver.xyz,domain,Untracked Nightmares: The Threats Hiding Behind Commodity Infrastructure,,,,Palo Alto Networks Unit 42,Untracked Nightmares: The Threats Hiding Behind Commodity Infrastructure,https://unit42.paloaltonetworks.com/ppi-network-malware-campaign-analysis/,2026-09-09T10:00:55Z,,,,2026-09-20T13:00:00.081404Z,68,6,12,66,58,60,60,30,30,,,False,1,NEW,"[{""organization"": ""Palo Alto Networks Unit 42"", ""article_title"": ""Untracked Nightmares: The Threats Hiding Behind Commodity Infrastructure"", ""url"": ""https://unit42.paloaltonetworks.com/ppi-network-malware-campaign-analysis/"", ""published_at"": ""2026-09-09T10:00:55Z"", ""updated_at"": null, ""reliability"": 0.92}]"
trampdonkey.icu,domain,Untracked Nightmares: The Threats Hiding Behind Commodity Infrastructure,,,,Palo Alto Networks Unit 42,Untracked Nightmares: The Threats Hiding Behind Commodity Infrastructure,https://unit42.paloaltonetworks.com/ppi-network-malware-campaign-analysis/,2026-09-09T10:00:55Z,,,,2026-09-20T13:00:00.081404Z,68,6,12,66,58,60,60,30,30,,,False,1,NEW,"[{""organization"": ""Palo Alto Networks Unit 42"", ""article_title"": ""Untracked Nightmares: The Threats Hiding Behind Commodity Infrastructure"", ""url"": ""https://unit42.paloaltonetworks.com/ppi-network-malware-campaign-analysis/"", ""published_at"": ""2026-09-09T10:00:55Z"", ""updated_at"": null, ""reliability"": 0.92}]"
translate-youdao.hl.cn,domain,Counterfeit installers to system compromise: Tracking a deceptive software download campaign | Microsoft Security Blog,,,,Microsoft Threat Intelligence,Counterfeit installers to system compromise: Tracking a deceptive software download campaign | Microsoft Security Blog,https://www.microsoft.com/en-us/security/blog/2026/09/01/counterfeit-installers-system-compromise-tracking-deceptive-software-download-campaign/,2026-09-01T22:48:28Z,2026-09-01T22:48:42Z,,,2026-09-20T13:00:00.081404Z,71,6,12,66,59,60,60,30,30,,,False,1,NEW,"[{""organization"": ""Microsoft Threat Intelligence"", ""article_title"": ""Counterfeit installers to system compromise: Tracking a deceptive software download campaign | Microsoft Security Blog"", ""url"": ""https://www.microsoft.com/en-us/security/blog/2026/09/01/counterfeit-installers-system-compromise-tracking-deceptive-software-download-campaign/"", ""published_at"": ""2026-09-01T22:48:28Z"", ""updated_at"": ""2026-09-01T22:48:42Z"", ""reliability"": 0.96}]"
treesboard.xyz,domain,Untracked Nightmares: The Threats Hiding Behind Commodity Infrastructure,,,,Palo Alto Networks Unit 42,Untracked Nightmares: The Threats Hiding Behind Commodity Infrastructure,https://unit42.paloaltonetworks.com/ppi-network-malware-campaign-analysis/,2026-09-09T10:00:55Z,,,,2026-09-20T13:00:00.081404Z,68,6,12,66,58,60,60,30,30,,,False,1,NEW,"[{""organization"": ""Palo Alto Networks Unit 42"", ""article_title"": ""Untracked Nightmares: The Threats Hiding Behind Commodity Infrastructure"", ""url"": ""https://unit42.paloaltonetworks.com/ppi-network-malware-campaign-analysis/"", ""published_at"": ""2026-09-09T10:00:55Z"", ""updated_at"": null, ""reliability"": 0.92}]"
trickflag.info,domain,Untracked Nightmares: The Threats Hiding Behind Commodity Infrastructure,,,,Palo Alto Networks Unit 42,Untracked Nightmares: The Threats Hiding Behind Commodity Infrastructure,https://unit42.paloaltonetworks.com/ppi-network-malware-campaign-analysis/,2026-09-09T10:00:55Z,,,,2026-09-20T13:00:00.081404Z,68,6,12,66,58,60,60,30,30,,,False,1,NEW,"[{""organization"": ""Palo Alto Networks Unit 42"", ""article_title"": ""Untracked Nightmares: The Threats Hiding Behind Commodity Infrastructure"", ""url"": ""https://unit42.paloaltonetworks.com/ppi-network-malware-campaign-analysis/"", ""published_at"": ""2026-09-09T10:00:55Z"", ""updated_at"": null, ""reliability"": 0.92}]"
truckpig.cfd,domain,Untracked Nightmares: The Threats Hiding Behind Commodity Infrastructure,,,,Palo Alto Networks Unit 42,Untracked Nightmares: The Threats Hiding Behind Commodity Infrastructure,https://unit42.paloaltonetworks.com/ppi-network-malware-campaign-analysis/,2026-09-09T10:00:55Z,,,,2026-09-20T13:00:00.081404Z,68,6,12,66,58,60,60,30,30,,,False,1,NEW,"[{""organization"": ""Palo Alto Networks Unit 42"", ""article_title"": ""Untracked Nightmares: The Threats Hiding Behind Commodity Infrastructure"", ""url"": ""https://unit42.paloaltonetworks.com/ppi-network-malware-campaign-analysis/"", ""published_at"": ""2026-09-09T10:00:55Z"", ""updated_at"": null, ""reliability"": 0.92}]"
truckshat.xyz,domain,Untracked Nightmares: The Threats Hiding Behind Commodity Infrastructure,,,,Palo Alto Networks Unit 42,Untracked Nightmares: The Threats Hiding Behind Commodity Infrastructure,https://unit42.paloaltonetworks.com/ppi-network-malware-campaign-analysis/,2026-09-09T10:00:55Z,,,,2026-09-20T13:00:00.081404Z,68,6,12,66,58,60,60,30,30,,,False,1,NEW,"[{""organization"": ""Palo Alto Networks Unit 42"", ""article_title"": ""Untracked Nightmares: The Threats Hiding Behind Commodity Infrastructure"", ""url"": ""https://unit42.paloaltonetworks.com/ppi-network-malware-campaign-analysis/"", ""published_at"": ""2026-09-09T10:00:55Z"", ""updated_at"": null, ""reliability"": 0.92}]"
turnclass.xyz,domain,Untracked Nightmares: The Threats Hiding Behind Commodity Infrastructure,,,,Palo Alto Networks Unit 42,Untracked Nightmares: The Threats Hiding Behind Commodity Infrastructure,https://unit42.paloaltonetworks.com/ppi-network-malware-campaign-analysis/,2026-09-09T10:00:55Z,,,,2026-09-20T13:00:00.081404Z,68,6,12,66,58,60,60,30,30,,,False,1,NEW,"[{""organization"": ""Palo Alto Networks Unit 42"", ""article_title"": ""Untracked Nightmares: The Threats Hiding Behind Commodity Infrastructure"", ""url"": ""https://unit42.paloaltonetworks.com/ppi-network-malware-campaign-analysis/"", ""published_at"": ""2026-09-09T10:00:55Z"", ""updated_at"": null, ""reliability"": 0.92}]"
umbrellavessel.xyz,domain,Untracked Nightmares: The Threats Hiding Behind Commodity Infrastructure,,,,Palo Alto Networks Unit 42,Untracked Nightmares: The Threats Hiding Behind Commodity Infrastructure,https://unit42.paloaltonetworks.com/ppi-network-malware-campaign-analysis/,2026-09-09T10:00:55Z,,,,2026-09-20T13:00:00.081404Z,68,6,12,66,58,60,60,30,30,,,False,1,NEW,"[{""organization"": ""Palo Alto Networks Unit 42"", ""article_title"": ""Untracked Nightmares: The Threats Hiding Behind Commodity Infrastructure"", ""url"": ""https://unit42.paloaltonetworks.com/ppi-network-malware-campaign-analysis/"", ""published_at"": ""2026-09-09T10:00:55Z"", ""updated_at"": null, ""reliability"": 0.92}]"
unitedfundingwave.com,domain,ASCII smuggling crosses over from AI prompt injection to phishing evasion | Microsoft Security Blog,,,,Microsoft Threat Intelligence,ASCII smuggling crosses over from AI prompt injection to phishing evasion | Microsoft Security Blog,https://www.microsoft.com/en-us/security/blog/2026/09/03/ascii-smuggling-crosses-over-from-ai-prompt-injection-to-phishing-evasion/,2026-09-03T16:00:00Z,2026-09-03T17:51:06Z,,,2026-09-20T13:00:00.081404Z,71,5,12,66,58,60,60,30,30,,,False,1,NEW,"[{""organization"": ""Microsoft Threat Intelligence"", ""article_title"": ""ASCII smuggling crosses over from AI prompt injection to phishing evasion | Microsoft Security Blog"", ""url"": ""https://www.microsoft.com/en-us/security/blog/2026/09/03/ascii-smuggling-crosses-over-from-ai-prompt-injection-to-phishing-evasion/"", ""published_at"": ""2026-09-03T16:00:00Z"", ""updated_at"": ""2026-09-03T17:51:06Z"", ""reliability"": 0.96}]"
update.dubbedmuch.cc,domain,"ClearFake WebDAV infection chain delivers Amatera stealer, ZigCryptoStealer, and NetSupport Manager",,,,Cisco Talos,"ClearFake WebDAV infection chain delivers Amatera stealer, ZigCryptoStealer, and NetSupport Manager",https://blog.talosintelligence.com/clearfake-webdav-infection-chain/,2026-09-08T10:01:07Z,2026-09-10T09:03:00Z,,,2026-09-20T13:00:00.081404Z,68,6,12,66,58,60,60,30,30,,,False,1,NEW,"[{""organization"": ""Cisco Talos"", ""article_title"": ""ClearFake WebDAV infection chain delivers Amatera stealer, ZigCryptoStealer, and NetSupport Manager"", ""url"": ""https://blog.talosintelligence.com/clearfake-webdav-infection-chain/"", ""published_at"": ""2026-09-08T10:01:07Z"", ""updated_at"": ""2026-09-10T09:03:00Z"", ""reliability"": 0.92}]"
update1n5.blob.core.windows.net,domain,Impersonating IT support: how threat actors turn a remote session into enterprise-wide access | Microsoft Security Blog,,,,Microsoft Threat Intelligence,Impersonating IT support: how threat actors turn a remote session into enterprise-wide access | Microsoft Security Blog,https://www.microsoft.com/en-us/security/blog/2026/09/02/impersonating-it-support-threat-actors-turn-remote-session-into-enterprise-wide-access/,2026-09-02T22:51:18Z,2026-09-02T22:51:21Z,,,2026-09-20T13:00:00.081404Z,71,8,12,66,61,60,60,30,30,,,False,1,NEW,"[{""organization"": ""Microsoft Threat Intelligence"", ""article_title"": ""Impersonating IT support: how threat actors turn a remote session into enterprise-wide access | Microsoft Security Blog"", ""url"": ""https://www.microsoft.com/en-us/security/blog/2026/09/02/impersonating-it-support-threat-actors-turn-remote-session-into-enterprise-wide-access/"", ""published_at"": ""2026-09-02T22:51:18Z"", ""updated_at"": ""2026-09-02T22:51:21Z"", ""reliability"": 0.96}]"
update1n6.blob.core.windows.net,domain,Impersonating IT support: how threat actors turn a remote session into enterprise-wide access | Microsoft Security Blog,,,,Microsoft Threat Intelligence,Impersonating IT support: how threat actors turn a remote session into enterprise-wide access | Microsoft Security Blog,https://www.microsoft.com/en-us/security/blog/2026/09/02/impersonating-it-support-threat-actors-turn-remote-session-into-enterprise-wide-access/,2026-09-02T22:51:18Z,2026-09-02T22:51:21Z,,,2026-09-20T13:00:00.081404Z,71,8,12,66,61,60,60,30,30,,,False,1,NEW,"[{""organization"": ""Microsoft Threat Intelligence"", ""article_title"": ""Impersonating IT support: how threat actors turn a remote session into enterprise-wide access | Microsoft Security Blog"", ""url"": ""https://www.microsoft.com/en-us/security/blog/2026/09/02/impersonating-it-support-threat-actors-turn-remote-session-into-enterprise-wide-access/"", ""published_at"": ""2026-09-02T22:51:18Z"", ""updated_at"": ""2026-09-02T22:51:21Z"", ""reliability"": 0.96}]"
update1n7.blob.core.windows.net,domain,Impersonating IT support: how threat actors turn a remote session into enterprise-wide access | Microsoft Security Blog,,,,Microsoft Threat Intelligence,Impersonating IT support: how threat actors turn a remote session into enterprise-wide access | Microsoft Security Blog,https://www.microsoft.com/en-us/security/blog/2026/09/02/impersonating-it-support-threat-actors-turn-remote-session-into-enterprise-wide-access/,2026-09-02T22:51:18Z,2026-09-02T22:51:21Z,,,2026-09-20T13:00:00.081404Z,71,8,12,66,61,60,60,30,30,,,False,1,NEW,"[{""organization"": ""Microsoft Threat Intelligence"", ""article_title"": ""Impersonating IT support: how threat actors turn a remote session into enterprise-wide access | Microsoft Security Blog"", ""url"": ""https://www.microsoft.com/en-us/security/blog/2026/09/02/impersonating-it-support-threat-actors-turn-remote-session-into-enterprise-wide-access/"", ""published_at"": ""2026-09-02T22:51:18Z"", ""updated_at"": ""2026-09-02T22:51:21Z"", ""reliability"": 0.96}]"
update1n9.blob.core.windows.net,domain,Impersonating IT support: how threat actors turn a remote session into enterprise-wide access | Microsoft Security Blog,,,,Microsoft Threat Intelligence,Impersonating IT support: how threat actors turn a remote session into enterprise-wide access | Microsoft Security Blog,https://www.microsoft.com/en-us/security/blog/2026/09/02/impersonating-it-support-threat-actors-turn-remote-session-into-enterprise-wide-access/,2026-09-02T22:51:18Z,2026-09-02T22:51:21Z,,,2026-09-20T13:00:00.081404Z,71,8,12,66,61,60,60,30,30,,,False,1,NEW,"[{""organization"": ""Microsoft Threat Intelligence"", ""article_title"": ""Impersonating IT support: how threat actors turn a remote session into enterprise-wide access | Microsoft Security Blog"", ""url"": ""https://www.microsoft.com/en-us/security/blog/2026/09/02/impersonating-it-support-threat-actors-turn-remote-session-into-enterprise-wide-access/"", ""published_at"": ""2026-09-02T22:51:18Z"", ""updated_at"": ""2026-09-02T22:51:21Z"", ""reliability"": 0.96}]"
updatetmp.blob.core.windows.net,domain,Impersonating IT support: how threat actors turn a remote session into enterprise-wide access | Microsoft Security Blog,,,,Microsoft Threat Intelligence,Impersonating IT support: how threat actors turn a remote session into enterprise-wide access | Microsoft Security Blog,https://www.microsoft.com/en-us/security/blog/2026/09/02/impersonating-it-support-threat-actors-turn-remote-session-into-enterprise-wide-access/,2026-09-02T22:51:18Z,2026-09-02T22:51:21Z,,,2026-09-20T13:00:00.081404Z,71,8,12,66,61,60,60,30,30,,,False,1,NEW,"[{""organization"": ""Microsoft Threat Intelligence"", ""article_title"": ""Impersonating IT support: how threat actors turn a remote session into enterprise-wide access | Microsoft Security Blog"", ""url"": ""https://www.microsoft.com/en-us/security/blog/2026/09/02/impersonating-it-support-threat-actors-turn-remote-session-into-enterprise-wide-access/"", ""published_at"": ""2026-09-02T22:51:18Z"", ""updated_at"": ""2026-09-02T22:51:21Z"", ""reliability"": 0.96}]"
uy.basesfiles.com,domain,Untracked Nightmares: The Threats Hiding Behind Commodity Infrastructure,,,,Palo Alto Networks Unit 42,Untracked Nightmares: The Threats Hiding Behind Commodity Infrastructure,https://unit42.paloaltonetworks.com/ppi-network-malware-campaign-analysis/,2026-09-09T10:00:55Z,,,,2026-09-20T13:00:00.081404Z,68,6,12,66,58,60,60,30,30,,,False,1,NEW,"[{""organization"": ""Palo Alto Networks Unit 42"", ""article_title"": ""Untracked Nightmares: The Threats Hiding Behind Commodity Infrastructure"", ""url"": ""https://unit42.paloaltonetworks.com/ppi-network-malware-campaign-analysis/"", ""published_at"": ""2026-09-09T10:00:55Z"", ""updated_at"": null, ""reliability"": 0.92}]"
vacationengine.xyz,domain,Untracked Nightmares: The Threats Hiding Behind Commodity Infrastructure,,,,Palo Alto Networks Unit 42,Untracked Nightmares: The Threats Hiding Behind Commodity Infrastructure,https://unit42.paloaltonetworks.com/ppi-network-malware-campaign-analysis/,2026-09-09T10:00:55Z,,,,2026-09-20T13:00:00.081404Z,68,6,12,66,58,60,60,30,30,,,False,1,NEW,"[{""organization"": ""Palo Alto Networks Unit 42"", ""article_title"": ""Untracked Nightmares: The Threats Hiding Behind Commodity Infrastructure"", ""url"": ""https://unit42.paloaltonetworks.com/ppi-network-malware-campaign-analysis/"", ""published_at"": ""2026-09-09T10:00:55Z"", ""updated_at"": null, ""reliability"": 0.92}]"
validationsetupac.com,domain,Passkey-themed social engineering leads to identity and cloud compromise | Microsoft Security Blog,,,,Microsoft Threat Intelligence,Passkey-themed social engineering leads to identity and cloud compromise | Microsoft Security Blog,https://www.microsoft.com/en-us/security/blog/2026/09/09/passkey-themed-social-engineering-leads-identity-cloud-compromise/,2026-09-09T17:41:18Z,2026-09-09T17:59:18Z,,,2026-09-20T13:00:00.081404Z,71,6,12,66,59,60,60,30,30,,,False,1,NEW,"[{""organization"": ""Microsoft Threat Intelligence"", ""article_title"": ""Passkey-themed social engineering leads to identity and cloud compromise | Microsoft Security Blog"", ""url"": ""https://www.microsoft.com/en-us/security/blog/2026/09/09/passkey-themed-social-engineering-leads-identity-cloud-compromise/"", ""published_at"": ""2026-09-09T17:41:18Z"", ""updated_at"": ""2026-09-09T17:59:18Z"", ""reliability"": 0.96}]"
velfps.blogspot.com,domain,Untracked Nightmares: The Threats Hiding Behind Commodity Infrastructure,,,,Palo Alto Networks Unit 42,Untracked Nightmares: The Threats Hiding Behind Commodity Infrastructure,https://unit42.paloaltonetworks.com/ppi-network-malware-campaign-analysis/,2026-09-09T10:00:55Z,,,,2026-09-20T13:00:00.081404Z,68,6,12,66,58,60,60,30,30,,,False,1,NEW,"[{""organization"": ""Palo Alto Networks Unit 42"", ""article_title"": ""Untracked Nightmares: The Threats Hiding Behind Commodity Infrastructure"", ""url"": ""https://unit42.paloaltonetworks.com/ppi-network-malware-campaign-analysis/"", ""published_at"": ""2026-09-09T10:00:55Z"", ""updated_at"": null, ""reliability"": 0.92}]"
velvoxlab.blogspot.com,domain,Untracked Nightmares: The Threats Hiding Behind Commodity Infrastructure,,,,Palo Alto Networks Unit 42,Untracked Nightmares: The Threats Hiding Behind Commodity Infrastructure,https://unit42.paloaltonetworks.com/ppi-network-malware-campaign-analysis/,2026-09-09T10:00:55Z,,,,2026-09-20T13:00:00.081404Z,68,6,12,66,58,60,60,30,30,,,False,1,NEW,"[{""organization"": ""Palo Alto Networks Unit 42"", ""article_title"": ""Untracked Nightmares: The Threats Hiding Behind Commodity Infrastructure"", ""url"": ""https://unit42.paloaltonetworks.com/ppi-network-malware-campaign-analysis/"", ""published_at"": ""2026-09-09T10:00:55Z"", ""updated_at"": null, ""reliability"": 0.92}]"
vendralo.info,domain,Untracked Nightmares: The Threats Hiding Behind Commodity Infrastructure,,,,Palo Alto Networks Unit 42,Untracked Nightmares: The Threats Hiding Behind Commodity Infrastructure,https://unit42.paloaltonetworks.com/ppi-network-malware-campaign-analysis/,2026-09-09T10:00:55Z,,,,2026-09-20T13:00:00.081404Z,68,6,12,66,58,60,60,30,30,,,False,1,NEW,"[{""organization"": ""Palo Alto Networks Unit 42"", ""article_title"": ""Untracked Nightmares: The Threats Hiding Behind Commodity Infrastructure"", ""url"": ""https://unit42.paloaltonetworks.com/ppi-network-malware-campaign-analysis/"", ""published_at"": ""2026-09-09T10:00:55Z"", ""updated_at"": null, ""reliability"": 0.92}]"
venrx.blogspot.com,domain,Untracked Nightmares: The Threats Hiding Behind Commodity Infrastructure,,,,Palo Alto Networks Unit 42,Untracked Nightmares: The Threats Hiding Behind Commodity Infrastructure,https://unit42.paloaltonetworks.com/ppi-network-malware-campaign-analysis/,2026-09-09T10:00:55Z,,,,2026-09-20T13:00:00.081404Z,68,6,12,66,58,60,60,30,30,,,False,1,NEW,"[{""organization"": ""Palo Alto Networks Unit 42"", ""article_title"": ""Untracked Nightmares: The Threats Hiding Behind Commodity Infrastructure"", ""url"": ""https://unit42.paloaltonetworks.com/ppi-network-malware-campaign-analysis/"", ""published_at"": ""2026-09-09T10:00:55Z"", ""updated_at"": null, ""reliability"": 0.92}]"
venrx.xyz,domain,Untracked Nightmares: The Threats Hiding Behind Commodity Infrastructure,,,,Palo Alto Networks Unit 42,Untracked Nightmares: The Threats Hiding Behind Commodity Infrastructure,https://unit42.paloaltonetworks.com/ppi-network-malware-campaign-analysis/,2026-09-09T10:00:55Z,,,,2026-09-20T13:00:00.081404Z,68,6,12,66,58,60,60,30,30,,,False,1,NEW,"[{""organization"": ""Palo Alto Networks Unit 42"", ""article_title"": ""Untracked Nightmares: The Threats Hiding Behind Commodity Infrastructure"", ""url"": ""https://unit42.paloaltonetworks.com/ppi-network-malware-campaign-analysis/"", ""published_at"": ""2026-09-09T10:00:55Z"", ""updated_at"": null, ""reliability"": 0.92}]"
venrxhub.blogspot.com,domain,Untracked Nightmares: The Threats Hiding Behind Commodity Infrastructure,,,,Palo Alto Networks Unit 42,Untracked Nightmares: The Threats Hiding Behind Commodity Infrastructure,https://unit42.paloaltonetworks.com/ppi-network-malware-campaign-analysis/,2026-09-09T10:00:55Z,,,,2026-09-20T13:00:00.081404Z,68,6,12,66,58,60,60,30,30,,,False,1,NEW,"[{""organization"": ""Palo Alto Networks Unit 42"", ""article_title"": ""Untracked Nightmares: The Threats Hiding Behind Commodity Infrastructure"", ""url"": ""https://unit42.paloaltonetworks.com/ppi-network-malware-campaign-analysis/"", ""published_at"": ""2026-09-09T10:00:55Z"", ""updated_at"": null, ""reliability"": 0.92}]"
verification.google,domain,"ClearFake WebDAV infection chain delivers Amatera stealer, ZigCryptoStealer, and NetSupport Manager",,,,Cisco Talos,"ClearFake WebDAV infection chain delivers Amatera stealer, ZigCryptoStealer, and NetSupport Manager",https://blog.talosintelligence.com/clearfake-webdav-infection-chain/,2026-09-08T10:01:07Z,2026-09-10T09:03:00Z,,,2026-09-20T13:00:00.081404Z,68,6,12,66,58,60,60,30,30,,,False,1,NEW,"[{""organization"": ""Cisco Talos"", ""article_title"": ""ClearFake WebDAV infection chain delivers Amatera stealer, ZigCryptoStealer, and NetSupport Manager"", ""url"": ""https://blog.talosintelligence.com/clearfake-webdav-infection-chain/"", ""published_at"": ""2026-09-08T10:01:07Z"", ""updated_at"": ""2026-09-10T09:03:00Z"", ""reliability"": 0.92}]"
vesselsystem.xyz,domain,Untracked Nightmares: The Threats Hiding Behind Commodity Infrastructure,,,,Palo Alto Networks Unit 42,Untracked Nightmares: The Threats Hiding Behind Commodity Infrastructure,https://unit42.paloaltonetworks.com/ppi-network-malware-campaign-analysis/,2026-09-09T10:00:55Z,,,,2026-09-20T13:00:00.081404Z,68,6,12,66,58,60,60,30,30,,,False,1,NEW,"[{""organization"": ""Palo Alto Networks Unit 42"", ""article_title"": ""Untracked Nightmares: The Threats Hiding Behind Commodity Infrastructure"", ""url"": ""https://unit42.paloaltonetworks.com/ppi-network-malware-campaign-analysis/"", ""published_at"": ""2026-09-09T10:00:55Z"", ""updated_at"": null, ""reliability"": 0.92}]"
vestthings.cfd,domain,Untracked Nightmares: The Threats Hiding Behind Commodity Infrastructure,,,,Palo Alto Networks Unit 42,Untracked Nightmares: The Threats Hiding Behind Commodity Infrastructure,https://unit42.paloaltonetworks.com/ppi-network-malware-campaign-analysis/,2026-09-09T10:00:55Z,,,,2026-09-20T13:00:00.081404Z,68,6,12,66,58,60,60,30,30,,,False,1,NEW,"[{""organization"": ""Palo Alto Networks Unit 42"", ""article_title"": ""Untracked Nightmares: The Threats Hiding Behind Commodity Infrastructure"", ""url"": ""https://unit42.paloaltonetworks.com/ppi-network-malware-campaign-analysis/"", ""published_at"": ""2026-09-09T10:00:55Z"", ""updated_at"": null, ""reliability"": 0.92}]"
vn.xyz,domain,UAT-10147 deploys SPECTRE: A cross-platform implant with Linux rootkit and BYOVD capabilities,,,,Cisco Talos,UAT-10147 deploys SPECTRE: A cross-platform implant with Linux rootkit and BYOVD capabilities,https://blog.talosintelligence.com/uat-10147-deploys-spectre-a-cross-platform-implant-with-linux-rootkit-and-byovd-capabilities/,2026-08-20T10:00:50Z,2026-08-26T23:04:45Z,,,2026-09-20T13:00:00.081404Z,68,7,12,66,59,60,60,30,30,,,False,1,NEW,"[{""organization"": ""Cisco Talos"", ""article_title"": ""UAT-10147 deploys SPECTRE: A cross-platform implant with Linux rootkit and BYOVD capabilities"", ""url"": ""https://blog.talosintelligence.com/uat-10147-deploys-spectre-a-cross-platform-implant-with-linux-rootkit-and-byovd-capabilities/"", ""published_at"": ""2026-08-20T10:00:50Z"", ""updated_at"": ""2026-08-26T23:04:45Z"", ""reliability"": 0.92}]"
volcanopin.xyz,domain,Untracked Nightmares: The Threats Hiding Behind Commodity Infrastructure,,,,Palo Alto Networks Unit 42,Untracked Nightmares: The Threats Hiding Behind Commodity Infrastructure,https://unit42.paloaltonetworks.com/ppi-network-malware-campaign-analysis/,2026-09-09T10:00:55Z,,,,2026-09-20T13:00:00.081404Z,68,6,12,66,58,60,60,30,30,,,False,1,NEW,"[{""organization"": ""Palo Alto Networks Unit 42"", ""article_title"": ""Untracked Nightmares: The Threats Hiding Behind Commodity Infrastructure"", ""url"": ""https://unit42.paloaltonetworks.com/ppi-network-malware-campaign-analysis/"", ""published_at"": ""2026-09-09T10:00:55Z"", ""updated_at"": null, ""reliability"": 0.92}]"
voyagemist.space,domain,Untracked Nightmares: The Threats Hiding Behind Commodity Infrastructure,,,,Palo Alto Networks Unit 42,Untracked Nightmares: The Threats Hiding Behind Commodity Infrastructure,https://unit42.paloaltonetworks.com/ppi-network-malware-campaign-analysis/,2026-09-09T10:00:55Z,,,,2026-09-20T13:00:00.081404Z,68,6,12,66,58,60,60,30,30,,,False,1,NEW,"[{""organization"": ""Palo Alto Networks Unit 42"", ""article_title"": ""Untracked Nightmares: The Threats Hiding Behind Commodity Infrastructure"", ""url"": ""https://unit42.paloaltonetworks.com/ppi-network-malware-campaign-analysis/"", ""published_at"": ""2026-09-09T10:00:55Z"", ""updated_at"": null, ""reliability"": 0.92}]"
w32.228c316455-95.sbx.tg,domain,The story behind the intelligence,,,,Cisco Talos,The story behind the intelligence,https://blog.talosintelligence.com/the-story-behind-the-intelligence/,2026-09-03T18:00:13Z,2026-09-09T19:22:24Z,,,2026-09-20T13:00:00.081404Z,68,7,12,66,59,60,60,30,30,,,False,1,NEW,"[{""organization"": ""Cisco Talos"", ""article_title"": ""The story behind the intelligence"", ""url"": ""https://blog.talosintelligence.com/the-story-behind-the-intelligence/"", ""published_at"": ""2026-09-03T18:00:13Z"", ""updated_at"": ""2026-09-09T19:22:24Z"", ""reliability"": 0.92}]"
w32.24fa02c3f6-95.sbx.tg,domain,Is Cyber missing the Marque?,,,,Cisco Talos,Is Cyber missing the Marque?,https://blog.talosintelligence.com/is-cyber-missing-the-marque/,2026-08-20T18:00:18Z,2026-08-27T18:02:59Z,,,2026-09-20T13:00:00.081404Z,68,7,12,66,74,60,60,30,30,,,False,1,NEW,"[{""organization"": ""Cisco Talos"", ""article_title"": ""Is Cyber missing the Marque?"", ""url"": ""https://blog.talosintelligence.com/is-cyber-missing-the-marque/"", ""published_at"": ""2026-08-20T18:00:18Z"", ""updated_at"": ""2026-08-27T18:02:59Z"", ""reliability"": 0.92}]"
w32.9f1f11a708-100.sbx.tg,domain,"We've got one word for it, and it's usually the wrong one",,,,Cisco Talos,"Is Cyber missing the Marque?;We've got one word for it, and it's usually the wrong one",https://blog.talosintelligence.com/is-cyber-missing-the-marque/;https://blog.talosintelligence.com/weve-got-one-word-for-it-and-its-usually-the-wrong-one/,2026-08-20T18:00:18Z;2026-09-10T18:00:15Z,2026-08-27T18:02:59Z;2026-09-10T18:00:15Z,,,2026-09-20T13:00:00.081404Z,78,7,12,66,79,60,60,30,30,,,False,2,NEW,"[{""organization"": ""Cisco Talos"", ""article_title"": ""We've got one word for it, and it's usually the wrong one"", ""url"": ""https://blog.talosintelligence.com/weve-got-one-word-for-it-and-its-usually-the-wrong-one/"", ""published_at"": ""2026-09-10T18:00:15Z"", ""updated_at"": ""2026-09-10T18:00:15Z"", ""reliability"": 0.92}, {""organization"": ""Cisco Talos"", ""article_title"": ""Is Cyber missing the Marque?"", ""url"": ""https://blog.talosintelligence.com/is-cyber-missing-the-marque/"", ""published_at"": ""2026-08-20T18:00:18Z"", ""updated_at"": ""2026-08-27T18:02:59Z"", ""reliability"": 0.92}]"
wastereading.xyz,domain,Untracked Nightmares: The Threats Hiding Behind Commodity Infrastructure,,,,Palo Alto Networks Unit 42,Untracked Nightmares: The Threats Hiding Behind Commodity Infrastructure,https://unit42.paloaltonetworks.com/ppi-network-malware-campaign-analysis/,2026-09-09T10:00:55Z,,,,2026-09-20T13:00:00.081404Z,68,6,12,66,58,60,60,30,30,,,False,1,NEW,"[{""organization"": ""Palo Alto Networks Unit 42"", ""article_title"": ""Untracked Nightmares: The Threats Hiding Behind Commodity Infrastructure"", ""url"": ""https://unit42.paloaltonetworks.com/ppi-network-malware-campaign-analysis/"", ""published_at"": ""2026-09-09T10:00:55Z"", ""updated_at"": null, ""reliability"": 0.92}]"
wasteturkey.xyz,domain,Untracked Nightmares: The Threats Hiding Behind Commodity Infrastructure,,,,Palo Alto Networks Unit 42,Untracked Nightmares: The Threats Hiding Behind Commodity Infrastructure,https://unit42.paloaltonetworks.com/ppi-network-malware-campaign-analysis/,2026-09-09T10:00:55Z,,,,2026-09-20T13:00:00.081404Z,68,6,12,66,58,60,60,30,30,,,False,1,NEW,"[{""organization"": ""Palo Alto Networks Unit 42"", ""article_title"": ""Untracked Nightmares: The Threats Hiding Behind Commodity Infrastructure"", ""url"": ""https://unit42.paloaltonetworks.com/ppi-network-malware-campaign-analysis/"", ""published_at"": ""2026-09-09T10:00:55Z"", ""updated_at"": null, ""reliability"": 0.92}]"
wastewine.xyz,domain,Untracked Nightmares: The Threats Hiding Behind Commodity Infrastructure,,,,Palo Alto Networks Unit 42,Untracked Nightmares: The Threats Hiding Behind Commodity Infrastructure,https://unit42.paloaltonetworks.com/ppi-network-malware-campaign-analysis/,2026-09-09T10:00:55Z,,,,2026-09-20T13:00:00.081404Z,68,6,12,66,58,60,60,30,30,,,False,1,NEW,"[{""organization"": ""Palo Alto Networks Unit 42"", ""article_title"": ""Untracked Nightmares: The Threats Hiding Behind Commodity Infrastructure"", ""url"": ""https://unit42.paloaltonetworks.com/ppi-network-malware-campaign-analysis/"", ""published_at"": ""2026-09-09T10:00:55Z"", ""updated_at"": null, ""reliability"": 0.92}]"
watchadvance.com,domain,Untracked Nightmares: The Threats Hiding Behind Commodity Infrastructure,,,,Palo Alto Networks Unit 42,Untracked Nightmares: The Threats Hiding Behind Commodity Infrastructure,https://unit42.paloaltonetworks.com/ppi-network-malware-campaign-analysis/,2026-09-09T10:00:55Z,,,,2026-09-20T13:00:00.081404Z,68,6,12,66,58,60,60,30,30,,,False,1,NEW,"[{""organization"": ""Palo Alto Networks Unit 42"", ""article_title"": ""Untracked Nightmares: The Threats Hiding Behind Commodity Infrastructure"", ""url"": ""https://unit42.paloaltonetworks.com/ppi-network-malware-campaign-analysis/"", ""published_at"": ""2026-09-09T10:00:55Z"", ""updated_at"": null, ""reliability"": 0.92}]"
wavepan.xyz,domain,Untracked Nightmares: The Threats Hiding Behind Commodity Infrastructure,,,,Palo Alto Networks Unit 42,Untracked Nightmares: The Threats Hiding Behind Commodity Infrastructure,https://unit42.paloaltonetworks.com/ppi-network-malware-campaign-analysis/,2026-09-09T10:00:55Z,,,,2026-09-20T13:00:00.081404Z,68,6,12,66,58,60,60,30,30,,,False,1,NEW,"[{""organization"": ""Palo Alto Networks Unit 42"", ""article_title"": ""Untracked Nightmares: The Threats Hiding Behind Commodity Infrastructure"", ""url"": ""https://unit42.paloaltonetworks.com/ppi-network-malware-campaign-analysis/"", ""published_at"": ""2026-09-09T10:00:55Z"", ""updated_at"": null, ""reliability"": 0.92}]"
webhook.site,domain,A Vault with a Heap-View: The Uncomfortable Space Between AgentCore Harness and Identity,,,,Palo Alto Networks Unit 42,A Vault with a Heap-View: The Uncomfortable Space Between AgentCore Harness and Identity,https://unit42.paloaltonetworks.com/securing-aws-agentcore-harness-credentials/,2026-09-18T10:00:36Z,2026-09-18T18:32:45Z,,,2026-09-20T13:00:00.081404Z,68,5,15,66,60,60,60,30,30,,,False,1,NEW,"[{""organization"": ""Palo Alto Networks Unit 42"", ""article_title"": ""A Vault with a Heap-View: The Uncomfortable Space Between AgentCore Harness and Identity"", ""url"": ""https://unit42.paloaltonetworks.com/securing-aws-agentcore-harness-credentials/"", ""published_at"": ""2026-09-18T10:00:36Z"", ""updated_at"": ""2026-09-18T18:32:45Z"", ""reliability"": 0.92}]"
wfmwsj.net,domain,Counterfeit installers to system compromise: Tracking a deceptive software download campaign | Microsoft Security Blog,,,,Microsoft Threat Intelligence,Counterfeit installers to system compromise: Tracking a deceptive software download campaign | Microsoft Security Blog,https://www.microsoft.com/en-us/security/blog/2026/09/01/counterfeit-installers-system-compromise-tracking-deceptive-software-download-campaign/,2026-09-01T22:48:28Z,2026-09-01T22:48:42Z,,,2026-09-20T13:00:00.081404Z,71,6,12,66,59,60,60,30,30,,,False,1,NEW,"[{""organization"": ""Microsoft Threat Intelligence"", ""article_title"": ""Counterfeit installers to system compromise: Tracking a deceptive software download campaign | Microsoft Security Blog"", ""url"": ""https://www.microsoft.com/en-us/security/blog/2026/09/01/counterfeit-installers-system-compromise-tracking-deceptive-software-download-campaign/"", ""published_at"": ""2026-09-01T22:48:28Z"", ""updated_at"": ""2026-09-01T22:48:42Z"", ""reliability"": 0.96}]"
whistlebook.cfd,domain,Untracked Nightmares: The Threats Hiding Behind Commodity Infrastructure,,,,Palo Alto Networks Unit 42,Untracked Nightmares: The Threats Hiding Behind Commodity Infrastructure,https://unit42.paloaltonetworks.com/ppi-network-malware-campaign-analysis/,2026-09-09T10:00:55Z,,,,2026-09-20T13:00:00.081404Z,68,6,12,66,58,60,60,30,30,,,False,1,NEW,"[{""organization"": ""Palo Alto Networks Unit 42"", ""article_title"": ""Untracked Nightmares: The Threats Hiding Behind Commodity Infrastructure"", ""url"": ""https://unit42.paloaltonetworks.com/ppi-network-malware-campaign-analysis/"", ""published_at"": ""2026-09-09T10:00:55Z"", ""updated_at"": null, ""reliability"": 0.92}]"
whistlesong.xyz,domain,Untracked Nightmares: The Threats Hiding Behind Commodity Infrastructure,,,,Palo Alto Networks Unit 42,Untracked Nightmares: The Threats Hiding Behind Commodity Infrastructure,https://unit42.paloaltonetworks.com/ppi-network-malware-campaign-analysis/,2026-09-09T10:00:55Z,,,,2026-09-20T13:00:00.081404Z,68,6,12,66,58,60,60,30,30,,,False,1,NEW,"[{""organization"": ""Palo Alto Networks Unit 42"", ""article_title"": ""Untracked Nightmares: The Threats Hiding Behind Commodity Infrastructure"", ""url"": ""https://unit42.paloaltonetworks.com/ppi-network-malware-campaign-analysis/"", ""published_at"": ""2026-09-09T10:00:55Z"", ""updated_at"": null, ""reliability"": 0.92}]"
win.backdoor,domain,"ClearFake WebDAV infection chain delivers Amatera stealer, ZigCryptoStealer, and NetSupport Manager",,,,Cisco Talos,"ClearFake WebDAV infection chain delivers Amatera stealer, ZigCryptoStealer, and NetSupport Manager",https://blog.talosintelligence.com/clearfake-webdav-infection-chain/,2026-09-08T10:01:07Z,2026-09-10T09:03:00Z,,,2026-09-20T13:00:00.081404Z,68,6,12,66,58,60,60,30,30,,,False,1,NEW,"[{""organization"": ""Cisco Talos"", ""article_title"": ""ClearFake WebDAV infection chain delivers Amatera stealer, ZigCryptoStealer, and NetSupport Manager"", ""url"": ""https://blog.talosintelligence.com/clearfake-webdav-infection-chain/"", ""published_at"": ""2026-09-08T10:01:07Z"", ""updated_at"": ""2026-09-10T09:03:00Z"", ""reliability"": 0.92}]"
win.dropper.miner,domain,The story behind the intelligence,,,,Cisco Talos,"Is Cyber missing the Marque?;The story behind the intelligence;“Sorry, I can’t help with that”: How your guardrails might become the attacker’s best friend",https://blog.talosintelligence.com/is-cyber-missing-the-marque/;https://blog.talosintelligence.com/sorry-i-cant-help-with-that-how-your-guardrails-might-become-the-attackers-best-friend/;https://blog.talosintelligence.com/the-story-behind-the-intelligence/,2026-08-20T18:00:18Z;2026-08-27T18:00:24Z;2026-09-03T18:00:13Z,2026-08-27T18:02:59Z;2026-09-03T18:02:22Z;2026-09-09T19:22:24Z,,,2026-09-20T13:00:00.081404Z,88,7,12,66,84,60,60,30,30,,,False,3,NEW,"[{""organization"": ""Cisco Talos"", ""article_title"": ""The story behind the intelligence"", ""url"": ""https://blog.talosintelligence.com/the-story-behind-the-intelligence/"", ""published_at"": ""2026-09-03T18:00:13Z"", ""updated_at"": ""2026-09-09T19:22:24Z"", ""reliability"": 0.92}, {""organization"": ""Cisco Talos"", ""article_title"": ""“Sorry, I can’t help with that”: How your guardrails might become the attacker’s best friend"", ""url"": ""https://blog.talosintelligence.com/sorry-i-cant-help-with-that-how-your-guardrails-might-become-the-attackers-best-friend/"", ""published_at"": ""2026-08-27T18:00:24Z"", ""updated_at"": ""2026-09-03T18:02:22Z"", ""reliability"": 0.92}, {""organization"": ""Cisco Talos"", ""article_title"": ""Is Cyber missing the Marque?"", ""url"": ""https://blog.talosintelligence.com/is-cyber-missing-the-marque/"", ""published_at"": ""2026-08-20T18:00:18Z"", ""updated_at"": ""2026-08-27T18:02:59Z"", ""reliability"": 0.92}]"
win.malware,domain,"ClearFake WebDAV infection chain delivers Amatera stealer, ZigCryptoStealer, and NetSupport Manager",,,,Cisco Talos,"ClearFake WebDAV infection chain delivers Amatera stealer, ZigCryptoStealer, and NetSupport Manager",https://blog.talosintelligence.com/clearfake-webdav-infection-chain/,2026-09-08T10:01:07Z,2026-09-10T09:03:00Z,,,2026-09-20T13:00:00.081404Z,68,6,12,66,58,60,60,30,30,,,False,1,NEW,"[{""organization"": ""Cisco Talos"", ""article_title"": ""ClearFake WebDAV infection chain delivers Amatera stealer, ZigCryptoStealer, and NetSupport Manager"", ""url"": ""https://blog.talosintelligence.com/clearfake-webdav-infection-chain/"", ""published_at"": ""2026-09-08T10:01:07Z"", ""updated_at"": ""2026-09-10T09:03:00Z"", ""reliability"": 0.92}]"
win.tool.procpatcher,domain,"“Sorry, I can’t help with that”: How your guardrails might become the attacker’s best friend",,,,Cisco Talos,"“Sorry, I can’t help with that”: How your guardrails might become the attacker’s best friend",https://blog.talosintelligence.com/sorry-i-cant-help-with-that-how-your-guardrails-might-become-the-attackers-best-friend/,2026-08-27T18:00:24Z,2026-09-03T18:02:22Z,,,2026-09-20T13:00:00.081404Z,68,7,12,66,59,60,60,30,30,,,False,1,NEW,"[{""organization"": ""Cisco Talos"", ""article_title"": ""“Sorry, I can’t help with that”: How your guardrails might become the attacker’s best friend"", ""url"": ""https://blog.talosintelligence.com/sorry-i-cant-help-with-that-how-your-guardrails-might-become-the-attackers-best-friend/"", ""published_at"": ""2026-08-27T18:00:24Z"", ""updated_at"": ""2026-09-03T18:02:22Z"", ""reliability"": 0.92}]"
wormspark.xyz,domain,Untracked Nightmares: The Threats Hiding Behind Commodity Infrastructure,,,,Palo Alto Networks Unit 42,Untracked Nightmares: The Threats Hiding Behind Commodity Infrastructure,https://unit42.paloaltonetworks.com/ppi-network-malware-campaign-analysis/,2026-09-09T10:00:55Z,,,,2026-09-20T13:00:00.081404Z,68,6,12,66,58,60,60,30,30,,,False,1,NEW,"[{""organization"": ""Palo Alto Networks Unit 42"", ""article_title"": ""Untracked Nightmares: The Threats Hiding Behind Commodity Infrastructure"", ""url"": ""https://unit42.paloaltonetworks.com/ppi-network-malware-campaign-analysis/"", ""published_at"": ""2026-09-09T10:00:55Z"", ""updated_at"": null, ""reliability"": 0.92}]"
woundsecretary.xyz,domain,Untracked Nightmares: The Threats Hiding Behind Commodity Infrastructure,,,,Palo Alto Networks Unit 42,Untracked Nightmares: The Threats Hiding Behind Commodity Infrastructure,https://unit42.paloaltonetworks.com/ppi-network-malware-campaign-analysis/,2026-09-09T10:00:55Z,,,,2026-09-20T13:00:00.081404Z,68,6,12,66,58,60,60,30,30,,,False,1,NEW,"[{""organization"": ""Palo Alto Networks Unit 42"", ""article_title"": ""Untracked Nightmares: The Threats Hiding Behind Commodity Infrastructure"", ""url"": ""https://unit42.paloaltonetworks.com/ppi-network-malware-campaign-analysis/"", ""published_at"": ""2026-09-09T10:00:55Z"", ""updated_at"": null, ""reliability"": 0.92}]"
wrenobservation.xyz,domain,Untracked Nightmares: The Threats Hiding Behind Commodity Infrastructure,,,,Palo Alto Networks Unit 42,Untracked Nightmares: The Threats Hiding Behind Commodity Infrastructure,https://unit42.paloaltonetworks.com/ppi-network-malware-campaign-analysis/,2026-09-09T10:00:55Z,,,,2026-09-20T13:00:00.081404Z,68,6,12,66,58,60,60,30,30,,,False,1,NEW,"[{""organization"": ""Palo Alto Networks Unit 42"", ""article_title"": ""Untracked Nightmares: The Threats Hiding Behind Commodity Infrastructure"", ""url"": ""https://unit42.paloaltonetworks.com/ppi-network-malware-campaign-analysis/"", ""published_at"": ""2026-09-09T10:00:55Z"", ""updated_at"": null, ""reliability"": 0.92}]"
www.gehie246.com,domain,Counterfeit installers to system compromise: Tracking a deceptive software download campaign | Microsoft Security Blog,,,,Microsoft Threat Intelligence,Counterfeit installers to system compromise: Tracking a deceptive software download campaign | Microsoft Security Blog,https://www.microsoft.com/en-us/security/blog/2026/09/01/counterfeit-installers-system-compromise-tracking-deceptive-software-download-campaign/,2026-09-01T22:48:28Z,2026-09-01T22:48:42Z,,,2026-09-20T13:00:00.081404Z,71,6,12,66,59,60,60,30,30,,,False,1,NEW,"[{""organization"": ""Microsoft Threat Intelligence"", ""article_title"": ""Counterfeit installers to system compromise: Tracking a deceptive software download campaign | Microsoft Security Blog"", ""url"": ""https://www.microsoft.com/en-us/security/blog/2026/09/01/counterfeit-installers-system-compromise-tracking-deceptive-software-download-campaign/"", ""published_at"": ""2026-09-01T22:48:28Z"", ""updated_at"": ""2026-09-01T22:48:42Z"", ""reliability"": 0.96}]"
yamsmell.xyz,domain,Untracked Nightmares: The Threats Hiding Behind Commodity Infrastructure,,,,Palo Alto Networks Unit 42,Untracked Nightmares: The Threats Hiding Behind Commodity Infrastructure,https://unit42.paloaltonetworks.com/ppi-network-malware-campaign-analysis/,2026-09-09T10:00:55Z,,,,2026-09-20T13:00:00.081404Z,68,6,12,66,58,60,60,30,30,,,False,1,NEW,"[{""organization"": ""Palo Alto Networks Unit 42"", ""article_title"": ""Untracked Nightmares: The Threats Hiding Behind Commodity Infrastructure"", ""url"": ""https://unit42.paloaltonetworks.com/ppi-network-malware-campaign-analysis/"", ""published_at"": ""2026-09-09T10:00:55Z"", ""updated_at"": null, ""reliability"": 0.92}]"
yardvalue.cfd,domain,Untracked Nightmares: The Threats Hiding Behind Commodity Infrastructure,,,,Palo Alto Networks Unit 42,Untracked Nightmares: The Threats Hiding Behind Commodity Infrastructure,https://unit42.paloaltonetworks.com/ppi-network-malware-campaign-analysis/,2026-09-09T10:00:55Z,,,,2026-09-20T13:00:00.081404Z,68,6,12,66,58,60,60,30,30,,,False,1,NEW,"[{""organization"": ""Palo Alto Networks Unit 42"", ""article_title"": ""Untracked Nightmares: The Threats Hiding Behind Commodity Infrastructure"", ""url"": ""https://unit42.paloaltonetworks.com/ppi-network-malware-campaign-analysis/"", ""published_at"": ""2026-09-09T10:00:55Z"", ""updated_at"": null, ""reliability"": 0.92}]"
yimxg25tiy.com,domain,Counterfeit installers to system compromise: Tracking a deceptive software download campaign | Microsoft Security Blog,,,,Microsoft Threat Intelligence,Counterfeit installers to system compromise: Tracking a deceptive software download campaign | Microsoft Security Blog,https://www.microsoft.com/en-us/security/blog/2026/09/01/counterfeit-installers-system-compromise-tracking-deceptive-software-download-campaign/,2026-09-01T22:48:28Z,2026-09-01T22:48:42Z,,,2026-09-20T13:00:00.081404Z,71,6,12,66,59,60,60,30,30,,,False,1,NEW,"[{""organization"": ""Microsoft Threat Intelligence"", ""article_title"": ""Counterfeit installers to system compromise: Tracking a deceptive software download campaign | Microsoft Security Blog"", ""url"": ""https://www.microsoft.com/en-us/security/blog/2026/09/01/counterfeit-installers-system-compromise-tracking-deceptive-software-download-campaign/"", ""published_at"": ""2026-09-01T22:48:28Z"", ""updated_at"": ""2026-09-01T22:48:42Z"", ""reliability"": 0.96}]"
yourlocfunding.com,domain,ASCII smuggling crosses over from AI prompt injection to phishing evasion | Microsoft Security Blog,,,,Microsoft Threat Intelligence,ASCII smuggling crosses over from AI prompt injection to phishing evasion | Microsoft Security Blog,https://www.microsoft.com/en-us/security/blog/2026/09/03/ascii-smuggling-crosses-over-from-ai-prompt-injection-to-phishing-evasion/,2026-09-03T16:00:00Z,2026-09-03T17:51:06Z,,,2026-09-20T13:00:00.081404Z,71,5,12,66,58,60,60,30,30,,,False,1,NEW,"[{""organization"": ""Microsoft Threat Intelligence"", ""article_title"": ""ASCII smuggling crosses over from AI prompt injection to phishing evasion | Microsoft Security Blog"", ""url"": ""https://www.microsoft.com/en-us/security/blog/2026/09/03/ascii-smuggling-crosses-over-from-ai-prompt-injection-to-phishing-evasion/"", ""published_at"": ""2026-09-03T16:00:00Z"", ""updated_at"": ""2026-09-03T17:51:06Z"", ""reliability"": 0.96}]"
zephyrhall.cfd,domain,Untracked Nightmares: The Threats Hiding Behind Commodity Infrastructure,,,,Palo Alto Networks Unit 42,Untracked Nightmares: The Threats Hiding Behind Commodity Infrastructure,https://unit42.paloaltonetworks.com/ppi-network-malware-campaign-analysis/,2026-09-09T10:00:55Z,,,,2026-09-20T13:00:00.081404Z,68,6,12,66,58,60,60,30,30,,,False,1,NEW,"[{""organization"": ""Palo Alto Networks Unit 42"", ""article_title"": ""Untracked Nightmares: The Threats Hiding Behind Commodity Infrastructure"", ""url"": ""https://unit42.paloaltonetworks.com/ppi-network-malware-campaign-analysis/"", ""published_at"": ""2026-09-09T10:00:55Z"", ""updated_at"": null, ""reliability"": 0.92}]"
zh-diskgenius.com.cn,domain,Counterfeit installers to system compromise: Tracking a deceptive software download campaign | Microsoft Security Blog,,,,Microsoft Threat Intelligence,Counterfeit installers to system compromise: Tracking a deceptive software download campaign | Microsoft Security Blog,https://www.microsoft.com/en-us/security/blog/2026/09/01/counterfeit-installers-system-compromise-tracking-deceptive-software-download-campaign/,2026-09-01T22:48:28Z,2026-09-01T22:48:42Z,,,2026-09-20T13:00:00.081404Z,71,6,12,66,59,60,60,30,30,,,False,1,NEW,"[{""organization"": ""Microsoft Threat Intelligence"", ""article_title"": ""Counterfeit installers to system compromise: Tracking a deceptive software download campaign | Microsoft Security Blog"", ""url"": ""https://www.microsoft.com/en-us/security/blog/2026/09/01/counterfeit-installers-system-compromise-tracking-deceptive-software-download-campaign/"", ""published_at"": ""2026-09-01T22:48:28Z"", ""updated_at"": ""2026-09-01T22:48:42Z"", ""reliability"": 0.96}]"
zippyfiles.net,domain,Untracked Nightmares: The Threats Hiding Behind Commodity Infrastructure,,,,Palo Alto Networks Unit 42,Untracked Nightmares: The Threats Hiding Behind Commodity Infrastructure,https://unit42.paloaltonetworks.com/ppi-network-malware-campaign-analysis/,2026-09-09T10:00:55Z,,,,2026-09-20T13:00:00.081404Z,68,6,12,66,58,60,60,30,30,,,False,1,NEW,"[{""organization"": ""Palo Alto Networks Unit 42"", ""article_title"": ""Untracked Nightmares: The Threats Hiding Behind Commodity Infrastructure"", ""url"": ""https://unit42.paloaltonetworks.com/ppi-network-malware-campaign-analysis/"", ""published_at"": ""2026-09-09T10:00:55Z"", ""updated_at"": null, ""reliability"": 0.92}]"
a.dll,file_name,Untracked Nightmares: The Threats Hiding Behind Commodity Infrastructure,,,,Palo Alto Networks Unit 42,Untracked Nightmares: The Threats Hiding Behind Commodity Infrastructure,https://unit42.paloaltonetworks.com/ppi-network-malware-campaign-analysis/,2026-09-09T10:00:55Z,,,,2026-09-20T13:00:00.081404Z,64,6,12,60,56,90,90,30,30,,,False,1,NEW,"[{""organization"": ""Palo Alto Networks Unit 42"", ""article_title"": ""Untracked Nightmares: The Threats Hiding Behind Commodity Infrastructure"", ""url"": ""https://unit42.paloaltonetworks.com/ppi-network-malware-campaign-analysis/"", ""published_at"": ""2026-09-09T10:00:55Z"", ""updated_at"": null, ""reliability"": 0.92}]"
aa.js,file_name,Untracked Nightmares: The Threats Hiding Behind Commodity Infrastructure,,,,Palo Alto Networks Unit 42,Untracked Nightmares: The Threats Hiding Behind Commodity Infrastructure,https://unit42.paloaltonetworks.com/ppi-network-malware-campaign-analysis/,2026-09-09T10:00:55Z,,,,2026-09-20T13:00:00.081404Z,64,6,12,60,56,90,90,30,30,,,False,1,NEW,"[{""organization"": ""Palo Alto Networks Unit 42"", ""article_title"": ""Untracked Nightmares: The Threats Hiding Behind Commodity Infrastructure"", ""url"": ""https://unit42.paloaltonetworks.com/ppi-network-malware-campaign-analysis/"", ""published_at"": ""2026-09-09T10:00:55Z"", ""updated_at"": null, ""reliability"": 0.92}]"
adblock.dll,file_name,Untracked Nightmares: The Threats Hiding Behind Commodity Infrastructure,,,,Palo Alto Networks Unit 42,Untracked Nightmares: The Threats Hiding Behind Commodity Infrastructure,https://unit42.paloaltonetworks.com/ppi-network-malware-campaign-analysis/,2026-09-09T10:00:55Z,,,,2026-09-20T13:00:00.081404Z,64,6,12,60,56,90,90,30,30,,,False,1,NEW,"[{""organization"": ""Palo Alto Networks Unit 42"", ""article_title"": ""Untracked Nightmares: The Threats Hiding Behind Commodity Infrastructure"", ""url"": ""https://unit42.paloaltonetworks.com/ppi-network-malware-campaign-analysis/"", ""published_at"": ""2026-09-09T10:00:55Z"", ""updated_at"": null, ""reliability"": 0.92}]"
eld0.exe,file_name,Untracked Nightmares: The Threats Hiding Behind Commodity Infrastructure,,,,Palo Alto Networks Unit 42,Untracked Nightmares: The Threats Hiding Behind Commodity Infrastructure,https://unit42.paloaltonetworks.com/ppi-network-malware-campaign-analysis/,2026-09-09T10:00:55Z,,,,2026-09-20T13:00:00.081404Z,64,6,12,60,56,90,90,30,30,,,False,1,NEW,"[{""organization"": ""Palo Alto Networks Unit 42"", ""article_title"": ""Untracked Nightmares: The Threats Hiding Behind Commodity Infrastructure"", ""url"": ""https://unit42.paloaltonetworks.com/ppi-network-malware-campaign-analysis/"", ""published_at"": ""2026-09-09T10:00:55Z"", ""updated_at"": null, ""reliability"": 0.92}]"
eld0.tmp,file_name,Untracked Nightmares: The Threats Hiding Behind Commodity Infrastructure,,,,Palo Alto Networks Unit 42,Untracked Nightmares: The Threats Hiding Behind Commodity Infrastructure,https://unit42.paloaltonetworks.com/ppi-network-malware-campaign-analysis/,2026-09-09T10:00:55Z,,,,2026-09-20T13:00:00.081404Z,64,6,12,60,56,90,90,30,30,,,False,1,NEW,"[{""organization"": ""Palo Alto Networks Unit 42"", ""article_title"": ""Untracked Nightmares: The Threats Hiding Behind Commodity Infrastructure"", ""url"": ""https://unit42.paloaltonetworks.com/ppi-network-malware-campaign-analysis/"", ""published_at"": ""2026-09-09T10:00:55Z"", ""updated_at"": null, ""reliability"": 0.92}]"
eld1.exe,file_name,Untracked Nightmares: The Threats Hiding Behind Commodity Infrastructure,,,,Palo Alto Networks Unit 42,Untracked Nightmares: The Threats Hiding Behind Commodity Infrastructure,https://unit42.paloaltonetworks.com/ppi-network-malware-campaign-analysis/,2026-09-09T10:00:55Z,,,,2026-09-20T13:00:00.081404Z,64,6,12,60,56,90,90,30,30,,,False,1,NEW,"[{""organization"": ""Palo Alto Networks Unit 42"", ""article_title"": ""Untracked Nightmares: The Threats Hiding Behind Commodity Infrastructure"", ""url"": ""https://unit42.paloaltonetworks.com/ppi-network-malware-campaign-analysis/"", ""published_at"": ""2026-09-09T10:00:55Z"", ""updated_at"": null, ""reliability"": 0.92}]"
eld2.exe,file_name,Untracked Nightmares: The Threats Hiding Behind Commodity Infrastructure,,,,Palo Alto Networks Unit 42,Untracked Nightmares: The Threats Hiding Behind Commodity Infrastructure,https://unit42.paloaltonetworks.com/ppi-network-malware-campaign-analysis/,2026-09-09T10:00:55Z,,,,2026-09-20T13:00:00.081404Z,64,6,12,60,56,90,90,30,30,,,False,1,NEW,"[{""organization"": ""Palo Alto Networks Unit 42"", ""article_title"": ""Untracked Nightmares: The Threats Hiding Behind Commodity Infrastructure"", ""url"": ""https://unit42.paloaltonetworks.com/ppi-network-malware-campaign-analysis/"", ""published_at"": ""2026-09-09T10:00:55Z"", ""updated_at"": null, ""reliability"": 0.92}]"
eld2.tmp,file_name,Untracked Nightmares: The Threats Hiding Behind Commodity Infrastructure,,,,Palo Alto Networks Unit 42,Untracked Nightmares: The Threats Hiding Behind Commodity Infrastructure,https://unit42.paloaltonetworks.com/ppi-network-malware-campaign-analysis/,2026-09-09T10:00:55Z,,,,2026-09-20T13:00:00.081404Z,64,6,12,60,56,90,90,30,30,,,False,1,NEW,"[{""organization"": ""Palo Alto Networks Unit 42"", ""article_title"": ""Untracked Nightmares: The Threats Hiding Behind Commodity Infrastructure"", ""url"": ""https://unit42.paloaltonetworks.com/ppi-network-malware-campaign-analysis/"", ""published_at"": ""2026-09-09T10:00:55Z"", ""updated_at"": null, ""reliability"": 0.92}]"
procortrex.zip,file_name,Untracked Nightmares: The Threats Hiding Behind Commodity Infrastructure,,,,Palo Alto Networks Unit 42,Untracked Nightmares: The Threats Hiding Behind Commodity Infrastructure,https://unit42.paloaltonetworks.com/ppi-network-malware-campaign-analysis/,2026-09-09T10:00:55Z,,,,2026-09-20T13:00:00.081404Z,64,6,12,60,56,90,90,30,30,,,False,1,NEW,"[{""organization"": ""Palo Alto Networks Unit 42"", ""article_title"": ""Untracked Nightmares: The Threats Hiding Behind Commodity Infrastructure"", ""url"": ""https://unit42.paloaltonetworks.com/ppi-network-malware-campaign-analysis/"", ""published_at"": ""2026-09-09T10:00:55Z"", ""updated_at"": null, ""reliability"": 0.92}]"
t.ps1,file_name,Untracked Nightmares: The Threats Hiding Behind Commodity Infrastructure,,,,Palo Alto Networks Unit 42,Untracked Nightmares: The Threats Hiding Behind Commodity Infrastructure,https://unit42.paloaltonetworks.com/ppi-network-malware-campaign-analysis/,2026-09-09T10:00:55Z,,,,2026-09-20T13:00:00.081404Z,64,6,12,60,56,90,90,30,30,,,False,1,NEW,"[{""organization"": ""Palo Alto Networks Unit 42"", ""article_title"": ""Untracked Nightmares: The Threats Hiding Behind Commodity Infrastructure"", ""url"": ""https://unit42.paloaltonetworks.com/ppi-network-malware-campaign-analysis/"", ""published_at"": ""2026-09-09T10:00:55Z"", ""updated_at"": null, ""reliability"": 0.92}]"
windirstat.exe,file_name,Untracked Nightmares: The Threats Hiding Behind Commodity Infrastructure,,,,Palo Alto Networks Unit 42,Untracked Nightmares: The Threats Hiding Behind Commodity Infrastructure,https://unit42.paloaltonetworks.com/ppi-network-malware-campaign-analysis/,2026-09-09T10:00:55Z,,,,2026-09-20T13:00:00.081404Z,64,6,12,60,56,90,90,30,30,,,False,1,NEW,"[{""organization"": ""Palo Alto Networks Unit 42"", ""article_title"": ""Untracked Nightmares: The Threats Hiding Behind Commodity Infrastructure"", ""url"": ""https://unit42.paloaltonetworks.com/ppi-network-malware-campaign-analysis/"", ""published_at"": ""2026-09-09T10:00:55Z"", ""updated_at"": null, ""reliability"": 0.92}]"
windirstat.tmp,file_name,Untracked Nightmares: The Threats Hiding Behind Commodity Infrastructure,,,,Palo Alto Networks Unit 42,Untracked Nightmares: The Threats Hiding Behind Commodity Infrastructure,https://unit42.paloaltonetworks.com/ppi-network-malware-campaign-analysis/,2026-09-09T10:00:55Z,,,,2026-09-20T13:00:00.081404Z,64,6,12,60,56,90,90,30,30,,,False,1,NEW,"[{""organization"": ""Palo Alto Networks Unit 42"", ""article_title"": ""Untracked Nightmares: The Threats Hiding Behind Commodity Infrastructure"", ""url"": ""https://unit42.paloaltonetworks.com/ppi-network-malware-campaign-analysis/"", ""published_at"": ""2026-09-09T10:00:55Z"", ""updated_at"": null, ""reliability"": 0.92}]"
wscl.exe,file_name,Untracked Nightmares: The Threats Hiding Behind Commodity Infrastructure,,,,Palo Alto Networks Unit 42,Untracked Nightmares: The Threats Hiding Behind Commodity Infrastructure,https://unit42.paloaltonetworks.com/ppi-network-malware-campaign-analysis/,2026-09-09T10:00:55Z,,,,2026-09-20T13:00:00.081404Z,64,6,12,60,56,90,90,30,30,,,False,1,NEW,"[{""organization"": ""Palo Alto Networks Unit 42"", ""article_title"": ""Untracked Nightmares: The Threats Hiding Behind Commodity Infrastructure"", ""url"": ""https://unit42.paloaltonetworks.com/ppi-network-malware-campaign-analysis/"", ""published_at"": ""2026-09-09T10:00:55Z"", ""updated_at"": null, ""reliability"": 0.92}]"
"C:\','C:\ProgramData",file_path,Counterfeit installers to system compromise: Tracking a deceptive software download campaign | Microsoft Security Blog,,,,Microsoft Threat Intelligence,Counterfeit installers to system compromise: Tracking a deceptive software download campaign | Microsoft Security Blog,https://www.microsoft.com/en-us/security/blog/2026/09/01/counterfeit-installers-system-compromise-tracking-deceptive-software-download-campaign/,2026-09-01T22:48:28Z,2026-09-01T22:48:42Z,,,2026-09-20T13:00:00.081404Z,71,6,12,78,63,120,120,30,30,,,False,1,NEW,"[{""organization"": ""Microsoft Threat Intelligence"", ""article_title"": ""Counterfeit installers to system compromise: Tracking a deceptive software download campaign | Microsoft Security Blog"", ""url"": ""https://www.microsoft.com/en-us/security/blog/2026/09/01/counterfeit-installers-system-compromise-tracking-deceptive-software-download-campaign/"", ""published_at"": ""2026-09-01T22:48:28Z"", ""updated_at"": ""2026-09-01T22:48:42Z"", ""reliability"": 0.96}]"
C:\(Users\Public,file_path,Counterfeit installers to system compromise: Tracking a deceptive software download campaign | Microsoft Security Blog,,,,Microsoft Threat Intelligence,Counterfeit installers to system compromise: Tracking a deceptive software download campaign | Microsoft Security Blog,https://www.microsoft.com/en-us/security/blog/2026/09/01/counterfeit-installers-system-compromise-tracking-deceptive-software-download-campaign/,2026-09-01T22:48:28Z,2026-09-01T22:48:42Z,,,2026-09-20T13:00:00.081404Z,71,6,12,78,63,120,120,30,30,,,False,1,NEW,"[{""organization"": ""Microsoft Threat Intelligence"", ""article_title"": ""Counterfeit installers to system compromise: Tracking a deceptive software download campaign | Microsoft Security Blog"", ""url"": ""https://www.microsoft.com/en-us/security/blog/2026/09/01/counterfeit-installers-system-compromise-tracking-deceptive-software-download-campaign/"", ""published_at"": ""2026-09-01T22:48:28Z"", ""updated_at"": ""2026-09-01T22:48:42Z"", ""reliability"": 0.96}]"
C:\Program Files (x86),file_path,Counterfeit installers to system compromise: Tracking a deceptive software download campaign | Microsoft Security Blog,,,,Microsoft Threat Intelligence,Counterfeit installers to system compromise: Tracking a deceptive software download campaign | Microsoft Security Blog,https://www.microsoft.com/en-us/security/blog/2026/09/01/counterfeit-installers-system-compromise-tracking-deceptive-software-download-campaign/,2026-09-01T22:48:28Z,2026-09-01T22:48:42Z,,,2026-09-20T13:00:00.081404Z,71,6,12,78,63,120,120,30,30,,,False,1,NEW,"[{""organization"": ""Microsoft Threat Intelligence"", ""article_title"": ""Counterfeit installers to system compromise: Tracking a deceptive software download campaign | Microsoft Security Blog"", ""url"": ""https://www.microsoft.com/en-us/security/blog/2026/09/01/counterfeit-installers-system-compromise-tracking-deceptive-software-download-campaign/"", ""published_at"": ""2026-09-01T22:48:28Z"", ""updated_at"": ""2026-09-01T22:48:42Z"", ""reliability"": 0.96}]"
C:\Program Files (x86)\72q1o6\40gK5T.exe,file_path,Counterfeit installers to system compromise: Tracking a deceptive software download campaign | Microsoft Security Blog,,,,Microsoft Threat Intelligence,Counterfeit installers to system compromise: Tracking a deceptive software download campaign | Microsoft Security Blog,https://www.microsoft.com/en-us/security/blog/2026/09/01/counterfeit-installers-system-compromise-tracking-deceptive-software-download-campaign/,2026-09-01T22:48:28Z,2026-09-01T22:48:42Z,,,2026-09-20T13:00:00.081404Z,71,6,12,78,63,120,120,30,30,,,False,1,NEW,"[{""organization"": ""Microsoft Threat Intelligence"", ""article_title"": ""Counterfeit installers to system compromise: Tracking a deceptive software download campaign | Microsoft Security Blog"", ""url"": ""https://www.microsoft.com/en-us/security/blog/2026/09/01/counterfeit-installers-system-compromise-tracking-deceptive-software-download-campaign/"", ""published_at"": ""2026-09-01T22:48:28Z"", ""updated_at"": ""2026-09-01T22:48:42Z"", ""reliability"": 0.96}]"
C:\Program Files (x86)\72q1o6\XPSPLOG.dll,file_path,Counterfeit installers to system compromise: Tracking a deceptive software download campaign | Microsoft Security Blog,,,,Microsoft Threat Intelligence,Counterfeit installers to system compromise: Tracking a deceptive software download campaign | Microsoft Security Blog,https://www.microsoft.com/en-us/security/blog/2026/09/01/counterfeit-installers-system-compromise-tracking-deceptive-software-download-campaign/,2026-09-01T22:48:28Z,2026-09-01T22:48:42Z,,,2026-09-20T13:00:00.081404Z,71,6,12,78,63,120,120,30,30,,,False,1,NEW,"[{""organization"": ""Microsoft Threat Intelligence"", ""article_title"": ""Counterfeit installers to system compromise: Tracking a deceptive software download campaign | Microsoft Security Blog"", ""url"": ""https://www.microsoft.com/en-us/security/blog/2026/09/01/counterfeit-installers-system-compromise-tracking-deceptive-software-download-campaign/"", ""published_at"": ""2026-09-01T22:48:28Z"", ""updated_at"": ""2026-09-01T22:48:42Z"", ""reliability"": 0.96}]"
C:\Program Files (x86)\NPq6k16Om,file_path,Counterfeit installers to system compromise: Tracking a deceptive software download campaign | Microsoft Security Blog,,,,Microsoft Threat Intelligence,Counterfeit installers to system compromise: Tracking a deceptive software download campaign | Microsoft Security Blog,https://www.microsoft.com/en-us/security/blog/2026/09/01/counterfeit-installers-system-compromise-tracking-deceptive-software-download-campaign/,2026-09-01T22:48:28Z,2026-09-01T22:48:42Z,,,2026-09-20T13:00:00.081404Z,71,6,12,78,63,120,120,30,30,,,False,1,NEW,"[{""organization"": ""Microsoft Threat Intelligence"", ""article_title"": ""Counterfeit installers to system compromise: Tracking a deceptive software download campaign | Microsoft Security Blog"", ""url"": ""https://www.microsoft.com/en-us/security/blog/2026/09/01/counterfeit-installers-system-compromise-tracking-deceptive-software-download-campaign/"", ""published_at"": ""2026-09-01T22:48:28Z"", ""updated_at"": ""2026-09-01T22:48:42Z"", ""reliability"": 0.96}]"
C:\Program Files (x86)\NPq6k16Om\xo7Tj9xQ.exe,file_path,Counterfeit installers to system compromise: Tracking a deceptive software download campaign | Microsoft Security Blog,,,,Microsoft Threat Intelligence,Counterfeit installers to system compromise: Tracking a deceptive software download campaign | Microsoft Security Blog,https://www.microsoft.com/en-us/security/blog/2026/09/01/counterfeit-installers-system-compromise-tracking-deceptive-software-download-campaign/,2026-09-01T22:48:28Z,2026-09-01T22:48:42Z,,,2026-09-20T13:00:00.081404Z,71,6,12,78,63,120,120,30,30,,,False,1,NEW,"[{""organization"": ""Microsoft Threat Intelligence"", ""article_title"": ""Counterfeit installers to system compromise: Tracking a deceptive software download campaign | Microsoft Security Blog"", ""url"": ""https://www.microsoft.com/en-us/security/blog/2026/09/01/counterfeit-installers-system-compromise-tracking-deceptive-software-download-campaign/"", ""published_at"": ""2026-09-01T22:48:28Z"", ""updated_at"": ""2026-09-01T22:48:42Z"", ""reliability"": 0.96}]"
C:\Program Files (x86)\Q8Maj\7EIr6VA.exe (SHA-256 6d6ba2bc9ad4…  later-stage,file_path,Counterfeit installers to system compromise: Tracking a deceptive software download campaign | Microsoft Security Blog,,,,Microsoft Threat Intelligence,Counterfeit installers to system compromise: Tracking a deceptive software download campaign | Microsoft Security Blog,https://www.microsoft.com/en-us/security/blog/2026/09/01/counterfeit-installers-system-compromise-tracking-deceptive-software-download-campaign/,2026-09-01T22:48:28Z,2026-09-01T22:48:42Z,,,2026-09-20T13:00:00.081404Z,71,6,12,78,63,120,120,30,30,,,False,1,NEW,"[{""organization"": ""Microsoft Threat Intelligence"", ""article_title"": ""Counterfeit installers to system compromise: Tracking a deceptive software download campaign | Microsoft Security Blog"", ""url"": ""https://www.microsoft.com/en-us/security/blog/2026/09/01/counterfeit-installers-system-compromise-tracking-deceptive-software-download-campaign/"", ""published_at"": ""2026-09-01T22:48:28Z"", ""updated_at"": ""2026-09-01T22:48:42Z"", ""reliability"": 0.96}]"
C:\Program Files (x86)\i3LH90\ErNGxW.exe (SHA-256 6d6ba2bc9ad4…  later-stage,file_path,Counterfeit installers to system compromise: Tracking a deceptive software download campaign | Microsoft Security Blog,,,,Microsoft Threat Intelligence,Counterfeit installers to system compromise: Tracking a deceptive software download campaign | Microsoft Security Blog,https://www.microsoft.com/en-us/security/blog/2026/09/01/counterfeit-installers-system-compromise-tracking-deceptive-software-download-campaign/,2026-09-01T22:48:28Z,2026-09-01T22:48:42Z,,,2026-09-20T13:00:00.081404Z,71,6,12,78,63,120,120,30,30,,,False,1,NEW,"[{""organization"": ""Microsoft Threat Intelligence"", ""article_title"": ""Counterfeit installers to system compromise: Tracking a deceptive software download campaign | Microsoft Security Blog"", ""url"": ""https://www.microsoft.com/en-us/security/blog/2026/09/01/counterfeit-installers-system-compromise-tracking-deceptive-software-download-campaign/"", ""published_at"": ""2026-09-01T22:48:28Z"", ""updated_at"": ""2026-09-01T22:48:42Z"", ""reliability"": 0.96}]"
C:\ProgramData,file_path,Counterfeit installers to system compromise: Tracking a deceptive software download campaign | Microsoft Security Blog,,,,Microsoft Threat Intelligence,Counterfeit installers to system compromise: Tracking a deceptive software download campaign | Microsoft Security Blog,https://www.microsoft.com/en-us/security/blog/2026/09/01/counterfeit-installers-system-compromise-tracking-deceptive-software-download-campaign/,2026-09-01T22:48:28Z,2026-09-01T22:48:42Z,,,2026-09-20T13:00:00.081404Z,71,6,12,78,63,120,120,30,30,,,False,1,NEW,"[{""organization"": ""Microsoft Threat Intelligence"", ""article_title"": ""Counterfeit installers to system compromise: Tracking a deceptive software download campaign | Microsoft Security Blog"", ""url"": ""https://www.microsoft.com/en-us/security/blog/2026/09/01/counterfeit-installers-system-compromise-tracking-deceptive-software-download-campaign/"", ""published_at"": ""2026-09-01T22:48:28Z"", ""updated_at"": ""2026-09-01T22:48:42Z"", ""reliability"": 0.96}]"
"C:\ProgramData','C:\Users','C:\Program Files (x86)','C:\' -Force",file_path,Counterfeit installers to system compromise: Tracking a deceptive software download campaign | Microsoft Security Blog,,,,Microsoft Threat Intelligence,Counterfeit installers to system compromise: Tracking a deceptive software download campaign | Microsoft Security Blog,https://www.microsoft.com/en-us/security/blog/2026/09/01/counterfeit-installers-system-compromise-tracking-deceptive-software-download-campaign/,2026-09-01T22:48:28Z,2026-09-01T22:48:42Z,,,2026-09-20T13:00:00.081404Z,71,6,12,78,63,120,120,30,30,,,False,1,NEW,"[{""organization"": ""Microsoft Threat Intelligence"", ""article_title"": ""Counterfeit installers to system compromise: Tracking a deceptive software download campaign | Microsoft Security Blog"", ""url"": ""https://www.microsoft.com/en-us/security/blog/2026/09/01/counterfeit-installers-system-compromise-tracking-deceptive-software-download-campaign/"", ""published_at"": ""2026-09-01T22:48:28Z"", ""updated_at"": ""2026-09-01T22:48:42Z"", ""reliability"": 0.96}]"
"C:\ProgramData\7b3St9HS','C:\ProgramData\7b3St9HS\27s7ihjC.exe' -ExclusionExtension '.dat' -Force",file_path,Counterfeit installers to system compromise: Tracking a deceptive software download campaign | Microsoft Security Blog,,,,Microsoft Threat Intelligence,Counterfeit installers to system compromise: Tracking a deceptive software download campaign | Microsoft Security Blog,https://www.microsoft.com/en-us/security/blog/2026/09/01/counterfeit-installers-system-compromise-tracking-deceptive-software-download-campaign/,2026-09-01T22:48:28Z,2026-09-01T22:48:42Z,,,2026-09-20T13:00:00.081404Z,71,6,12,78,63,120,120,30,30,,,False,1,NEW,"[{""organization"": ""Microsoft Threat Intelligence"", ""article_title"": ""Counterfeit installers to system compromise: Tracking a deceptive software download campaign | Microsoft Security Blog"", ""url"": ""https://www.microsoft.com/en-us/security/blog/2026/09/01/counterfeit-installers-system-compromise-tracking-deceptive-software-download-campaign/"", ""published_at"": ""2026-09-01T22:48:28Z"", ""updated_at"": ""2026-09-01T22:48:42Z"", ""reliability"": 0.96}]"
C:\ProgramData\7fYptijy.exe,file_path,Counterfeit installers to system compromise: Tracking a deceptive software download campaign | Microsoft Security Blog,,,,Microsoft Threat Intelligence,Counterfeit installers to system compromise: Tracking a deceptive software download campaign | Microsoft Security Blog,https://www.microsoft.com/en-us/security/blog/2026/09/01/counterfeit-installers-system-compromise-tracking-deceptive-software-download-campaign/,2026-09-01T22:48:28Z,2026-09-01T22:48:42Z,,,2026-09-20T13:00:00.081404Z,71,6,12,78,63,120,120,30,30,,,False,1,NEW,"[{""organization"": ""Microsoft Threat Intelligence"", ""article_title"": ""Counterfeit installers to system compromise: Tracking a deceptive software download campaign | Microsoft Security Blog"", ""url"": ""https://www.microsoft.com/en-us/security/blog/2026/09/01/counterfeit-installers-system-compromise-tracking-deceptive-software-download-campaign/"", ""published_at"": ""2026-09-01T22:48:28Z"", ""updated_at"": ""2026-09-01T22:48:42Z"", ""reliability"": 0.96}]"
C:\ProgramData\DocsHelper\docro,file_path,Untracked Nightmares: The Threats Hiding Behind Commodity Infrastructure,,,,Palo Alto Networks Unit 42,Untracked Nightmares: The Threats Hiding Behind Commodity Infrastructure,https://unit42.paloaltonetworks.com/ppi-network-malware-campaign-analysis/,2026-09-09T10:00:55Z,,,,2026-09-20T13:00:00.081404Z,68,6,12,78,62,120,120,30,30,,,False,1,NEW,"[{""organization"": ""Palo Alto Networks Unit 42"", ""article_title"": ""Untracked Nightmares: The Threats Hiding Behind Commodity Infrastructure"", ""url"": ""https://unit42.paloaltonetworks.com/ppi-network-malware-campaign-analysis/"", ""published_at"": ""2026-09-09T10:00:55Z"", ""updated_at"": null, ""reliability"": 0.92}]"
C:\ProgramData\IntegrityData\python.exe,file_path,Spring Ring: An Inside Look at Voice Phishing Campaigns in Microsoft Teams,,,,Palo Alto Networks Unit 42,Spring Ring: An Inside Look at Voice Phishing Campaigns in Microsoft Teams,https://unit42.paloaltonetworks.com/spring-ring-voice-phishing-campaigns/,2026-08-31T10:00:36Z,2026-08-31T13:55:32Z,,,2026-09-20T13:00:00.081404Z,68,6,12,78,62,120,120,30,30,,,False,1,NEW,"[{""organization"": ""Palo Alto Networks Unit 42"", ""article_title"": ""Spring Ring: An Inside Look at Voice Phishing Campaigns in Microsoft Teams"", ""url"": ""https://unit42.paloaltonetworks.com/spring-ring-voice-phishing-campaigns/"", ""published_at"": ""2026-08-31T10:00:36Z"", ""updated_at"": ""2026-08-31T13:55:32Z"", ""reliability"": 0.92}]"
C:\ProgramData\uwMUCYBN\SaYC4Mga.exe,file_path,Counterfeit installers to system compromise: Tracking a deceptive software download campaign | Microsoft Security Blog,,,,Microsoft Threat Intelligence,Counterfeit installers to system compromise: Tracking a deceptive software download campaign | Microsoft Security Blog,https://www.microsoft.com/en-us/security/blog/2026/09/01/counterfeit-installers-system-compromise-tracking-deceptive-software-download-campaign/,2026-09-01T22:48:28Z,2026-09-01T22:48:42Z,,,2026-09-20T13:00:00.081404Z,71,6,12,78,63,120,120,30,30,,,False,1,NEW,"[{""organization"": ""Microsoft Threat Intelligence"", ""article_title"": ""Counterfeit installers to system compromise: Tracking a deceptive software download campaign | Microsoft Security Blog"", ""url"": ""https://www.microsoft.com/en-us/security/blog/2026/09/01/counterfeit-installers-system-compromise-tracking-deceptive-software-download-campaign/"", ""published_at"": ""2026-09-01T22:48:28Z"", ""updated_at"": ""2026-09-01T22:48:42Z"", ""reliability"": 0.96}]"
C:\ProgramData\uwMUCYBN\SaYC4Mga.exe (f33d160d…,file_path,Counterfeit installers to system compromise: Tracking a deceptive software download campaign | Microsoft Security Blog,,,,Microsoft Threat Intelligence,Counterfeit installers to system compromise: Tracking a deceptive software download campaign | Microsoft Security Blog,https://www.microsoft.com/en-us/security/blog/2026/09/01/counterfeit-installers-system-compromise-tracking-deceptive-software-download-campaign/,2026-09-01T22:48:28Z,2026-09-01T22:48:42Z,,,2026-09-20T13:00:00.081404Z,71,6,12,78,63,120,120,30,30,,,False,1,NEW,"[{""organization"": ""Microsoft Threat Intelligence"", ""article_title"": ""Counterfeit installers to system compromise: Tracking a deceptive software download campaign | Microsoft Security Blog"", ""url"": ""https://www.microsoft.com/en-us/security/blog/2026/09/01/counterfeit-installers-system-compromise-tracking-deceptive-software-download-campaign/"", ""published_at"": ""2026-09-01T22:48:28Z"", ""updated_at"": ""2026-09-01T22:48:42Z"", ""reliability"": 0.96}]"
C:\ProgramData\zsMmvukD\beuv4Mie.exe,file_path,Counterfeit installers to system compromise: Tracking a deceptive software download campaign | Microsoft Security Blog,,,,Microsoft Threat Intelligence,Counterfeit installers to system compromise: Tracking a deceptive software download campaign | Microsoft Security Blog,https://www.microsoft.com/en-us/security/blog/2026/09/01/counterfeit-installers-system-compromise-tracking-deceptive-software-download-campaign/,2026-09-01T22:48:28Z,2026-09-01T22:48:42Z,,,2026-09-20T13:00:00.081404Z,71,6,12,78,63,120,120,30,30,,,False,1,NEW,"[{""organization"": ""Microsoft Threat Intelligence"", ""article_title"": ""Counterfeit installers to system compromise: Tracking a deceptive software download campaign | Microsoft Security Blog"", ""url"": ""https://www.microsoft.com/en-us/security/blog/2026/09/01/counterfeit-installers-system-compromise-tracking-deceptive-software-download-campaign/"", ""published_at"": ""2026-09-01T22:48:28Z"", ""updated_at"": ""2026-09-01T22:48:42Z"", ""reliability"": 0.96}]"
C:\ProgramData\zsMmvukD\beuv4Mie.exe     (SHA-256 c6100166e2d3…  persistent,file_path,Counterfeit installers to system compromise: Tracking a deceptive software download campaign | Microsoft Security Blog,,,,Microsoft Threat Intelligence,Counterfeit installers to system compromise: Tracking a deceptive software download campaign | Microsoft Security Blog,https://www.microsoft.com/en-us/security/blog/2026/09/01/counterfeit-installers-system-compromise-tracking-deceptive-software-download-campaign/,2026-09-01T22:48:28Z,2026-09-01T22:48:42Z,,,2026-09-20T13:00:00.081404Z,71,6,12,78,63,120,120,30,30,,,False,1,NEW,"[{""organization"": ""Microsoft Threat Intelligence"", ""article_title"": ""Counterfeit installers to system compromise: Tracking a deceptive software download campaign | Microsoft Security Blog"", ""url"": ""https://www.microsoft.com/en-us/security/blog/2026/09/01/counterfeit-installers-system-compromise-tracking-deceptive-software-download-campaign/"", ""published_at"": ""2026-09-01T22:48:28Z"", ""updated_at"": ""2026-09-01T22:48:42Z"", ""reliability"": 0.96}]"
C:\ProgramData\zsMmvukD\beuv4Mie.exe (c6100166…,file_path,Counterfeit installers to system compromise: Tracking a deceptive software download campaign | Microsoft Security Blog,,,,Microsoft Threat Intelligence,Counterfeit installers to system compromise: Tracking a deceptive software download campaign | Microsoft Security Blog,https://www.microsoft.com/en-us/security/blog/2026/09/01/counterfeit-installers-system-compromise-tracking-deceptive-software-download-campaign/,2026-09-01T22:48:28Z,2026-09-01T22:48:42Z,,,2026-09-20T13:00:00.081404Z,71,6,12,78,63,120,120,30,30,,,False,1,NEW,"[{""organization"": ""Microsoft Threat Intelligence"", ""article_title"": ""Counterfeit installers to system compromise: Tracking a deceptive software download campaign | Microsoft Security Blog"", ""url"": ""https://www.microsoft.com/en-us/security/blog/2026/09/01/counterfeit-installers-system-compromise-tracking-deceptive-software-download-campaign/"", ""published_at"": ""2026-09-01T22:48:28Z"", ""updated_at"": ""2026-09-01T22:48:42Z"", ""reliability"": 0.96}]"
C:\Users\Administrator\Desktop\2025-11-21 (x神订制全站劫持按浏览器语言跳转)\dll\Release\demo.pdb,file_path,UAT-10147 deploys SPECTRE: A cross-platform implant with Linux rootkit and BYOVD capabilities,,,,Cisco Talos,UAT-10147 deploys SPECTRE: A cross-platform implant with Linux rootkit and BYOVD capabilities,https://blog.talosintelligence.com/uat-10147-deploys-spectre-a-cross-platform-implant-with-linux-rootkit-and-byovd-capabilities/,2026-08-20T10:00:50Z,2026-08-26T23:04:45Z,,,2026-09-20T13:00:00.081404Z,68,7,12,78,63,120,120,30,30,,,False,1,NEW,"[{""organization"": ""Cisco Talos"", ""article_title"": ""UAT-10147 deploys SPECTRE: A cross-platform implant with Linux rootkit and BYOVD capabilities"", ""url"": ""https://blog.talosintelligence.com/uat-10147-deploys-spectre-a-cross-platform-implant-with-linux-rootkit-and-byovd-capabilities/"", ""published_at"": ""2026-08-20T10:00:50Z"", ""updated_at"": ""2026-08-26T23:04:45Z"", ""reliability"": 0.92}]"
C:\Users\Administrator\Desktop\2025-11-21 (x神订制全站劫持按浏览器语言跳转)\dll\x64\Release\demo.pdb,file_path,UAT-10147 deploys SPECTRE: A cross-platform implant with Linux rootkit and BYOVD capabilities,,,,Cisco Talos,UAT-10147 deploys SPECTRE: A cross-platform implant with Linux rootkit and BYOVD capabilities,https://blog.talosintelligence.com/uat-10147-deploys-spectre-a-cross-platform-implant-with-linux-rootkit-and-byovd-capabilities/,2026-08-20T10:00:50Z,2026-08-26T23:04:45Z,,,2026-09-20T13:00:00.081404Z,68,7,12,78,63,120,120,30,30,,,False,1,NEW,"[{""organization"": ""Cisco Talos"", ""article_title"": ""UAT-10147 deploys SPECTRE: A cross-platform implant with Linux rootkit and BYOVD capabilities"", ""url"": ""https://blog.talosintelligence.com/uat-10147-deploys-spectre-a-cross-platform-implant-with-linux-rootkit-and-byovd-capabilities/"", ""published_at"": ""2026-08-20T10:00:50Z"", ""updated_at"": ""2026-08-26T23:04:45Z"", ""reliability"": 0.92}]"
C:\Users\Administrator\Desktop\x神的自安装服务\svchost\x64\Release\service.pdb,file_path,UAT-10147 deploys SPECTRE: A cross-platform implant with Linux rootkit and BYOVD capabilities,,,,Cisco Talos,UAT-10147 deploys SPECTRE: A cross-platform implant with Linux rootkit and BYOVD capabilities,https://blog.talosintelligence.com/uat-10147-deploys-spectre-a-cross-platform-implant-with-linux-rootkit-and-byovd-capabilities/,2026-08-20T10:00:50Z,2026-08-26T23:04:45Z,,,2026-09-20T13:00:00.081404Z,68,7,12,78,63,120,120,30,30,,,False,1,NEW,"[{""organization"": ""Cisco Talos"", ""article_title"": ""UAT-10147 deploys SPECTRE: A cross-platform implant with Linux rootkit and BYOVD capabilities"", ""url"": ""https://blog.talosintelligence.com/uat-10147-deploys-spectre-a-cross-platform-implant-with-linux-rootkit-and-byovd-capabilities/"", ""published_at"": ""2026-08-20T10:00:50Z"", ""updated_at"": ""2026-08-26T23:04:45Z"", ""reliability"": 0.92}]"
C:\Users\Intel\Desktop\AI\EfsPotatoCPP\x64\Debug\EfsPotato.pdb,file_path,UAT-10147 deploys SPECTRE: A cross-platform implant with Linux rootkit and BYOVD capabilities,,,,Cisco Talos,UAT-10147 deploys SPECTRE: A cross-platform implant with Linux rootkit and BYOVD capabilities,https://blog.talosintelligence.com/uat-10147-deploys-spectre-a-cross-platform-implant-with-linux-rootkit-and-byovd-capabilities/,2026-08-20T10:00:50Z,2026-08-26T23:04:45Z,,,2026-09-20T13:00:00.081404Z,68,7,12,78,63,120,120,30,30,,,False,1,NEW,"[{""organization"": ""Cisco Talos"", ""article_title"": ""UAT-10147 deploys SPECTRE: A cross-platform implant with Linux rootkit and BYOVD capabilities"", ""url"": ""https://blog.talosintelligence.com/uat-10147-deploys-spectre-a-cross-platform-implant-with-linux-rootkit-and-byovd-capabilities/"", ""published_at"": ""2026-08-20T10:00:50Z"", ""updated_at"": ""2026-08-26T23:04:45Z"", ""reliability"": 0.92}]"
C:\Users\Public,file_path,Counterfeit installers to system compromise: Tracking a deceptive software download campaign | Microsoft Security Blog,,,,Microsoft Threat Intelligence,Counterfeit installers to system compromise: Tracking a deceptive software download campaign | Microsoft Security Blog,https://www.microsoft.com/en-us/security/blog/2026/09/01/counterfeit-installers-system-compromise-tracking-deceptive-software-download-campaign/,2026-09-01T22:48:28Z,2026-09-01T22:48:42Z,,,2026-09-20T13:00:00.081404Z,71,6,12,78,63,120,120,30,30,,,False,1,NEW,"[{""organization"": ""Microsoft Threat Intelligence"", ""article_title"": ""Counterfeit installers to system compromise: Tracking a deceptive software download campaign | Microsoft Security Blog"", ""url"": ""https://www.microsoft.com/en-us/security/blog/2026/09/01/counterfeit-installers-system-compromise-tracking-deceptive-software-download-campaign/"", ""published_at"": ""2026-09-01T22:48:28Z"", ""updated_at"": ""2026-09-01T22:48:42Z"", ""reliability"": 0.96}]"
C:\Users\Public\Mmzm0e\Lrrhwp.exe,file_path,Counterfeit installers to system compromise: Tracking a deceptive software download campaign | Microsoft Security Blog,,,,Microsoft Threat Intelligence,Counterfeit installers to system compromise: Tracking a deceptive software download campaign | Microsoft Security Blog,https://www.microsoft.com/en-us/security/blog/2026/09/01/counterfeit-installers-system-compromise-tracking-deceptive-software-download-campaign/,2026-09-01T22:48:28Z,2026-09-01T22:48:42Z,,,2026-09-20T13:00:00.081404Z,71,6,12,78,63,120,120,30,30,,,False,1,NEW,"[{""organization"": ""Microsoft Threat Intelligence"", ""article_title"": ""Counterfeit installers to system compromise: Tracking a deceptive software download campaign | Microsoft Security Blog"", ""url"": ""https://www.microsoft.com/en-us/security/blog/2026/09/01/counterfeit-installers-system-compromise-tracking-deceptive-software-download-campaign/"", ""published_at"": ""2026-09-01T22:48:28Z"", ""updated_at"": ""2026-09-01T22:48:42Z"", ""reliability"": 0.96}]"
C:\Users\Public\Y93eny\Ge86Zr.exe,file_path,Counterfeit installers to system compromise: Tracking a deceptive software download campaign | Microsoft Security Blog,,,,Microsoft Threat Intelligence,Counterfeit installers to system compromise: Tracking a deceptive software download campaign | Microsoft Security Blog,https://www.microsoft.com/en-us/security/blog/2026/09/01/counterfeit-installers-system-compromise-tracking-deceptive-software-download-campaign/,2026-09-01T22:48:28Z,2026-09-01T22:48:42Z,,,2026-09-20T13:00:00.081404Z,71,6,12,78,63,120,120,30,30,,,False,1,NEW,"[{""organization"": ""Microsoft Threat Intelligence"", ""article_title"": ""Counterfeit installers to system compromise: Tracking a deceptive software download campaign | Microsoft Security Blog"", ""url"": ""https://www.microsoft.com/en-us/security/blog/2026/09/01/counterfeit-installers-system-compromise-tracking-deceptive-software-download-campaign/"", ""published_at"": ""2026-09-01T22:48:28Z"", ""updated_at"": ""2026-09-01T22:48:42Z"", ""reliability"": 0.96}]"
C:\Users\Public\YJMvsB\BcQVw7.exe,file_path,Counterfeit installers to system compromise: Tracking a deceptive software download campaign | Microsoft Security Blog,,,,Microsoft Threat Intelligence,Counterfeit installers to system compromise: Tracking a deceptive software download campaign | Microsoft Security Blog,https://www.microsoft.com/en-us/security/blog/2026/09/01/counterfeit-installers-system-compromise-tracking-deceptive-software-download-campaign/,2026-09-01T22:48:28Z,2026-09-01T22:48:42Z,,,2026-09-20T13:00:00.081404Z,71,6,12,78,63,120,120,30,30,,,False,1,NEW,"[{""organization"": ""Microsoft Threat Intelligence"", ""article_title"": ""Counterfeit installers to system compromise: Tracking a deceptive software download campaign | Microsoft Security Blog"", ""url"": ""https://www.microsoft.com/en-us/security/blog/2026/09/01/counterfeit-installers-system-compromise-tracking-deceptive-software-download-campaign/"", ""published_at"": ""2026-09-01T22:48:28Z"", ""updated_at"": ""2026-09-01T22:48:42Z"", ""reliability"": 0.96}]"
C:\Users\Public\nvdPX5\2b3L5i.exe        (SHA-256 676a2a7b94ca…  stage-one,file_path,Counterfeit installers to system compromise: Tracking a deceptive software download campaign | Microsoft Security Blog,,,,Microsoft Threat Intelligence,Counterfeit installers to system compromise: Tracking a deceptive software download campaign | Microsoft Security Blog,https://www.microsoft.com/en-us/security/blog/2026/09/01/counterfeit-installers-system-compromise-tracking-deceptive-software-download-campaign/,2026-09-01T22:48:28Z,2026-09-01T22:48:42Z,,,2026-09-20T13:00:00.081404Z,71,6,12,78,63,120,120,30,30,,,False,1,NEW,"[{""organization"": ""Microsoft Threat Intelligence"", ""article_title"": ""Counterfeit installers to system compromise: Tracking a deceptive software download campaign | Microsoft Security Blog"", ""url"": ""https://www.microsoft.com/en-us/security/blog/2026/09/01/counterfeit-installers-system-compromise-tracking-deceptive-software-download-campaign/"", ""published_at"": ""2026-09-01T22:48:28Z"", ""updated_at"": ""2026-09-01T22:48:42Z"", ""reliability"": 0.96}]"
C:\Users\Public\procorTrex.zip,file_path,Untracked Nightmares: The Threats Hiding Behind Commodity Infrastructure,,,,Palo Alto Networks Unit 42,Untracked Nightmares: The Threats Hiding Behind Commodity Infrastructure,https://unit42.paloaltonetworks.com/ppi-network-malware-campaign-analysis/,2026-09-09T10:00:55Z,,,,2026-09-20T13:00:00.081404Z,68,6,12,78,62,120,120,30,30,,,False,1,NEW,"[{""organization"": ""Palo Alto Networks Unit 42"", ""article_title"": ""Untracked Nightmares: The Threats Hiding Behind Commodity Infrastructure"", ""url"": ""https://unit42.paloaltonetworks.com/ppi-network-malware-campaign-analysis/"", ""published_at"": ""2026-09-09T10:00:55Z"", ""updated_at"": null, ""reliability"": 0.92}]"
C:\Users\Public\sE94yD\aLcUaw.exe        (SHA-256 676a2a7b94ca…  stage-one,file_path,Counterfeit installers to system compromise: Tracking a deceptive software download campaign | Microsoft Security Blog,,,,Microsoft Threat Intelligence,Counterfeit installers to system compromise: Tracking a deceptive software download campaign | Microsoft Security Blog,https://www.microsoft.com/en-us/security/blog/2026/09/01/counterfeit-installers-system-compromise-tracking-deceptive-software-download-campaign/,2026-09-01T22:48:28Z,2026-09-01T22:48:42Z,,,2026-09-20T13:00:00.081404Z,71,6,12,78,63,120,120,30,30,,,False,1,NEW,"[{""organization"": ""Microsoft Threat Intelligence"", ""article_title"": ""Counterfeit installers to system compromise: Tracking a deceptive software download campaign | Microsoft Security Blog"", ""url"": ""https://www.microsoft.com/en-us/security/blog/2026/09/01/counterfeit-installers-system-compromise-tracking-deceptive-software-download-campaign/"", ""published_at"": ""2026-09-01T22:48:28Z"", ""updated_at"": ""2026-09-01T22:48:42Z"", ""reliability"": 0.96}]"
C:\Users\Public\yZ6A88\9bEELI.exe,file_path,Counterfeit installers to system compromise: Tracking a deceptive software download campaign | Microsoft Security Blog,,,,Microsoft Threat Intelligence,Counterfeit installers to system compromise: Tracking a deceptive software download campaign | Microsoft Security Blog,https://www.microsoft.com/en-us/security/blog/2026/09/01/counterfeit-installers-system-compromise-tracking-deceptive-software-download-campaign/,2026-09-01T22:48:28Z,2026-09-01T22:48:42Z,,,2026-09-20T13:00:00.081404Z,71,6,12,78,63,120,120,30,30,,,False,1,NEW,"[{""organization"": ""Microsoft Threat Intelligence"", ""article_title"": ""Counterfeit installers to system compromise: Tracking a deceptive software download campaign | Microsoft Security Blog"", ""url"": ""https://www.microsoft.com/en-us/security/blog/2026/09/01/counterfeit-installers-system-compromise-tracking-deceptive-software-download-campaign/"", ""published_at"": ""2026-09-01T22:48:28Z"", ""updated_at"": ""2026-09-01T22:48:42Z"", ""reliability"": 0.96}]"
"C:\Users\Public\yZ6A88\9bEELI.exe  (stage-one payload, randomized",file_path,Counterfeit installers to system compromise: Tracking a deceptive software download campaign | Microsoft Security Blog,,,,Microsoft Threat Intelligence,Counterfeit installers to system compromise: Tracking a deceptive software download campaign | Microsoft Security Blog,https://www.microsoft.com/en-us/security/blog/2026/09/01/counterfeit-installers-system-compromise-tracking-deceptive-software-download-campaign/,2026-09-01T22:48:28Z,2026-09-01T22:48:42Z,,,2026-09-20T13:00:00.081404Z,71,6,12,78,63,120,120,30,30,,,False,1,NEW,"[{""organization"": ""Microsoft Threat Intelligence"", ""article_title"": ""Counterfeit installers to system compromise: Tracking a deceptive software download campaign | Microsoft Security Blog"", ""url"": ""https://www.microsoft.com/en-us/security/blog/2026/09/01/counterfeit-installers-system-compromise-tracking-deceptive-software-download-campaign/"", ""published_at"": ""2026-09-01T22:48:28Z"", ""updated_at"": ""2026-09-01T22:48:42Z"", ""reliability"": 0.96}]"
C:\Users\iis\.cargo\registry\src\index.crates.io-1949cf8c6b5b557f\widestring-1.2.1\src\ucstring.rs,file_path,UAT-10147 deploys SPECTRE: A cross-platform implant with Linux rootkit and BYOVD capabilities,,,,Cisco Talos,UAT-10147 deploys SPECTRE: A cross-platform implant with Linux rootkit and BYOVD capabilities,https://blog.talosintelligence.com/uat-10147-deploys-spectre-a-cross-platform-implant-with-linux-rootkit-and-byovd-capabilities/,2026-08-20T10:00:50Z,2026-08-26T23:04:45Z,,,2026-09-20T13:00:00.081404Z,68,7,12,78,63,120,120,30,30,,,False,1,NEW,"[{""organization"": ""Cisco Talos"", ""article_title"": ""UAT-10147 deploys SPECTRE: A cross-platform implant with Linux rootkit and BYOVD capabilities"", ""url"": ""https://blog.talosintelligence.com/uat-10147-deploys-spectre-a-cross-platform-implant-with-linux-rootkit-and-byovd-capabilities/"", ""published_at"": ""2026-08-20T10:00:50Z"", ""updated_at"": ""2026-08-26T23:04:45Z"", ""reliability"": 0.92}]"
C:\Users\iis\Desktop\AI\EfsPotatoCpp\x64\Release\EfsPotato.pdb,file_path,UAT-10147 deploys SPECTRE: A cross-platform implant with Linux rootkit and BYOVD capabilities,,,,Cisco Talos,UAT-10147 deploys SPECTRE: A cross-platform implant with Linux rootkit and BYOVD capabilities,https://blog.talosintelligence.com/uat-10147-deploys-spectre-a-cross-platform-implant-with-linux-rootkit-and-byovd-capabilities/,2026-08-20T10:00:50Z,2026-08-26T23:04:45Z,,,2026-09-20T13:00:00.081404Z,68,7,12,78,63,120,120,30,30,,,False,1,NEW,"[{""organization"": ""Cisco Talos"", ""article_title"": ""UAT-10147 deploys SPECTRE: A cross-platform implant with Linux rootkit and BYOVD capabilities"", ""url"": ""https://blog.talosintelligence.com/uat-10147-deploys-spectre-a-cross-platform-implant-with-linux-rootkit-and-byovd-capabilities/"", ""published_at"": ""2026-08-20T10:00:50Z"", ""updated_at"": ""2026-08-26T23:04:45Z"", ""reliability"": 0.92}]"
C:\Windows,file_path,"ClearFake WebDAV infection chain delivers Amatera stealer, ZigCryptoStealer, and NetSupport Manager",,,,Cisco Talos,"ClearFake WebDAV infection chain delivers Amatera stealer, ZigCryptoStealer, and NetSupport Manager",https://blog.talosintelligence.com/clearfake-webdav-infection-chain/,2026-09-08T10:01:07Z,2026-09-10T09:03:00Z,,,2026-09-20T13:00:00.081404Z,68,6,12,78,62,120,120,30,30,,,False,1,NEW,"[{""organization"": ""Cisco Talos"", ""article_title"": ""ClearFake WebDAV infection chain delivers Amatera stealer, ZigCryptoStealer, and NetSupport Manager"", ""url"": ""https://blog.talosintelligence.com/clearfake-webdav-infection-chain/"", ""published_at"": ""2026-09-08T10:01:07Z"", ""updated_at"": ""2026-09-10T09:03:00Z"", ""reliability"": 0.92}]"
C:\Windows\System32,file_path,Counterfeit installers to system compromise: Tracking a deceptive software download campaign | Microsoft Security Blog,,,,Microsoft Threat Intelligence,Counterfeit installers to system compromise: Tracking a deceptive software download campaign | Microsoft Security Blog,https://www.microsoft.com/en-us/security/blog/2026/09/01/counterfeit-installers-system-compromise-tracking-deceptive-software-download-campaign/,2026-09-01T22:48:28Z,2026-09-01T22:48:42Z,,,2026-09-20T13:00:00.081404Z,71,6,12,78,63,120,120,30,30,,,False,1,NEW,"[{""organization"": ""Microsoft Threat Intelligence"", ""article_title"": ""Counterfeit installers to system compromise: Tracking a deceptive software download campaign | Microsoft Security Blog"", ""url"": ""https://www.microsoft.com/en-us/security/blog/2026/09/01/counterfeit-installers-system-compromise-tracking-deceptive-software-download-campaign/"", ""published_at"": ""2026-09-01T22:48:28Z"", ""updated_at"": ""2026-09-01T22:48:42Z"", ""reliability"": 0.96}]"
C:\Windows\System32\%i.dll &,file_path,Counterfeit installers to system compromise: Tracking a deceptive software download campaign | Microsoft Security Blog,,,,Microsoft Threat Intelligence,Counterfeit installers to system compromise: Tracking a deceptive software download campaign | Microsoft Security Blog,https://www.microsoft.com/en-us/security/blog/2026/09/01/counterfeit-installers-system-compromise-tracking-deceptive-software-download-campaign/,2026-09-01T22:48:28Z,2026-09-01T22:48:42Z,,,2026-09-20T13:00:00.081404Z,71,6,12,78,63,120,120,30,30,,,False,1,NEW,"[{""organization"": ""Microsoft Threat Intelligence"", ""article_title"": ""Counterfeit installers to system compromise: Tracking a deceptive software download campaign | Microsoft Security Blog"", ""url"": ""https://www.microsoft.com/en-us/security/blog/2026/09/01/counterfeit-installers-system-compromise-tracking-deceptive-software-download-campaign/"", ""published_at"": ""2026-09-01T22:48:28Z"", ""updated_at"": ""2026-09-01T22:48:42Z"", ""reliability"": 0.96}]"
"C:\Windows\System32\drivers\etc\hosts:cache”. This strategy allows the threat actor to easily update the C2 configuration by modifying the ADS, thereby circumventing firewall blocklists without needing to recompile the binary.",file_path,UAT-10147 deploys SPECTRE: A cross-platform implant with Linux rootkit and BYOVD capabilities,,,,Cisco Talos,UAT-10147 deploys SPECTRE: A cross-platform implant with Linux rootkit and BYOVD capabilities,https://blog.talosintelligence.com/uat-10147-deploys-spectre-a-cross-platform-implant-with-linux-rootkit-and-byovd-capabilities/,2026-08-20T10:00:50Z,2026-08-26T23:04:45Z,,,2026-09-20T13:00:00.081404Z,68,7,12,78,63,120,120,30,30,,,False,1,NEW,"[{""organization"": ""Cisco Talos"", ""article_title"": ""UAT-10147 deploys SPECTRE: A cross-platform implant with Linux rootkit and BYOVD capabilities"", ""url"": ""https://blog.talosintelligence.com/uat-10147-deploys-spectre-a-cross-platform-implant-with-linux-rootkit-and-byovd-capabilities/"", ""published_at"": ""2026-08-20T10:00:50Z"", ""updated_at"": ""2026-08-26T23:04:45Z"", ""reliability"": 0.92}]"
D:\hellothere\svchost.exe,file_path,Counterfeit installers to system compromise: Tracking a deceptive software download campaign | Microsoft Security Blog,,,,Microsoft Threat Intelligence,Counterfeit installers to system compromise: Tracking a deceptive software download campaign | Microsoft Security Blog,https://www.microsoft.com/en-us/security/blog/2026/09/01/counterfeit-installers-system-compromise-tracking-deceptive-software-download-campaign/,2026-09-01T22:48:28Z,2026-09-01T22:48:42Z,,,2026-09-20T13:00:00.081404Z,71,6,12,78,63,120,120,30,30,,,False,1,NEW,"[{""organization"": ""Microsoft Threat Intelligence"", ""article_title"": ""Counterfeit installers to system compromise: Tracking a deceptive software download campaign | Microsoft Security Blog"", ""url"": ""https://www.microsoft.com/en-us/security/blog/2026/09/01/counterfeit-installers-system-compromise-tracking-deceptive-software-download-campaign/"", ""published_at"": ""2026-09-01T22:48:28Z"", ""updated_at"": ""2026-09-01T22:48:42Z"", ""reliability"": 0.96}]"
c:\windows\softwaredistribution\*.*  &  rmdir /s /q c:\windows\softwaredistribution,file_path,Counterfeit installers to system compromise: Tracking a deceptive software download campaign | Microsoft Security Blog,,,,Microsoft Threat Intelligence,Counterfeit installers to system compromise: Tracking a deceptive software download campaign | Microsoft Security Blog,https://www.microsoft.com/en-us/security/blog/2026/09/01/counterfeit-installers-system-compromise-tracking-deceptive-software-download-campaign/,2026-09-01T22:48:28Z,2026-09-01T22:48:42Z,,,2026-09-20T13:00:00.081404Z,71,6,12,78,63,120,120,30,30,,,False,1,NEW,"[{""organization"": ""Microsoft Threat Intelligence"", ""article_title"": ""Counterfeit installers to system compromise: Tracking a deceptive software download campaign | Microsoft Security Blog"", ""url"": ""https://www.microsoft.com/en-us/security/blog/2026/09/01/counterfeit-installers-system-compromise-tracking-deceptive-software-download-campaign/"", ""published_at"": ""2026-09-01T22:48:28Z"", ""updated_at"": ""2026-09-01T22:48:42Z"", ""reliability"": 0.96}]"
103.156.25.35,ipv4,Counterfeit installers to system compromise: Tracking a deceptive software download campaign | Microsoft Security Blog,,,,Microsoft Threat Intelligence,Counterfeit installers to system compromise: Tracking a deceptive software download campaign | Microsoft Security Blog,https://www.microsoft.com/en-us/security/blog/2026/09/01/counterfeit-installers-system-compromise-tracking-deceptive-software-download-campaign/,2026-09-01T22:48:28Z,2026-09-01T22:48:42Z,,,2026-09-20T13:00:00.081404Z,71,6,12,66,59,60,60,30,30,,,False,1,NEW,"[{""organization"": ""Microsoft Threat Intelligence"", ""article_title"": ""Counterfeit installers to system compromise: Tracking a deceptive software download campaign | Microsoft Security Blog"", ""url"": ""https://www.microsoft.com/en-us/security/blog/2026/09/01/counterfeit-installers-system-compromise-tracking-deceptive-software-download-campaign/"", ""published_at"": ""2026-09-01T22:48:28Z"", ""updated_at"": ""2026-09-01T22:48:42Z"", ""reliability"": 0.96}]"
103.183.3.162,ipv4,Counterfeit installers to system compromise: Tracking a deceptive software download campaign | Microsoft Security Blog,,,,Microsoft Threat Intelligence,Counterfeit installers to system compromise: Tracking a deceptive software download campaign | Microsoft Security Blog,https://www.microsoft.com/en-us/security/blog/2026/09/01/counterfeit-installers-system-compromise-tracking-deceptive-software-download-campaign/,2026-09-01T22:48:28Z,2026-09-01T22:48:42Z,,,2026-09-20T13:00:00.081404Z,71,6,12,66,59,60,60,30,30,,,False,1,NEW,"[{""organization"": ""Microsoft Threat Intelligence"", ""article_title"": ""Counterfeit installers to system compromise: Tracking a deceptive software download campaign | Microsoft Security Blog"", ""url"": ""https://www.microsoft.com/en-us/security/blog/2026/09/01/counterfeit-installers-system-compromise-tracking-deceptive-software-download-campaign/"", ""published_at"": ""2026-09-01T22:48:28Z"", ""updated_at"": ""2026-09-01T22:48:42Z"", ""reliability"": 0.96}]"
104.218.165.253,ipv4,Active exploitation of Cisco Secure Firewall Management Center vulnerabilities,,,,Cisco Talos,Active exploitation of Cisco Secure Firewall Management Center vulnerabilities,https://blog.talosintelligence.com/fmc-ongoing-exploitation/,2026-09-09T16:08:59Z,2026-09-10T17:04:27Z,,,2026-09-20T13:00:00.081404Z,68,9,12,66,76,60,60,30,30,,,False,1,NEW,"[{""organization"": ""Cisco Talos"", ""article_title"": ""Active exploitation of Cisco Secure Firewall Management Center vulnerabilities"", ""url"": ""https://blog.talosintelligence.com/fmc-ongoing-exploitation/"", ""published_at"": ""2026-09-09T16:08:59Z"", ""updated_at"": ""2026-09-10T17:04:27Z"", ""reliability"": 0.92}]"
136.0.20.6,ipv4,Spring Ring: An Inside Look at Voice Phishing Campaigns in Microsoft Teams,,,,Palo Alto Networks Unit 42,Spring Ring: An Inside Look at Voice Phishing Campaigns in Microsoft Teams,https://unit42.paloaltonetworks.com/spring-ring-voice-phishing-campaigns/,2026-08-31T10:00:36Z,2026-08-31T13:55:32Z,,,2026-09-20T13:00:00.081404Z,68,6,12,66,58,60,60,30,30,,,False,1,NEW,"[{""organization"": ""Palo Alto Networks Unit 42"", ""article_title"": ""Spring Ring: An Inside Look at Voice Phishing Campaigns in Microsoft Teams"", ""url"": ""https://unit42.paloaltonetworks.com/spring-ring-voice-phishing-campaigns/"", ""published_at"": ""2026-08-31T10:00:36Z"", ""updated_at"": ""2026-08-31T13:55:32Z"", ""reliability"": 0.92}]"
145.249.109.147,ipv4,"ClearFake WebDAV infection chain delivers Amatera stealer, ZigCryptoStealer, and NetSupport Manager",,,,Cisco Talos,"ClearFake WebDAV infection chain delivers Amatera stealer, ZigCryptoStealer, and NetSupport Manager",https://blog.talosintelligence.com/clearfake-webdav-infection-chain/,2026-09-08T10:01:07Z,2026-09-10T09:03:00Z,,,2026-09-20T13:00:00.081404Z,68,6,12,66,58,60,60,30,30,,,False,1,NEW,"[{""organization"": ""Cisco Talos"", ""article_title"": ""ClearFake WebDAV infection chain delivers Amatera stealer, ZigCryptoStealer, and NetSupport Manager"", ""url"": ""https://blog.talosintelligence.com/clearfake-webdav-infection-chain/"", ""published_at"": ""2026-09-08T10:01:07Z"", ""updated_at"": ""2026-09-10T09:03:00Z"", ""reliability"": 0.92}]"
161.248.87.157,ipv4,Counterfeit installers to system compromise: Tracking a deceptive software download campaign | Microsoft Security Blog,,,,Microsoft Threat Intelligence,Counterfeit installers to system compromise: Tracking a deceptive software download campaign | Microsoft Security Blog,https://www.microsoft.com/en-us/security/blog/2026/09/01/counterfeit-installers-system-compromise-tracking-deceptive-software-download-campaign/,2026-09-01T22:48:28Z,2026-09-01T22:48:42Z,,,2026-09-20T13:00:00.081404Z,71,6,12,66,59,60,60,30,30,,,False,1,NEW,"[{""organization"": ""Microsoft Threat Intelligence"", ""article_title"": ""Counterfeit installers to system compromise: Tracking a deceptive software download campaign | Microsoft Security Blog"", ""url"": ""https://www.microsoft.com/en-us/security/blog/2026/09/01/counterfeit-installers-system-compromise-tracking-deceptive-software-download-campaign/"", ""published_at"": ""2026-09-01T22:48:28Z"", ""updated_at"": ""2026-09-01T22:48:42Z"", ""reliability"": 0.96}]"
161.35.146.120,ipv4,Atomic macOS (AMOS) Stealer Activity,,,,Palo Alto Networks Unit 42,Atomic macOS (AMOS) Stealer Activity,https://unit42.paloaltonetworks.com/atomic-macos-amos-stealer-activity/,2026-09-16T10:00:06Z,2026-09-16T16:50:27Z,,,2026-09-20T13:00:00.081404Z,68,7,15,66,62,60,60,30,30,,,False,1,NEW,"[{""organization"": ""Palo Alto Networks Unit 42"", ""article_title"": ""Atomic macOS (AMOS) Stealer Activity"", ""url"": ""https://unit42.paloaltonetworks.com/atomic-macos-amos-stealer-activity/"", ""published_at"": ""2026-09-16T10:00:06Z"", ""updated_at"": ""2026-09-16T16:50:27Z"", ""reliability"": 0.92}]"
165.22.184.26,ipv4,Attackers Expose Ongoing AI Tool Use Targeting Organizations in Latin America,,,,Palo Alto Networks Unit 42,Attackers Expose Ongoing AI Tool Use Targeting Organizations in Latin America,https://unit42.paloaltonetworks.com/ai-tool-use-targeting-latam-orgs/,2026-09-03T10:00:58Z,,,,2026-09-20T13:00:00.081404Z,68,6,12,66,58,60,60,30,30,,,False,1,NEW,"[{""organization"": ""Palo Alto Networks Unit 42"", ""article_title"": ""Attackers Expose Ongoing AI Tool Use Targeting Organizations in Latin America"", ""url"": ""https://unit42.paloaltonetworks.com/ai-tool-use-targeting-latam-orgs/"", ""published_at"": ""2026-09-03T10:00:58Z"", ""updated_at"": null, ""reliability"": 0.92}]"
167.148.195.53,ipv4,Attackers Expose Ongoing AI Tool Use Targeting Organizations in Latin America,,,,Palo Alto Networks Unit 42,Attackers Expose Ongoing AI Tool Use Targeting Organizations in Latin America,https://unit42.paloaltonetworks.com/ai-tool-use-targeting-latam-orgs/,2026-09-03T10:00:58Z,,,,2026-09-20T13:00:00.081404Z,68,6,12,66,58,60,60,30,30,,,False,1,NEW,"[{""organization"": ""Palo Alto Networks Unit 42"", ""article_title"": ""Attackers Expose Ongoing AI Tool Use Targeting Organizations in Latin America"", ""url"": ""https://unit42.paloaltonetworks.com/ai-tool-use-targeting-latam-orgs/"", ""published_at"": ""2026-09-03T10:00:58Z"", ""updated_at"": null, ""reliability"": 0.92}]"
173.236.20.0,ipv4,ASCII smuggling crosses over from AI prompt injection to phishing evasion | Microsoft Security Blog,,,,Microsoft Threat Intelligence,ASCII smuggling crosses over from AI prompt injection to phishing evasion | Microsoft Security Blog,https://www.microsoft.com/en-us/security/blog/2026/09/03/ascii-smuggling-crosses-over-from-ai-prompt-injection-to-phishing-evasion/,2026-09-03T16:00:00Z,2026-09-03T17:51:06Z,,,2026-09-20T13:00:00.081404Z,71,5,12,66,58,60,60,30,30,,,False,1,NEW,"[{""organization"": ""Microsoft Threat Intelligence"", ""article_title"": ""ASCII smuggling crosses over from AI prompt injection to phishing evasion | Microsoft Security Blog"", ""url"": ""https://www.microsoft.com/en-us/security/blog/2026/09/03/ascii-smuggling-crosses-over-from-ai-prompt-injection-to-phishing-evasion/"", ""published_at"": ""2026-09-03T16:00:00Z"", ""updated_at"": ""2026-09-03T17:51:06Z"", ""reliability"": 0.96}]"
178.128.87.160,ipv4,Attackers Expose Ongoing AI Tool Use Targeting Organizations in Latin America,,,,Palo Alto Networks Unit 42,Attackers Expose Ongoing AI Tool Use Targeting Organizations in Latin America,https://unit42.paloaltonetworks.com/ai-tool-use-targeting-latam-orgs/,2026-09-03T10:00:58Z,,,,2026-09-20T13:00:00.081404Z,68,6,12,66,58,60,60,30,30,,,False,1,NEW,"[{""organization"": ""Palo Alto Networks Unit 42"", ""article_title"": ""Attackers Expose Ongoing AI Tool Use Targeting Organizations in Latin America"", ""url"": ""https://unit42.paloaltonetworks.com/ai-tool-use-targeting-latam-orgs/"", ""published_at"": ""2026-09-03T10:00:58Z"", ""updated_at"": null, ""reliability"": 0.92}]"
178.130.47.46,ipv4,Spring Ring: An Inside Look at Voice Phishing Campaigns in Microsoft Teams,,,,Palo Alto Networks Unit 42,Spring Ring: An Inside Look at Voice Phishing Campaigns in Microsoft Teams,https://unit42.paloaltonetworks.com/spring-ring-voice-phishing-campaigns/,2026-08-31T10:00:36Z,2026-08-31T13:55:32Z,,,2026-09-20T13:00:00.081404Z,68,6,12,66,58,60,60,30,30,,,False,1,NEW,"[{""organization"": ""Palo Alto Networks Unit 42"", ""article_title"": ""Spring Ring: An Inside Look at Voice Phishing Campaigns in Microsoft Teams"", ""url"": ""https://unit42.paloaltonetworks.com/spring-ring-voice-phishing-campaigns/"", ""published_at"": ""2026-08-31T10:00:36Z"", ""updated_at"": ""2026-08-31T13:55:32Z"", ""reliability"": 0.92}]"
185.155.99.161,ipv4,Spring Ring: An Inside Look at Voice Phishing Campaigns in Microsoft Teams,,,,Palo Alto Networks Unit 42,Spring Ring: An Inside Look at Voice Phishing Campaigns in Microsoft Teams,https://unit42.paloaltonetworks.com/spring-ring-voice-phishing-campaigns/,2026-08-31T10:00:36Z,2026-08-31T13:55:32Z,,,2026-09-20T13:00:00.081404Z,68,6,12,66,58,60,60,30,30,,,False,1,NEW,"[{""organization"": ""Palo Alto Networks Unit 42"", ""article_title"": ""Spring Ring: An Inside Look at Voice Phishing Campaigns in Microsoft Teams"", ""url"": ""https://unit42.paloaltonetworks.com/spring-ring-voice-phishing-campaigns/"", ""published_at"": ""2026-08-31T10:00:36Z"", ""updated_at"": ""2026-08-31T13:55:32Z"", ""reliability"": 0.92}]"
185.213.155.226,ipv4,Spring Ring: An Inside Look at Voice Phishing Campaigns in Microsoft Teams,,,,Palo Alto Networks Unit 42,Spring Ring: An Inside Look at Voice Phishing Campaigns in Microsoft Teams,https://unit42.paloaltonetworks.com/spring-ring-voice-phishing-campaigns/,2026-08-31T10:00:36Z,2026-08-31T13:55:32Z,,,2026-09-20T13:00:00.081404Z,68,6,12,66,58,60,60,30,30,,,False,1,NEW,"[{""organization"": ""Palo Alto Networks Unit 42"", ""article_title"": ""Spring Ring: An Inside Look at Voice Phishing Campaigns in Microsoft Teams"", ""url"": ""https://unit42.paloaltonetworks.com/spring-ring-voice-phishing-campaigns/"", ""published_at"": ""2026-08-31T10:00:36Z"", ""updated_at"": ""2026-08-31T13:55:32Z"", ""reliability"": 0.92}]"
185.234.67.53,ipv4,Spring Ring: An Inside Look at Voice Phishing Campaigns in Microsoft Teams,,,,Palo Alto Networks Unit 42,Spring Ring: An Inside Look at Voice Phishing Campaigns in Microsoft Teams,https://unit42.paloaltonetworks.com/spring-ring-voice-phishing-campaigns/,2026-08-31T10:00:36Z,2026-08-31T13:55:32Z,,,2026-09-20T13:00:00.081404Z,68,6,12,66,58,60,60,30,30,,,False,1,NEW,"[{""organization"": ""Palo Alto Networks Unit 42"", ""article_title"": ""Spring Ring: An Inside Look at Voice Phishing Campaigns in Microsoft Teams"", ""url"": ""https://unit42.paloaltonetworks.com/spring-ring-voice-phishing-campaigns/"", ""published_at"": ""2026-08-31T10:00:36Z"", ""updated_at"": ""2026-08-31T13:55:32Z"", ""reliability"": 0.92}]"
185.65.133.51,ipv4,Spring Ring: An Inside Look at Voice Phishing Campaigns in Microsoft Teams,,,,Palo Alto Networks Unit 42,Spring Ring: An Inside Look at Voice Phishing Campaigns in Microsoft Teams,https://unit42.paloaltonetworks.com/spring-ring-voice-phishing-campaigns/,2026-08-31T10:00:36Z,2026-08-31T13:55:32Z,,,2026-09-20T13:00:00.081404Z,68,6,12,66,58,60,60,30,30,,,False,1,NEW,"[{""organization"": ""Palo Alto Networks Unit 42"", ""article_title"": ""Spring Ring: An Inside Look at Voice Phishing Campaigns in Microsoft Teams"", ""url"": ""https://unit42.paloaltonetworks.com/spring-ring-voice-phishing-campaigns/"", ""published_at"": ""2026-08-31T10:00:36Z"", ""updated_at"": ""2026-08-31T13:55:32Z"", ""reliability"": 0.92}]"
185.65.134.209,ipv4,Spring Ring: An Inside Look at Voice Phishing Campaigns in Microsoft Teams,,,,Palo Alto Networks Unit 42,Spring Ring: An Inside Look at Voice Phishing Campaigns in Microsoft Teams,https://unit42.paloaltonetworks.com/spring-ring-voice-phishing-campaigns/,2026-08-31T10:00:36Z,2026-08-31T13:55:32Z,,,2026-09-20T13:00:00.081404Z,68,6,12,66,58,60,60,30,30,,,False,1,NEW,"[{""organization"": ""Palo Alto Networks Unit 42"", ""article_title"": ""Spring Ring: An Inside Look at Voice Phishing Campaigns in Microsoft Teams"", ""url"": ""https://unit42.paloaltonetworks.com/spring-ring-voice-phishing-campaigns/"", ""published_at"": ""2026-08-31T10:00:36Z"", ""updated_at"": ""2026-08-31T13:55:32Z"", ""reliability"": 0.92}]"
188.166.78.138,ipv4,Atomic macOS (AMOS) Stealer Activity,,,,Palo Alto Networks Unit 42,Atomic macOS (AMOS) Stealer Activity,https://unit42.paloaltonetworks.com/atomic-macos-amos-stealer-activity/,2026-09-16T10:00:06Z,2026-09-16T16:50:27Z,,,2026-09-20T13:00:00.081404Z,68,7,15,66,62,60,60,30,30,,,False,1,NEW,"[{""organization"": ""Palo Alto Networks Unit 42"", ""article_title"": ""Atomic macOS (AMOS) Stealer Activity"", ""url"": ""https://unit42.paloaltonetworks.com/atomic-macos-amos-stealer-activity/"", ""published_at"": ""2026-09-16T10:00:06Z"", ""updated_at"": ""2026-09-16T16:50:27Z"", ""reliability"": 0.92}]"
193.138.7.142,ipv4,Spring Ring: An Inside Look at Voice Phishing Campaigns in Microsoft Teams,,,,Palo Alto Networks Unit 42,Spring Ring: An Inside Look at Voice Phishing Campaigns in Microsoft Teams,https://unit42.paloaltonetworks.com/spring-ring-voice-phishing-campaigns/,2026-08-31T10:00:36Z,2026-08-31T13:55:32Z,,,2026-09-20T13:00:00.081404Z,68,6,12,66,58,60,60,30,30,,,False,1,NEW,"[{""organization"": ""Palo Alto Networks Unit 42"", ""article_title"": ""Spring Ring: An Inside Look at Voice Phishing Campaigns in Microsoft Teams"", ""url"": ""https://unit42.paloaltonetworks.com/spring-ring-voice-phishing-campaigns/"", ""published_at"": ""2026-08-31T10:00:36Z"", ""updated_at"": ""2026-08-31T13:55:32Z"", ""reliability"": 0.92}]"
193.32.248.251,ipv4,Spring Ring: An Inside Look at Voice Phishing Campaigns in Microsoft Teams,,,,Palo Alto Networks Unit 42,Spring Ring: An Inside Look at Voice Phishing Campaigns in Microsoft Teams,https://unit42.paloaltonetworks.com/spring-ring-voice-phishing-campaigns/,2026-08-31T10:00:36Z,2026-08-31T13:55:32Z,,,2026-09-20T13:00:00.081404Z,68,6,12,66,58,60,60,30,30,,,False,1,NEW,"[{""organization"": ""Palo Alto Networks Unit 42"", ""article_title"": ""Spring Ring: An Inside Look at Voice Phishing Campaigns in Microsoft Teams"", ""url"": ""https://unit42.paloaltonetworks.com/spring-ring-voice-phishing-campaigns/"", ""published_at"": ""2026-08-31T10:00:36Z"", ""updated_at"": ""2026-08-31T13:55:32Z"", ""reliability"": 0.92}]"
2.56.172.214,ipv4,Spring Ring: An Inside Look at Voice Phishing Campaigns in Microsoft Teams,,,,Palo Alto Networks Unit 42,Spring Ring: An Inside Look at Voice Phishing Campaigns in Microsoft Teams,https://unit42.paloaltonetworks.com/spring-ring-voice-phishing-campaigns/,2026-08-31T10:00:36Z,2026-08-31T13:55:32Z,,,2026-09-20T13:00:00.081404Z,68,6,12,66,58,60,60,30,30,,,False,1,NEW,"[{""organization"": ""Palo Alto Networks Unit 42"", ""article_title"": ""Spring Ring: An Inside Look at Voice Phishing Campaigns in Microsoft Teams"", ""url"": ""https://unit42.paloaltonetworks.com/spring-ring-voice-phishing-campaigns/"", ""published_at"": ""2026-08-31T10:00:36Z"", ""updated_at"": ""2026-08-31T13:55:32Z"", ""reliability"": 0.92}]"
202.95.14.237,ipv4,Counterfeit installers to system compromise: Tracking a deceptive software download campaign | Microsoft Security Blog,,,,Microsoft Threat Intelligence,Counterfeit installers to system compromise: Tracking a deceptive software download campaign | Microsoft Security Blog,https://www.microsoft.com/en-us/security/blog/2026/09/01/counterfeit-installers-system-compromise-tracking-deceptive-software-download-campaign/,2026-09-01T22:48:28Z,2026-09-01T22:48:42Z,,,2026-09-20T13:00:00.081404Z,71,6,12,66,59,60,60,30,30,,,False,1,NEW,"[{""organization"": ""Microsoft Threat Intelligence"", ""article_title"": ""Counterfeit installers to system compromise: Tracking a deceptive software download campaign | Microsoft Security Blog"", ""url"": ""https://www.microsoft.com/en-us/security/blog/2026/09/01/counterfeit-installers-system-compromise-tracking-deceptive-software-download-campaign/"", ""published_at"": ""2026-09-01T22:48:28Z"", ""updated_at"": ""2026-09-01T22:48:42Z"", ""reliability"": 0.96}]"
208.123.119.215,ipv4,Active exploitation of Cisco Secure Firewall Management Center vulnerabilities,,,,Cisco Talos,Active exploitation of Cisco Secure Firewall Management Center vulnerabilities,https://blog.talosintelligence.com/fmc-ongoing-exploitation/,2026-09-09T16:08:59Z,2026-09-10T17:04:27Z,,,2026-09-20T13:00:00.081404Z,68,9,12,66,76,60,60,30,30,,,False,1,NEW,"[{""organization"": ""Cisco Talos"", ""article_title"": ""Active exploitation of Cisco Secure Firewall Management Center vulnerabilities"", ""url"": ""https://blog.talosintelligence.com/fmc-ongoing-exploitation/"", ""published_at"": ""2026-09-09T16:08:59Z"", ""updated_at"": ""2026-09-10T17:04:27Z"", ""reliability"": 0.92}]"
212.118.56.166,ipv4,"ClearFake WebDAV infection chain delivers Amatera stealer, ZigCryptoStealer, and NetSupport Manager",,,,Cisco Talos,"ClearFake WebDAV infection chain delivers Amatera stealer, ZigCryptoStealer, and NetSupport Manager",https://blog.talosintelligence.com/clearfake-webdav-infection-chain/,2026-09-08T10:01:07Z,2026-09-10T09:03:00Z,,,2026-09-20T13:00:00.081404Z,68,6,12,66,58,60,60,30,30,,,False,1,NEW,"[{""organization"": ""Cisco Talos"", ""article_title"": ""ClearFake WebDAV infection chain delivers Amatera stealer, ZigCryptoStealer, and NetSupport Manager"", ""url"": ""https://blog.talosintelligence.com/clearfake-webdav-infection-chain/"", ""published_at"": ""2026-09-08T10:01:07Z"", ""updated_at"": ""2026-09-10T09:03:00Z"", ""reliability"": 0.92}]"
212.193.31.102,ipv4,Kimwolf v7: An Evolution of the Kimwolf Botnet,,,,Palo Alto Networks Unit 42,Kimwolf v7: An Evolution of the Kimwolf Botnet,https://unit42.paloaltonetworks.com/kimwolf-v7-botnet-malware/,2026-08-11T10:00:16Z,2026-08-19T12:03:26Z,,,2026-09-20T13:00:00.081404Z,68,6,8,66,54,60,60,30,30,,,False,1,NEW,"[{""organization"": ""Palo Alto Networks Unit 42"", ""article_title"": ""Kimwolf v7: An Evolution of the Kimwolf Botnet"", ""url"": ""https://unit42.paloaltonetworks.com/kimwolf-v7-botnet-malware/"", ""published_at"": ""2026-08-11T10:00:16Z"", ""updated_at"": ""2026-08-19T12:03:26Z"", ""reliability"": 0.92}]"
212.193.31.119,ipv4,Kimwolf v7: An Evolution of the Kimwolf Botnet,,,,Palo Alto Networks Unit 42,Kimwolf v7: An Evolution of the Kimwolf Botnet,https://unit42.paloaltonetworks.com/kimwolf-v7-botnet-malware/,2026-08-11T10:00:16Z,2026-08-19T12:03:26Z,,,2026-09-20T13:00:00.081404Z,68,6,8,66,54,60,60,30,30,,,False,1,NEW,"[{""organization"": ""Palo Alto Networks Unit 42"", ""article_title"": ""Kimwolf v7: An Evolution of the Kimwolf Botnet"", ""url"": ""https://unit42.paloaltonetworks.com/kimwolf-v7-botnet-malware/"", ""published_at"": ""2026-08-11T10:00:16Z"", ""updated_at"": ""2026-08-19T12:03:26Z"", ""reliability"": 0.92}]"
212.193.31.122,ipv4,Kimwolf v7: An Evolution of the Kimwolf Botnet,,,,Palo Alto Networks Unit 42,Kimwolf v7: An Evolution of the Kimwolf Botnet,https://unit42.paloaltonetworks.com/kimwolf-v7-botnet-malware/,2026-08-11T10:00:16Z,2026-08-19T12:03:26Z,,,2026-09-20T13:00:00.081404Z,68,6,8,66,54,60,60,30,30,,,False,1,NEW,"[{""organization"": ""Palo Alto Networks Unit 42"", ""article_title"": ""Kimwolf v7: An Evolution of the Kimwolf Botnet"", ""url"": ""https://unit42.paloaltonetworks.com/kimwolf-v7-botnet-malware/"", ""published_at"": ""2026-08-11T10:00:16Z"", ""updated_at"": ""2026-08-19T12:03:26Z"", ""reliability"": 0.92}]"
212.193.31.158,ipv4,Kimwolf v7: An Evolution of the Kimwolf Botnet,,,,Palo Alto Networks Unit 42,Kimwolf v7: An Evolution of the Kimwolf Botnet,https://unit42.paloaltonetworks.com/kimwolf-v7-botnet-malware/,2026-08-11T10:00:16Z,2026-08-19T12:03:26Z,,,2026-09-20T13:00:00.081404Z,68,6,8,66,54,60,60,30,30,,,False,1,NEW,"[{""organization"": ""Palo Alto Networks Unit 42"", ""article_title"": ""Kimwolf v7: An Evolution of the Kimwolf Botnet"", ""url"": ""https://unit42.paloaltonetworks.com/kimwolf-v7-botnet-malware/"", ""published_at"": ""2026-08-11T10:00:16Z"", ""updated_at"": ""2026-08-19T12:03:26Z"", ""reliability"": 0.92}]"
212.193.31.92,ipv4,Kimwolf v7: An Evolution of the Kimwolf Botnet,,,,Palo Alto Networks Unit 42,Kimwolf v7: An Evolution of the Kimwolf Botnet,https://unit42.paloaltonetworks.com/kimwolf-v7-botnet-malware/,2026-08-11T10:00:16Z,2026-08-19T12:03:26Z,,,2026-09-20T13:00:00.081404Z,68,6,8,66,54,60,60,30,30,,,False,1,NEW,"[{""organization"": ""Palo Alto Networks Unit 42"", ""article_title"": ""Kimwolf v7: An Evolution of the Kimwolf Botnet"", ""url"": ""https://unit42.paloaltonetworks.com/kimwolf-v7-botnet-malware/"", ""published_at"": ""2026-08-11T10:00:16Z"", ""updated_at"": ""2026-08-19T12:03:26Z"", ""reliability"": 0.92}]"
23.94.221.104,ipv4,Kimwolf v7: An Evolution of the Kimwolf Botnet,,,,Palo Alto Networks Unit 42,Kimwolf v7: An Evolution of the Kimwolf Botnet,https://unit42.paloaltonetworks.com/kimwolf-v7-botnet-malware/,2026-08-11T10:00:16Z,2026-08-19T12:03:26Z,,,2026-09-20T13:00:00.081404Z,68,6,8,66,54,60,60,30,30,,,False,1,NEW,"[{""organization"": ""Palo Alto Networks Unit 42"", ""article_title"": ""Kimwolf v7: An Evolution of the Kimwolf Botnet"", ""url"": ""https://unit42.paloaltonetworks.com/kimwolf-v7-botnet-malware/"", ""published_at"": ""2026-08-11T10:00:16Z"", ""updated_at"": ""2026-08-19T12:03:26Z"", ""reliability"": 0.92}]"
43.204.2.142,ipv4,Active exploitation of Cisco Secure Firewall Management Center vulnerabilities,,,,Cisco Talos,Active exploitation of Cisco Secure Firewall Management Center vulnerabilities,https://blog.talosintelligence.com/fmc-ongoing-exploitation/,2026-09-09T16:08:59Z,2026-09-10T17:04:27Z,,,2026-09-20T13:00:00.081404Z,68,9,12,66,76,60,60,30,30,,,False,1,NEW,"[{""organization"": ""Cisco Talos"", ""article_title"": ""Active exploitation of Cisco Secure Firewall Management Center vulnerabilities"", ""url"": ""https://blog.talosintelligence.com/fmc-ongoing-exploitation/"", ""published_at"": ""2026-09-09T16:08:59Z"", ""updated_at"": ""2026-09-10T17:04:27Z"", ""reliability"": 0.92}]"
43.99.100.248,ipv4,Counterfeit installers to system compromise: Tracking a deceptive software download campaign | Microsoft Security Blog,,,,Microsoft Threat Intelligence,Counterfeit installers to system compromise: Tracking a deceptive software download campaign | Microsoft Security Blog,https://www.microsoft.com/en-us/security/blog/2026/09/01/counterfeit-installers-system-compromise-tracking-deceptive-software-download-campaign/,2026-09-01T22:48:28Z,2026-09-01T22:48:42Z,,,2026-09-20T13:00:00.081404Z,71,6,12,66,59,60,60,30,30,,,False,1,NEW,"[{""organization"": ""Microsoft Threat Intelligence"", ""article_title"": ""Counterfeit installers to system compromise: Tracking a deceptive software download campaign | Microsoft Security Blog"", ""url"": ""https://www.microsoft.com/en-us/security/blog/2026/09/01/counterfeit-installers-system-compromise-tracking-deceptive-software-download-campaign/"", ""published_at"": ""2026-09-01T22:48:28Z"", ""updated_at"": ""2026-09-01T22:48:42Z"", ""reliability"": 0.96}]"
45.150.34.2,ipv4,"ClearFake WebDAV infection chain delivers Amatera stealer, ZigCryptoStealer, and NetSupport Manager",,,,Cisco Talos,"ClearFake WebDAV infection chain delivers Amatera stealer, ZigCryptoStealer, and NetSupport Manager",https://blog.talosintelligence.com/clearfake-webdav-infection-chain/,2026-09-08T10:01:07Z,2026-09-10T09:03:00Z,,,2026-09-20T13:00:00.081404Z,68,6,12,66,58,60,60,30,30,,,False,1,NEW,"[{""organization"": ""Cisco Talos"", ""article_title"": ""ClearFake WebDAV infection chain delivers Amatera stealer, ZigCryptoStealer, and NetSupport Manager"", ""url"": ""https://blog.talosintelligence.com/clearfake-webdav-infection-chain/"", ""published_at"": ""2026-09-08T10:01:07Z"", ""updated_at"": ""2026-09-10T09:03:00Z"", ""reliability"": 0.92}]"
45.182.189.80,ipv4,Spring Ring: An Inside Look at Voice Phishing Campaigns in Microsoft Teams,,,,Palo Alto Networks Unit 42,Spring Ring: An Inside Look at Voice Phishing Campaigns in Microsoft Teams,https://unit42.paloaltonetworks.com/spring-ring-voice-phishing-campaigns/,2026-08-31T10:00:36Z,2026-08-31T13:55:32Z,,,2026-09-20T13:00:00.081404Z,68,6,12,66,58,60,60,30,30,,,False,1,NEW,"[{""organization"": ""Palo Alto Networks Unit 42"", ""article_title"": ""Spring Ring: An Inside Look at Voice Phishing Campaigns in Microsoft Teams"", ""url"": ""https://unit42.paloaltonetworks.com/spring-ring-voice-phishing-campaigns/"", ""published_at"": ""2026-08-31T10:00:36Z"", ""updated_at"": ""2026-08-31T13:55:32Z"", ""reliability"": 0.92}]"
45.33.22.47,ipv4,Spring Ring: An Inside Look at Voice Phishing Campaigns in Microsoft Teams,,,,Palo Alto Networks Unit 42,Spring Ring: An Inside Look at Voice Phishing Campaigns in Microsoft Teams,https://unit42.paloaltonetworks.com/spring-ring-voice-phishing-campaigns/,2026-08-31T10:00:36Z,2026-08-31T13:55:32Z,,,2026-09-20T13:00:00.081404Z,68,6,12,66,58,60,60,30,30,,,False,1,NEW,"[{""organization"": ""Palo Alto Networks Unit 42"", ""article_title"": ""Spring Ring: An Inside Look at Voice Phishing Campaigns in Microsoft Teams"", ""url"": ""https://unit42.paloaltonetworks.com/spring-ring-voice-phishing-campaigns/"", ""published_at"": ""2026-08-31T10:00:36Z"", ""updated_at"": ""2026-08-31T13:55:32Z"", ""reliability"": 0.92}]"
45.8.157.185,ipv4,Spring Ring: An Inside Look at Voice Phishing Campaigns in Microsoft Teams,,,,Palo Alto Networks Unit 42,Spring Ring: An Inside Look at Voice Phishing Campaigns in Microsoft Teams,https://unit42.paloaltonetworks.com/spring-ring-voice-phishing-campaigns/,2026-08-31T10:00:36Z,2026-08-31T13:55:32Z,,,2026-09-20T13:00:00.081404Z,68,6,12,66,58,60,60,30,30,,,False,1,NEW,"[{""organization"": ""Palo Alto Networks Unit 42"", ""article_title"": ""Spring Ring: An Inside Look at Voice Phishing Campaigns in Microsoft Teams"", ""url"": ""https://unit42.paloaltonetworks.com/spring-ring-voice-phishing-campaigns/"", ""published_at"": ""2026-08-31T10:00:36Z"", ""updated_at"": ""2026-08-31T13:55:32Z"", ""reliability"": 0.92}]"
47.239.175.163,ipv4,Counterfeit installers to system compromise: Tracking a deceptive software download campaign | Microsoft Security Blog,,,,Microsoft Threat Intelligence,Counterfeit installers to system compromise: Tracking a deceptive software download campaign | Microsoft Security Blog,https://www.microsoft.com/en-us/security/blog/2026/09/01/counterfeit-installers-system-compromise-tracking-deceptive-software-download-campaign/,2026-09-01T22:48:28Z,2026-09-01T22:48:42Z,,,2026-09-20T13:00:00.081404Z,71,6,12,66,59,60,60,30,30,,,False,1,NEW,"[{""organization"": ""Microsoft Threat Intelligence"", ""article_title"": ""Counterfeit installers to system compromise: Tracking a deceptive software download campaign | Microsoft Security Blog"", ""url"": ""https://www.microsoft.com/en-us/security/blog/2026/09/01/counterfeit-installers-system-compromise-tracking-deceptive-software-download-campaign/"", ""published_at"": ""2026-09-01T22:48:28Z"", ""updated_at"": ""2026-09-01T22:48:42Z"", ""reliability"": 0.96}]"
47.239.232.245,ipv4,Counterfeit installers to system compromise: Tracking a deceptive software download campaign | Microsoft Security Blog,,,,Microsoft Threat Intelligence,Counterfeit installers to system compromise: Tracking a deceptive software download campaign | Microsoft Security Blog,https://www.microsoft.com/en-us/security/blog/2026/09/01/counterfeit-installers-system-compromise-tracking-deceptive-software-download-campaign/,2026-09-01T22:48:28Z,2026-09-01T22:48:42Z,,,2026-09-20T13:00:00.081404Z,71,6,12,66,59,60,60,30,30,,,False,1,NEW,"[{""organization"": ""Microsoft Threat Intelligence"", ""article_title"": ""Counterfeit installers to system compromise: Tracking a deceptive software download campaign | Microsoft Security Blog"", ""url"": ""https://www.microsoft.com/en-us/security/blog/2026/09/01/counterfeit-installers-system-compromise-tracking-deceptive-software-download-campaign/"", ""published_at"": ""2026-09-01T22:48:28Z"", ""updated_at"": ""2026-09-01T22:48:42Z"", ""reliability"": 0.96}]"
47.243.218.255,ipv4,Counterfeit installers to system compromise: Tracking a deceptive software download campaign | Microsoft Security Blog,,,,Microsoft Threat Intelligence,Counterfeit installers to system compromise: Tracking a deceptive software download campaign | Microsoft Security Blog,https://www.microsoft.com/en-us/security/blog/2026/09/01/counterfeit-installers-system-compromise-tracking-deceptive-software-download-campaign/,2026-09-01T22:48:28Z,2026-09-01T22:48:42Z,,,2026-09-20T13:00:00.081404Z,71,6,12,66,59,60,60,30,30,,,False,1,NEW,"[{""organization"": ""Microsoft Threat Intelligence"", ""article_title"": ""Counterfeit installers to system compromise: Tracking a deceptive software download campaign | Microsoft Security Blog"", ""url"": ""https://www.microsoft.com/en-us/security/blog/2026/09/01/counterfeit-installers-system-compromise-tracking-deceptive-software-download-campaign/"", ""published_at"": ""2026-09-01T22:48:28Z"", ""updated_at"": ""2026-09-01T22:48:42Z"", ""reliability"": 0.96}]"
47.86.205.97,ipv4,Counterfeit installers to system compromise: Tracking a deceptive software download campaign | Microsoft Security Blog,,,,Microsoft Threat Intelligence,Counterfeit installers to system compromise: Tracking a deceptive software download campaign | Microsoft Security Blog,https://www.microsoft.com/en-us/security/blog/2026/09/01/counterfeit-installers-system-compromise-tracking-deceptive-software-download-campaign/,2026-09-01T22:48:28Z,2026-09-01T22:48:42Z,,,2026-09-20T13:00:00.081404Z,71,6,12,66,59,60,60,30,30,,,False,1,NEW,"[{""organization"": ""Microsoft Threat Intelligence"", ""article_title"": ""Counterfeit installers to system compromise: Tracking a deceptive software download campaign | Microsoft Security Blog"", ""url"": ""https://www.microsoft.com/en-us/security/blog/2026/09/01/counterfeit-installers-system-compromise-tracking-deceptive-software-download-campaign/"", ""published_at"": ""2026-09-01T22:48:28Z"", ""updated_at"": ""2026-09-01T22:48:42Z"", ""reliability"": 0.96}]"
5.181.3.106,ipv4,Spring Ring: An Inside Look at Voice Phishing Campaigns in Microsoft Teams,,,,Palo Alto Networks Unit 42,Spring Ring: An Inside Look at Voice Phishing Campaigns in Microsoft Teams,https://unit42.paloaltonetworks.com/spring-ring-voice-phishing-campaigns/,2026-08-31T10:00:36Z,2026-08-31T13:55:32Z,,,2026-09-20T13:00:00.081404Z,68,6,12,66,58,60,60,30,30,,,False,1,NEW,"[{""organization"": ""Palo Alto Networks Unit 42"", ""article_title"": ""Spring Ring: An Inside Look at Voice Phishing Campaigns in Microsoft Teams"", ""url"": ""https://unit42.paloaltonetworks.com/spring-ring-voice-phishing-campaigns/"", ""published_at"": ""2026-08-31T10:00:36Z"", ""updated_at"": ""2026-08-31T13:55:32Z"", ""reliability"": 0.92}]"
62.171.185.97,ipv4,Attackers Expose Ongoing AI Tool Use Targeting Organizations in Latin America,,,,Palo Alto Networks Unit 42,Attackers Expose Ongoing AI Tool Use Targeting Organizations in Latin America,https://unit42.paloaltonetworks.com/ai-tool-use-targeting-latam-orgs/,2026-09-03T10:00:58Z,,,,2026-09-20T13:00:00.081404Z,68,6,12,66,58,60,60,30,30,,,False,1,NEW,"[{""organization"": ""Palo Alto Networks Unit 42"", ""article_title"": ""Attackers Expose Ongoing AI Tool Use Targeting Organizations in Latin America"", ""url"": ""https://unit42.paloaltonetworks.com/ai-tool-use-targeting-latam-orgs/"", ""published_at"": ""2026-09-03T10:00:58Z"", ""updated_at"": null, ""reliability"": 0.92}]"
80.66.72.215,ipv4,Spring Ring: An Inside Look at Voice Phishing Campaigns in Microsoft Teams,,,,Palo Alto Networks Unit 42,Spring Ring: An Inside Look at Voice Phishing Campaigns in Microsoft Teams,https://unit42.paloaltonetworks.com/spring-ring-voice-phishing-campaigns/,2026-08-31T10:00:36Z,2026-08-31T13:55:32Z,,,2026-09-20T13:00:00.081404Z,68,6,12,66,58,60,60,30,30,,,False,1,NEW,"[{""organization"": ""Palo Alto Networks Unit 42"", ""article_title"": ""Spring Ring: An Inside Look at Voice Phishing Campaigns in Microsoft Teams"", ""url"": ""https://unit42.paloaltonetworks.com/spring-ring-voice-phishing-campaigns/"", ""published_at"": ""2026-08-31T10:00:36Z"", ""updated_at"": ""2026-08-31T13:55:32Z"", ""reliability"": 0.92}]"
89.34.96.56,ipv4,Active exploitation of Cisco Secure Firewall Management Center vulnerabilities,,,,Cisco Talos,Active exploitation of Cisco Secure Firewall Management Center vulnerabilities,https://blog.talosintelligence.com/fmc-ongoing-exploitation/,2026-09-09T16:08:59Z,2026-09-10T17:04:27Z,,,2026-09-20T13:00:00.081404Z,68,9,12,66,76,60,60,30,30,,,False,1,NEW,"[{""organization"": ""Cisco Talos"", ""article_title"": ""Active exploitation of Cisco Secure Firewall Management Center vulnerabilities"", ""url"": ""https://blog.talosintelligence.com/fmc-ongoing-exploitation/"", ""published_at"": ""2026-09-09T16:08:59Z"", ""updated_at"": ""2026-09-10T17:04:27Z"", ""reliability"": 0.92}]"
91.214.78.118,ipv4,Active exploitation of Cisco Secure Firewall Management Center vulnerabilities,,,,Cisco Talos,Active exploitation of Cisco Secure Firewall Management Center vulnerabilities,https://blog.talosintelligence.com/fmc-ongoing-exploitation/,2026-09-09T16:08:59Z,2026-09-10T17:04:27Z,,,2026-09-20T13:00:00.081404Z,68,9,12,66,76,60,60,30,30,,,False,1,NEW,"[{""organization"": ""Cisco Talos"", ""article_title"": ""Active exploitation of Cisco Secure Firewall Management Center vulnerabilities"", ""url"": ""https://blog.talosintelligence.com/fmc-ongoing-exploitation/"", ""published_at"": ""2026-09-09T16:08:59Z"", ""updated_at"": ""2026-09-10T17:04:27Z"", ""reliability"": 0.92}]"
92.118.232.131,ipv4,Spring Ring: An Inside Look at Voice Phishing Campaigns in Microsoft Teams,,,,Palo Alto Networks Unit 42,Spring Ring: An Inside Look at Voice Phishing Campaigns in Microsoft Teams,https://unit42.paloaltonetworks.com/spring-ring-voice-phishing-campaigns/,2026-08-31T10:00:36Z,2026-08-31T13:55:32Z,,,2026-09-20T13:00:00.081404Z,68,6,12,66,58,60,60,30,30,,,False,1,NEW,"[{""organization"": ""Palo Alto Networks Unit 42"", ""article_title"": ""Spring Ring: An Inside Look at Voice Phishing Campaigns in Microsoft Teams"", ""url"": ""https://unit42.paloaltonetworks.com/spring-ring-voice-phishing-campaigns/"", ""published_at"": ""2026-08-31T10:00:36Z"", ""updated_at"": ""2026-08-31T13:55:32Z"", ""reliability"": 0.92}]"
036bcb62be72c4663b9564955f93b05f,md5,Kimwolf v7: An Evolution of the Kimwolf Botnet,,,,Palo Alto Networks Unit 42,Kimwolf v7: An Evolution of the Kimwolf Botnet,https://unit42.paloaltonetworks.com/kimwolf-v7-botnet-malware/,2026-08-11T10:00:16Z,2026-08-19T12:03:26Z,,,2026-09-20T13:00:00.081404Z,68,6,8,66,51,120,120,30,30,,,False,1,NEW,"[{""organization"": ""Palo Alto Networks Unit 42"", ""article_title"": ""Kimwolf v7: An Evolution of the Kimwolf Botnet"", ""url"": ""https://unit42.paloaltonetworks.com/kimwolf-v7-botnet-malware/"", ""published_at"": ""2026-08-11T10:00:16Z"", ""updated_at"": ""2026-08-19T12:03:26Z"", ""reliability"": 0.92}]"
207d9d891ac756b2bfad88aba5682c65,md5,Should you care about an “AI slowdown?”,,,,Cisco Talos,Should you care about an “AI slowdown?”,https://blog.talosintelligence.com/should-you-care-about-an-ai-slowdown/,2026-09-17T18:00:23Z,2026-09-17T18:00:23Z,,,2026-09-20T13:00:00.081404Z,68,6,15,66,58,120,120,30,30,,,False,1,NEW,"[{""organization"": ""Cisco Talos"", ""article_title"": ""Should you care about an “AI slowdown?”"", ""url"": ""https://blog.talosintelligence.com/should-you-care-about-an-ai-slowdown/"", ""published_at"": ""2026-09-17T18:00:23Z"", ""updated_at"": ""2026-09-17T18:00:23Z"", ""reliability"": 0.92}]"
2915b3f8b703eb744fc54c81f4a9c67f,md5,Should you care about an “AI slowdown?”,,,,Cisco Talos,"Is Cyber missing the Marque?;Should you care about an “AI slowdown?”;The story behind the intelligence;We've got one word for it, and it's usually the wrong one;“Sorry, I can’t help with that”: How your guardrails might become the attacker’s best friend",https://blog.talosintelligence.com/is-cyber-missing-the-marque/;https://blog.talosintelligence.com/should-you-care-about-an-ai-slowdown/;https://blog.talosintelligence.com/sorry-i-cant-help-with-that-how-your-guardrails-might-become-the-attackers-best-friend/;https://blog.talosintelligence.com/the-story-behind-the-intelligence/;https://blog.talosintelligence.com/weve-got-one-word-for-it-and-its-usually-the-wrong-one/,2026-08-20T18:00:18Z;2026-08-27T18:00:24Z;2026-09-03T18:00:13Z;2026-09-10T18:00:15Z;2026-09-17T18:00:23Z,2026-08-27T18:02:59Z;2026-09-03T18:02:22Z;2026-09-09T19:22:24Z;2026-09-10T18:00:15Z;2026-09-17T18:00:23Z,,,2026-09-20T13:00:00.081404Z,88,7,15,66,84,120,120,30,30,,,False,5,NEW,"[{""organization"": ""Cisco Talos"", ""article_title"": ""Should you care about an “AI slowdown?”"", ""url"": ""https://blog.talosintelligence.com/should-you-care-about-an-ai-slowdown/"", ""published_at"": ""2026-09-17T18:00:23Z"", ""updated_at"": ""2026-09-17T18:00:23Z"", ""reliability"": 0.92}, {""organization"": ""Cisco Talos"", ""article_title"": ""We've got one word for it, and it's usually the wrong one"", ""url"": ""https://blog.talosintelligence.com/weve-got-one-word-for-it-and-its-usually-the-wrong-one/"", ""published_at"": ""2026-09-10T18:00:15Z"", ""updated_at"": ""2026-09-10T18:00:15Z"", ""reliability"": 0.92}, {""organization"": ""Cisco Talos"", ""article_title"": ""The story behind the intelligence"", ""url"": ""https://blog.talosintelligence.com/the-story-behind-the-intelligence/"", ""published_at"": ""2026-09-03T18:00:13Z"", ""updated_at"": ""2026-09-09T19:22:24Z"", ""reliability"": 0.92}, {""organization"": ""Cisco Talos"", ""article_title"": ""“Sorry, I can’t help with that”: How your guardrails might become the attacker’s best friend"", ""url"": ""https://blog.talosintelligence.com/sorry-i-cant-help-with-that-how-your-guardrails-might-become-the-attackers-best-friend/"", ""published_at"": ""2026-08-27T18:00:24Z"", ""updated_at"": ""2026-09-03T18:02:22Z"", ""reliability"": 0.92}, {""organization"": ""Cisco Talos"", ""article_title"": ""Is Cyber missing the Marque?"", ""url"": ""https://blog.talosintelligence.com/is-cyber-missing-the-marque/"", ""published_at"": ""2026-08-20T18:00:18Z"", ""updated_at"": ""2026-08-27T18:02:59Z"", ""reliability"": 0.92}]"
33faca1e0090f6b12eff703daf4606e4,md5,Kimwolf v7: An Evolution of the Kimwolf Botnet,,,,Palo Alto Networks Unit 42,Kimwolf v7: An Evolution of the Kimwolf Botnet,https://unit42.paloaltonetworks.com/kimwolf-v7-botnet-malware/,2026-08-11T10:00:16Z,2026-08-19T12:03:26Z,,,2026-09-20T13:00:00.081404Z,68,6,8,66,51,120,120,30,30,,,False,1,NEW,"[{""organization"": ""Palo Alto Networks Unit 42"", ""article_title"": ""Kimwolf v7: An Evolution of the Kimwolf Botnet"", ""url"": ""https://unit42.paloaltonetworks.com/kimwolf-v7-botnet-malware/"", ""published_at"": ""2026-08-11T10:00:16Z"", ""updated_at"": ""2026-08-19T12:03:26Z"", ""reliability"": 0.92}]"
38de5b216c33833af710e88f7f64fc98,md5,Should you care about an “AI slowdown?”,,,,Cisco Talos,"Should you care about an “AI slowdown?”;The story behind the intelligence;We've got one word for it, and it's usually the wrong one;“Sorry, I can’t help with that”: How your guardrails might become the attacker’s best friend",https://blog.talosintelligence.com/should-you-care-about-an-ai-slowdown/;https://blog.talosintelligence.com/sorry-i-cant-help-with-that-how-your-guardrails-might-become-the-attackers-best-friend/;https://blog.talosintelligence.com/the-story-behind-the-intelligence/;https://blog.talosintelligence.com/weve-got-one-word-for-it-and-its-usually-the-wrong-one/,2026-08-27T18:00:24Z;2026-09-03T18:00:13Z;2026-09-10T18:00:15Z;2026-09-17T18:00:23Z,2026-09-03T18:02:22Z;2026-09-09T19:22:24Z;2026-09-10T18:00:15Z;2026-09-17T18:00:23Z,,,2026-09-20T13:00:00.081404Z,88,7,15,66,84,120,120,30,30,,,False,4,NEW,"[{""organization"": ""Cisco Talos"", ""article_title"": ""Should you care about an “AI slowdown?”"", ""url"": ""https://blog.talosintelligence.com/should-you-care-about-an-ai-slowdown/"", ""published_at"": ""2026-09-17T18:00:23Z"", ""updated_at"": ""2026-09-17T18:00:23Z"", ""reliability"": 0.92}, {""organization"": ""Cisco Talos"", ""article_title"": ""We've got one word for it, and it's usually the wrong one"", ""url"": ""https://blog.talosintelligence.com/weve-got-one-word-for-it-and-its-usually-the-wrong-one/"", ""published_at"": ""2026-09-10T18:00:15Z"", ""updated_at"": ""2026-09-10T18:00:15Z"", ""reliability"": 0.92}, {""organization"": ""Cisco Talos"", ""article_title"": ""The story behind the intelligence"", ""url"": ""https://blog.talosintelligence.com/the-story-behind-the-intelligence/"", ""published_at"": ""2026-09-03T18:00:13Z"", ""updated_at"": ""2026-09-09T19:22:24Z"", ""reliability"": 0.92}, {""organization"": ""Cisco Talos"", ""article_title"": ""“Sorry, I can’t help with that”: How your guardrails might become the attacker’s best friend"", ""url"": ""https://blog.talosintelligence.com/sorry-i-cant-help-with-that-how-your-guardrails-might-become-the-attackers-best-friend/"", ""published_at"": ""2026-08-27T18:00:24Z"", ""updated_at"": ""2026-09-03T18:02:22Z"", ""reliability"": 0.92}]"
41444d7018601b599beac0c60ed1bf83,md5,Should you care about an “AI slowdown?”,,,,Cisco Talos,"Should you care about an “AI slowdown?”;The story behind the intelligence;“Sorry, I can’t help with that”: How your guardrails might become the attacker’s best friend",https://blog.talosintelligence.com/should-you-care-about-an-ai-slowdown/;https://blog.talosintelligence.com/sorry-i-cant-help-with-that-how-your-guardrails-might-become-the-attackers-best-friend/;https://blog.talosintelligence.com/the-story-behind-the-intelligence/,2026-08-27T18:00:24Z;2026-09-03T18:00:13Z;2026-09-17T18:00:23Z,2026-09-03T18:02:22Z;2026-09-09T19:22:24Z;2026-09-17T18:00:23Z,,,2026-09-20T13:00:00.081404Z,88,7,15,66,69,120,120,30,30,,,False,3,NEW,"[{""organization"": ""Cisco Talos"", ""article_title"": ""Should you care about an “AI slowdown?”"", ""url"": ""https://blog.talosintelligence.com/should-you-care-about-an-ai-slowdown/"", ""published_at"": ""2026-09-17T18:00:23Z"", ""updated_at"": ""2026-09-17T18:00:23Z"", ""reliability"": 0.92}, {""organization"": ""Cisco Talos"", ""article_title"": ""The story behind the intelligence"", ""url"": ""https://blog.talosintelligence.com/the-story-behind-the-intelligence/"", ""published_at"": ""2026-09-03T18:00:13Z"", ""updated_at"": ""2026-09-09T19:22:24Z"", ""reliability"": 0.92}, {""organization"": ""Cisco Talos"", ""article_title"": ""“Sorry, I can’t help with that”: How your guardrails might become the attacker’s best friend"", ""url"": ""https://blog.talosintelligence.com/sorry-i-cant-help-with-that-how-your-guardrails-might-become-the-attackers-best-friend/"", ""published_at"": ""2026-08-27T18:00:24Z"", ""updated_at"": ""2026-09-03T18:02:22Z"", ""reliability"": 0.92}]"
61e046145ee5cf45aeb033cd71e8b07c,md5,The story behind the intelligence,,,,Cisco Talos,The story behind the intelligence,https://blog.talosintelligence.com/the-story-behind-the-intelligence/,2026-09-03T18:00:13Z,2026-09-09T19:22:24Z,,,2026-09-20T13:00:00.081404Z,68,7,12,66,56,120,120,30,30,,,False,1,NEW,"[{""organization"": ""Cisco Talos"", ""article_title"": ""The story behind the intelligence"", ""url"": ""https://blog.talosintelligence.com/the-story-behind-the-intelligence/"", ""published_at"": ""2026-09-03T18:00:13Z"", ""updated_at"": ""2026-09-09T19:22:24Z"", ""reliability"": 0.92}]"
76554ad09897ac723a850eaf8c525efa,md5,Kimwolf v7: An Evolution of the Kimwolf Botnet,,,,Palo Alto Networks Unit 42,Kimwolf v7: An Evolution of the Kimwolf Botnet,https://unit42.paloaltonetworks.com/kimwolf-v7-botnet-malware/,2026-08-11T10:00:16Z,2026-08-19T12:03:26Z,,,2026-09-20T13:00:00.081404Z,68,6,8,66,51,120,120,30,30,,,False,1,NEW,"[{""organization"": ""Palo Alto Networks Unit 42"", ""article_title"": ""Kimwolf v7: An Evolution of the Kimwolf Botnet"", ""url"": ""https://unit42.paloaltonetworks.com/kimwolf-v7-botnet-malware/"", ""published_at"": ""2026-08-11T10:00:16Z"", ""updated_at"": ""2026-08-19T12:03:26Z"", ""reliability"": 0.92}]"
7bdbd180c081fa63ca94f9c22c457376,md5,The story behind the intelligence,,,,Cisco Talos,"Is Cyber missing the Marque?;The story behind the intelligence;“Sorry, I can’t help with that”: How your guardrails might become the attacker’s best friend",https://blog.talosintelligence.com/is-cyber-missing-the-marque/;https://blog.talosintelligence.com/sorry-i-cant-help-with-that-how-your-guardrails-might-become-the-attackers-best-friend/;https://blog.talosintelligence.com/the-story-behind-the-intelligence/,2026-08-20T18:00:18Z;2026-08-27T18:00:24Z;2026-09-03T18:00:13Z,2026-08-27T18:02:59Z;2026-09-03T18:02:22Z;2026-09-09T19:22:24Z,,,2026-09-20T13:00:00.081404Z,88,7,12,66,81,120,120,30,30,,,False,3,NEW,"[{""organization"": ""Cisco Talos"", ""article_title"": ""The story behind the intelligence"", ""url"": ""https://blog.talosintelligence.com/the-story-behind-the-intelligence/"", ""published_at"": ""2026-09-03T18:00:13Z"", ""updated_at"": ""2026-09-09T19:22:24Z"", ""reliability"": 0.92}, {""organization"": ""Cisco Talos"", ""article_title"": ""“Sorry, I can’t help with that”: How your guardrails might become the attacker’s best friend"", ""url"": ""https://blog.talosintelligence.com/sorry-i-cant-help-with-that-how-your-guardrails-might-become-the-attackers-best-friend/"", ""published_at"": ""2026-08-27T18:00:24Z"", ""updated_at"": ""2026-09-03T18:02:22Z"", ""reliability"": 0.92}, {""organization"": ""Cisco Talos"", ""article_title"": ""Is Cyber missing the Marque?"", ""url"": ""https://blog.talosintelligence.com/is-cyber-missing-the-marque/"", ""published_at"": ""2026-08-20T18:00:18Z"", ""updated_at"": ""2026-08-27T18:02:59Z"", ""reliability"": 0.92}]"
8ef476fa2322d063896830f85bac2e7f,md5,Is Cyber missing the Marque?,,,,Cisco Talos,Is Cyber missing the Marque?,https://blog.talosintelligence.com/is-cyber-missing-the-marque/,2026-08-20T18:00:18Z,2026-08-27T18:02:59Z,,,2026-09-20T13:00:00.081404Z,68,7,12,66,71,120,120,30,30,,,False,1,NEW,"[{""organization"": ""Cisco Talos"", ""article_title"": ""Is Cyber missing the Marque?"", ""url"": ""https://blog.talosintelligence.com/is-cyber-missing-the-marque/"", ""published_at"": ""2026-08-20T18:00:18Z"", ""updated_at"": ""2026-08-27T18:02:59Z"", ""reliability"": 0.92}]"
9a47c4d379998ade2f8f99e23a630c06,md5,Should you care about an “AI slowdown?”,,,,Cisco Talos,"Is Cyber missing the Marque?;Should you care about an “AI slowdown?”;The story behind the intelligence;We've got one word for it, and it's usually the wrong one;“Sorry, I can’t help with that”: How your guardrails might become the attacker’s best friend",https://blog.talosintelligence.com/is-cyber-missing-the-marque/;https://blog.talosintelligence.com/should-you-care-about-an-ai-slowdown/;https://blog.talosintelligence.com/sorry-i-cant-help-with-that-how-your-guardrails-might-become-the-attackers-best-friend/;https://blog.talosintelligence.com/the-story-behind-the-intelligence/;https://blog.talosintelligence.com/weve-got-one-word-for-it-and-its-usually-the-wrong-one/,2026-08-20T18:00:18Z;2026-08-27T18:00:24Z;2026-09-03T18:00:13Z;2026-09-10T18:00:15Z;2026-09-17T18:00:23Z,2026-08-27T18:02:59Z;2026-09-03T18:02:22Z;2026-09-09T19:22:24Z;2026-09-10T18:00:15Z;2026-09-17T18:00:23Z,,,2026-09-20T13:00:00.081404Z,88,7,15,66,84,120,120,30,30,,,False,5,NEW,"[{""organization"": ""Cisco Talos"", ""article_title"": ""Should you care about an “AI slowdown?”"", ""url"": ""https://blog.talosintelligence.com/should-you-care-about-an-ai-slowdown/"", ""published_at"": ""2026-09-17T18:00:23Z"", ""updated_at"": ""2026-09-17T18:00:23Z"", ""reliability"": 0.92}, {""organization"": ""Cisco Talos"", ""article_title"": ""We've got one word for it, and it's usually the wrong one"", ""url"": ""https://blog.talosintelligence.com/weve-got-one-word-for-it-and-its-usually-the-wrong-one/"", ""published_at"": ""2026-09-10T18:00:15Z"", ""updated_at"": ""2026-09-10T18:00:15Z"", ""reliability"": 0.92}, {""organization"": ""Cisco Talos"", ""article_title"": ""The story behind the intelligence"", ""url"": ""https://blog.talosintelligence.com/the-story-behind-the-intelligence/"", ""published_at"": ""2026-09-03T18:00:13Z"", ""updated_at"": ""2026-09-09T19:22:24Z"", ""reliability"": 0.92}, {""organization"": ""Cisco Talos"", ""article_title"": ""“Sorry, I can’t help with that”: How your guardrails might become the attacker’s best friend"", ""url"": ""https://blog.talosintelligence.com/sorry-i-cant-help-with-that-how-your-guardrails-might-become-the-attackers-best-friend/"", ""published_at"": ""2026-08-27T18:00:24Z"", ""updated_at"": ""2026-09-03T18:02:22Z"", ""reliability"": 0.92}, {""organization"": ""Cisco Talos"", ""article_title"": ""Is Cyber missing the Marque?"", ""url"": ""https://blog.talosintelligence.com/is-cyber-missing-the-marque/"", ""published_at"": ""2026-08-20T18:00:18Z"", ""updated_at"": ""2026-08-27T18:02:59Z"", ""reliability"": 0.92}]"
a4480423617d0b0d3b38c8471cbf594c,md5,"“Sorry, I can’t help with that”: How your guardrails might become the attacker’s best friend",,,,Cisco Talos,"“Sorry, I can’t help with that”: How your guardrails might become the attacker’s best friend",https://blog.talosintelligence.com/sorry-i-cant-help-with-that-how-your-guardrails-might-become-the-attackers-best-friend/,2026-08-27T18:00:24Z,2026-09-03T18:02:22Z,,,2026-09-20T13:00:00.081404Z,68,7,12,66,56,120,120,30,30,,,False,1,NEW,"[{""organization"": ""Cisco Talos"", ""article_title"": ""“Sorry, I can’t help with that”: How your guardrails might become the attacker’s best friend"", ""url"": ""https://blog.talosintelligence.com/sorry-i-cant-help-with-that-how-your-guardrails-might-become-the-attackers-best-friend/"", ""published_at"": ""2026-08-27T18:00:24Z"", ""updated_at"": ""2026-09-03T18:02:22Z"", ""reliability"": 0.92}]"
c2efb2dcacba6d3ccc175b6ce1b7ed0a,md5,"We've got one word for it, and it's usually the wrong one",,,,Cisco Talos,"Is Cyber missing the Marque?;We've got one word for it, and it's usually the wrong one",https://blog.talosintelligence.com/is-cyber-missing-the-marque/;https://blog.talosintelligence.com/weve-got-one-word-for-it-and-its-usually-the-wrong-one/,2026-08-20T18:00:18Z;2026-09-10T18:00:15Z,2026-08-27T18:02:59Z;2026-09-10T18:00:15Z,,,2026-09-20T13:00:00.081404Z,78,7,12,66,76,120,120,30,30,,,False,2,NEW,"[{""organization"": ""Cisco Talos"", ""article_title"": ""We've got one word for it, and it's usually the wrong one"", ""url"": ""https://blog.talosintelligence.com/weve-got-one-word-for-it-and-its-usually-the-wrong-one/"", ""published_at"": ""2026-09-10T18:00:15Z"", ""updated_at"": ""2026-09-10T18:00:15Z"", ""reliability"": 0.92}, {""organization"": ""Cisco Talos"", ""article_title"": ""Is Cyber missing the Marque?"", ""url"": ""https://blog.talosintelligence.com/is-cyber-missing-the-marque/"", ""published_at"": ""2026-08-20T18:00:18Z"", ""updated_at"": ""2026-08-27T18:02:59Z"", ""reliability"": 0.92}]"
d4aa3e7010220ad1b458fac17039c274,md5,The story behind the intelligence,,,,Cisco Talos,"Is Cyber missing the Marque?;The story behind the intelligence;“Sorry, I can’t help with that”: How your guardrails might become the attacker’s best friend",https://blog.talosintelligence.com/is-cyber-missing-the-marque/;https://blog.talosintelligence.com/sorry-i-cant-help-with-that-how-your-guardrails-might-become-the-attackers-best-friend/;https://blog.talosintelligence.com/the-story-behind-the-intelligence/,2026-08-20T18:00:18Z;2026-08-27T18:00:24Z;2026-09-03T18:00:13Z,2026-08-27T18:02:59Z;2026-09-03T18:02:22Z;2026-09-09T19:22:24Z,,,2026-09-20T13:00:00.081404Z,88,7,12,66,81,120,120,30,30,,,False,3,NEW,"[{""organization"": ""Cisco Talos"", ""article_title"": ""The story behind the intelligence"", ""url"": ""https://blog.talosintelligence.com/the-story-behind-the-intelligence/"", ""published_at"": ""2026-09-03T18:00:13Z"", ""updated_at"": ""2026-09-09T19:22:24Z"", ""reliability"": 0.92}, {""organization"": ""Cisco Talos"", ""article_title"": ""“Sorry, I can’t help with that”: How your guardrails might become the attacker’s best friend"", ""url"": ""https://blog.talosintelligence.com/sorry-i-cant-help-with-that-how-your-guardrails-might-become-the-attackers-best-friend/"", ""published_at"": ""2026-08-27T18:00:24Z"", ""updated_at"": ""2026-09-03T18:02:22Z"", ""reliability"": 0.92}, {""organization"": ""Cisco Talos"", ""article_title"": ""Is Cyber missing the Marque?"", ""url"": ""https://blog.talosintelligence.com/is-cyber-missing-the-marque/"", ""published_at"": ""2026-08-20T18:00:18Z"", ""updated_at"": ""2026-08-27T18:02:59Z"", ""reliability"": 0.92}]"
d759364844d78a728505fb0485c3adbc,md5,Kimwolf v7: An Evolution of the Kimwolf Botnet,,,,Palo Alto Networks Unit 42,Kimwolf v7: An Evolution of the Kimwolf Botnet,https://unit42.paloaltonetworks.com/kimwolf-v7-botnet-malware/,2026-08-11T10:00:16Z,2026-08-19T12:03:26Z,,,2026-09-20T13:00:00.081404Z,68,6,8,66,51,120,120,30,30,,,False,1,NEW,"[{""organization"": ""Palo Alto Networks Unit 42"", ""article_title"": ""Kimwolf v7: An Evolution of the Kimwolf Botnet"", ""url"": ""https://unit42.paloaltonetworks.com/kimwolf-v7-botnet-malware/"", ""published_at"": ""2026-08-11T10:00:16Z"", ""updated_at"": ""2026-08-19T12:03:26Z"", ""reliability"": 0.92}]"
f3e82419a43220a7a222fc01b7607adc,md5,"We've got one word for it, and it's usually the wrong one",,,,Cisco Talos,"We've got one word for it, and it's usually the wrong one",https://blog.talosintelligence.com/weve-got-one-word-for-it-and-its-usually-the-wrong-one/,2026-09-10T18:00:15Z,2026-09-10T18:00:15Z,,,2026-09-20T13:00:00.081404Z,68,7,12,66,71,120,120,30,30,,,False,1,NEW,"[{""organization"": ""Cisco Talos"", ""article_title"": ""We've got one word for it, and it's usually the wrong one"", ""url"": ""https://blog.talosintelligence.com/weve-got-one-word-for-it-and-its-usually-the-wrong-one/"", ""published_at"": ""2026-09-10T18:00:15Z"", ""updated_at"": ""2026-09-10T18:00:15Z"", ""reliability"": 0.92}]"
HKLM\SAM\SAM,registry_key,UAT-10147 deploys SPECTRE: A cross-platform implant with Linux rootkit and BYOVD capabilities,,,,Cisco Talos,UAT-10147 deploys SPECTRE: A cross-platform implant with Linux rootkit and BYOVD capabilities,https://blog.talosintelligence.com/uat-10147-deploys-spectre-a-cross-platform-implant-with-linux-rootkit-and-byovd-capabilities/,2026-08-20T10:00:50Z,2026-08-26T23:04:45Z,,,2026-09-20T13:00:00.081404Z,68,7,12,81,64,120,120,30,30,,,False,1,NEW,"[{""organization"": ""Cisco Talos"", ""article_title"": ""UAT-10147 deploys SPECTRE: A cross-platform implant with Linux rootkit and BYOVD capabilities"", ""url"": ""https://blog.talosintelligence.com/uat-10147-deploys-spectre-a-cross-platform-implant-with-linux-rootkit-and-byovd-capabilities/"", ""published_at"": ""2026-08-20T10:00:50Z"", ""updated_at"": ""2026-08-26T23:04:45Z"", ""reliability"": 0.92}]"
HKLM\SECURITY are saved to “%TEMP%” via RegSaveKeyA for offline NT hash extraction using Impact “secretsdump.py”.,registry_key,UAT-10147 deploys SPECTRE: A cross-platform implant with Linux rootkit and BYOVD capabilities,,,,Cisco Talos,UAT-10147 deploys SPECTRE: A cross-platform implant with Linux rootkit and BYOVD capabilities,https://blog.talosintelligence.com/uat-10147-deploys-spectre-a-cross-platform-implant-with-linux-rootkit-and-byovd-capabilities/,2026-08-20T10:00:50Z,2026-08-26T23:04:45Z,,,2026-09-20T13:00:00.081404Z,68,7,12,81,64,120,120,30,30,,,False,1,NEW,"[{""organization"": ""Cisco Talos"", ""article_title"": ""UAT-10147 deploys SPECTRE: A cross-platform implant with Linux rootkit and BYOVD capabilities"", ""url"": ""https://blog.talosintelligence.com/uat-10147-deploys-spectre-a-cross-platform-implant-with-linux-rootkit-and-byovd-capabilities/"", ""published_at"": ""2026-08-20T10:00:50Z"", ""updated_at"": ""2026-08-26T23:04:45Z"", ""reliability"": 0.92}]"
HKLM\SOFTWARE\Microsoft\Windows Defender\Exclusions\Paths,registry_key,Counterfeit installers to system compromise: Tracking a deceptive software download campaign | Microsoft Security Blog,,,,Microsoft Threat Intelligence,Counterfeit installers to system compromise: Tracking a deceptive software download campaign | Microsoft Security Blog,https://www.microsoft.com/en-us/security/blog/2026/09/01/counterfeit-installers-system-compromise-tracking-deceptive-software-download-campaign/,2026-09-01T22:48:28Z,2026-09-01T22:48:42Z,,,2026-09-20T13:00:00.081404Z,71,6,12,81,64,120,120,30,30,,,False,1,NEW,"[{""organization"": ""Microsoft Threat Intelligence"", ""article_title"": ""Counterfeit installers to system compromise: Tracking a deceptive software download campaign | Microsoft Security Blog"", ""url"": ""https://www.microsoft.com/en-us/security/blog/2026/09/01/counterfeit-installers-system-compromise-tracking-deceptive-software-download-campaign/"", ""published_at"": ""2026-09-01T22:48:28Z"", ""updated_at"": ""2026-09-01T22:48:42Z"", ""reliability"": 0.96}]"
HKLM\SYSTEM,registry_key,UAT-10147 deploys SPECTRE: A cross-platform implant with Linux rootkit and BYOVD capabilities,,,,Cisco Talos,UAT-10147 deploys SPECTRE: A cross-platform implant with Linux rootkit and BYOVD capabilities,https://blog.talosintelligence.com/uat-10147-deploys-spectre-a-cross-platform-implant-with-linux-rootkit-and-byovd-capabilities/,2026-08-20T10:00:50Z,2026-08-26T23:04:45Z,,,2026-09-20T13:00:00.081404Z,68,7,12,81,64,120,120,30,30,,,False,1,NEW,"[{""organization"": ""Cisco Talos"", ""article_title"": ""UAT-10147 deploys SPECTRE: A cross-platform implant with Linux rootkit and BYOVD capabilities"", ""url"": ""https://blog.talosintelligence.com/uat-10147-deploys-spectre-a-cross-platform-implant-with-linux-rootkit-and-byovd-capabilities/"", ""published_at"": ""2026-08-20T10:00:50Z"", ""updated_at"": ""2026-08-26T23:04:45Z"", ""reliability"": 0.92}]"
"HKLM\Software\Policies\Microsoft\Windows\WindowsUpdate\AU"" /v NoAutoUpdate /t REG_DWORD /d 1 /f",registry_key,Counterfeit installers to system compromise: Tracking a deceptive software download campaign | Microsoft Security Blog,,,,Microsoft Threat Intelligence,Counterfeit installers to system compromise: Tracking a deceptive software download campaign | Microsoft Security Blog,https://www.microsoft.com/en-us/security/blog/2026/09/01/counterfeit-installers-system-compromise-tracking-deceptive-software-download-campaign/,2026-09-01T22:48:28Z,2026-09-01T22:48:42Z,,,2026-09-20T13:00:00.081404Z,71,6,12,81,64,120,120,30,30,,,False,1,NEW,"[{""organization"": ""Microsoft Threat Intelligence"", ""article_title"": ""Counterfeit installers to system compromise: Tracking a deceptive software download campaign | Microsoft Security Blog"", ""url"": ""https://www.microsoft.com/en-us/security/blog/2026/09/01/counterfeit-installers-system-compromise-tracking-deceptive-software-download-campaign/"", ""published_at"": ""2026-09-01T22:48:28Z"", ""updated_at"": ""2026-09-01T22:48:42Z"", ""reliability"": 0.96}]"
"HKLM\…\Services\WaaSMedicSvc"" /v Start /t REG_DWORD /d 4 /f",registry_key,Counterfeit installers to system compromise: Tracking a deceptive software download campaign | Microsoft Security Blog,,,,Microsoft Threat Intelligence,Counterfeit installers to system compromise: Tracking a deceptive software download campaign | Microsoft Security Blog,https://www.microsoft.com/en-us/security/blog/2026/09/01/counterfeit-installers-system-compromise-tracking-deceptive-software-download-campaign/,2026-09-01T22:48:28Z,2026-09-01T22:48:42Z,,,2026-09-20T13:00:00.081404Z,71,6,12,81,64,120,120,30,30,,,False,1,NEW,"[{""organization"": ""Microsoft Threat Intelligence"", ""article_title"": ""Counterfeit installers to system compromise: Tracking a deceptive software download campaign | Microsoft Security Blog"", ""url"": ""https://www.microsoft.com/en-us/security/blog/2026/09/01/counterfeit-installers-system-compromise-tracking-deceptive-software-download-campaign/"", ""published_at"": ""2026-09-01T22:48:28Z"", ""updated_at"": ""2026-09-01T22:48:42Z"", ""reliability"": 0.96}]"
HKLM\…\Windows Defender\Exclusions\Paths,registry_key,Counterfeit installers to system compromise: Tracking a deceptive software download campaign | Microsoft Security Blog,,,,Microsoft Threat Intelligence,Counterfeit installers to system compromise: Tracking a deceptive software download campaign | Microsoft Security Blog,https://www.microsoft.com/en-us/security/blog/2026/09/01/counterfeit-installers-system-compromise-tracking-deceptive-software-download-campaign/,2026-09-01T22:48:28Z,2026-09-01T22:48:42Z,,,2026-09-20T13:00:00.081404Z,71,6,12,81,64,120,120,30,30,,,False,1,NEW,"[{""organization"": ""Microsoft Threat Intelligence"", ""article_title"": ""Counterfeit installers to system compromise: Tracking a deceptive software download campaign | Microsoft Security Blog"", ""url"": ""https://www.microsoft.com/en-us/security/blog/2026/09/01/counterfeit-installers-system-compromise-tracking-deceptive-software-download-campaign/"", ""published_at"": ""2026-09-01T22:48:28Z"", ""updated_at"": ""2026-09-01T22:48:42Z"", ""reliability"": 0.96}]"
2a1d96f1b066877812587ac94f45f82dfff5f5f9,sha1,Kimwolf v7: An Evolution of the Kimwolf Botnet,,,,Palo Alto Networks Unit 42,Kimwolf v7: An Evolution of the Kimwolf Botnet,https://unit42.paloaltonetworks.com/kimwolf-v7-botnet-malware/,2026-08-11T10:00:16Z,2026-08-19T12:03:26Z,,,2026-09-20T13:00:00.081404Z,72,6,8,87,61,180,180,30,30,,,False,1,NEW,"[{""organization"": ""Palo Alto Networks Unit 42"", ""article_title"": ""Kimwolf v7: An Evolution of the Kimwolf Botnet"", ""url"": ""https://unit42.paloaltonetworks.com/kimwolf-v7-botnet-malware/"", ""published_at"": ""2026-08-11T10:00:16Z"", ""updated_at"": ""2026-08-19T12:03:26Z"", ""reliability"": 0.92}]"
46790e2ac7f3ca5a7d1bfce312d11e91d23383ff,sha1,"ClearFake WebDAV infection chain delivers Amatera stealer, ZigCryptoStealer, and NetSupport Manager",,,,Cisco Talos,"ClearFake WebDAV infection chain delivers Amatera stealer, ZigCryptoStealer, and NetSupport Manager",https://blog.talosintelligence.com/clearfake-webdav-infection-chain/,2026-09-08T10:01:07Z,2026-09-10T09:03:00Z,,,2026-09-20T13:00:00.081404Z,72,6,12,87,65,180,180,30,30,,,False,1,NEW,"[{""organization"": ""Cisco Talos"", ""article_title"": ""ClearFake WebDAV infection chain delivers Amatera stealer, ZigCryptoStealer, and NetSupport Manager"", ""url"": ""https://blog.talosintelligence.com/clearfake-webdav-infection-chain/"", ""published_at"": ""2026-09-08T10:01:07Z"", ""updated_at"": ""2026-09-10T09:03:00Z"", ""reliability"": 0.92}]"
68dce15c1002a2689e19d33a3ae509dd1feb11a5,sha1,"ClearFake WebDAV infection chain delivers Amatera stealer, ZigCryptoStealer, and NetSupport Manager",,,,Cisco Talos,"ClearFake WebDAV infection chain delivers Amatera stealer, ZigCryptoStealer, and NetSupport Manager",https://blog.talosintelligence.com/clearfake-webdav-infection-chain/,2026-09-08T10:01:07Z,2026-09-10T09:03:00Z,,,2026-09-20T13:00:00.081404Z,72,6,12,87,65,180,180,30,30,,,False,1,NEW,"[{""organization"": ""Cisco Talos"", ""article_title"": ""ClearFake WebDAV infection chain delivers Amatera stealer, ZigCryptoStealer, and NetSupport Manager"", ""url"": ""https://blog.talosintelligence.com/clearfake-webdav-infection-chain/"", ""published_at"": ""2026-09-08T10:01:07Z"", ""updated_at"": ""2026-09-10T09:03:00Z"", ""reliability"": 0.92}]"
7cc3cfc1ac007b8c6566fd2c7419b15a75473468,sha1,"ClearFake WebDAV infection chain delivers Amatera stealer, ZigCryptoStealer, and NetSupport Manager",,,,Cisco Talos,"ClearFake WebDAV infection chain delivers Amatera stealer, ZigCryptoStealer, and NetSupport Manager",https://blog.talosintelligence.com/clearfake-webdav-infection-chain/,2026-09-08T10:01:07Z,2026-09-10T09:03:00Z,,,2026-09-20T13:00:00.081404Z,72,6,12,87,65,180,180,30,30,,,False,1,NEW,"[{""organization"": ""Cisco Talos"", ""article_title"": ""ClearFake WebDAV infection chain delivers Amatera stealer, ZigCryptoStealer, and NetSupport Manager"", ""url"": ""https://blog.talosintelligence.com/clearfake-webdav-infection-chain/"", ""published_at"": ""2026-09-08T10:01:07Z"", ""updated_at"": ""2026-09-10T09:03:00Z"", ""reliability"": 0.92}]"
886d310ac23e05ea705e24e513d19f53793832a9,sha1,"ClearFake WebDAV infection chain delivers Amatera stealer, ZigCryptoStealer, and NetSupport Manager",,,,Cisco Talos,"ClearFake WebDAV infection chain delivers Amatera stealer, ZigCryptoStealer, and NetSupport Manager",https://blog.talosintelligence.com/clearfake-webdav-infection-chain/,2026-09-08T10:01:07Z,2026-09-10T09:03:00Z,,,2026-09-20T13:00:00.081404Z,72,6,12,87,65,180,180,30,30,,,False,1,NEW,"[{""organization"": ""Cisco Talos"", ""article_title"": ""ClearFake WebDAV infection chain delivers Amatera stealer, ZigCryptoStealer, and NetSupport Manager"", ""url"": ""https://blog.talosintelligence.com/clearfake-webdav-infection-chain/"", ""published_at"": ""2026-09-08T10:01:07Z"", ""updated_at"": ""2026-09-10T09:03:00Z"", ""reliability"": 0.92}]"
06e0afd01bbc6c9d5dc16c3165089b233dc071e1f251abd06235d1b9166cdac5,sha256,Untracked Nightmares: The Threats Hiding Behind Commodity Infrastructure,,,,Palo Alto Networks Unit 42,Untracked Nightmares: The Threats Hiding Behind Commodity Infrastructure,https://unit42.paloaltonetworks.com/ppi-network-malware-campaign-analysis/,2026-09-09T10:00:55Z,,,,2026-09-20T13:00:00.081404Z,74,6,12,90,66,180,180,30,30,,,False,1,NEW,"[{""organization"": ""Palo Alto Networks Unit 42"", ""article_title"": ""Untracked Nightmares: The Threats Hiding Behind Commodity Infrastructure"", ""url"": ""https://unit42.paloaltonetworks.com/ppi-network-malware-campaign-analysis/"", ""published_at"": ""2026-09-09T10:00:55Z"", ""updated_at"": null, ""reliability"": 0.92}]"
0d2fc28af246f62f27e49207d1f64e236ad9ea029412b27877d1ae6c098e86e3,sha256,Impersonating IT support: how threat actors turn a remote session into enterprise-wide access | Microsoft Security Blog,,,,Microsoft Threat Intelligence,Impersonating IT support: how threat actors turn a remote session into enterprise-wide access | Microsoft Security Blog,https://www.microsoft.com/en-us/security/blog/2026/09/02/impersonating-it-support-threat-actors-turn-remote-session-into-enterprise-wide-access/,2026-09-02T22:51:18Z,2026-09-02T22:51:21Z,,,2026-09-20T13:00:00.081404Z,77,8,12,90,69,180,180,30,30,,,False,1,NEW,"[{""organization"": ""Microsoft Threat Intelligence"", ""article_title"": ""Impersonating IT support: how threat actors turn a remote session into enterprise-wide access | Microsoft Security Blog"", ""url"": ""https://www.microsoft.com/en-us/security/blog/2026/09/02/impersonating-it-support-threat-actors-turn-remote-session-into-enterprise-wide-access/"", ""published_at"": ""2026-09-02T22:51:18Z"", ""updated_at"": ""2026-09-02T22:51:21Z"", ""reliability"": 0.96}]"
1619bcad3785be31ac2fdee0ab91392d08d9392032246e42673c3cb8964d4cb7,sha256,The State of AI-Enabled Malware August 2026: From Brand Abuse to Agentic Execution,,,,Palo Alto Networks Unit 42,The State of AI-Enabled Malware August 2026: From Brand Abuse to Agentic Execution,https://unit42.paloaltonetworks.com/ai-enabled-malware-analysis/,2026-08-25T10:00:57Z,,,,2026-09-20T13:00:00.081404Z,74,7,12,90,67,180,180,30,30,,,False,1,NEW,"[{""organization"": ""Palo Alto Networks Unit 42"", ""article_title"": ""The State of AI-Enabled Malware August 2026: From Brand Abuse to Agentic Execution"", ""url"": ""https://unit42.paloaltonetworks.com/ai-enabled-malware-analysis/"", ""published_at"": ""2026-08-25T10:00:57Z"", ""updated_at"": null, ""reliability"": 0.92}]"
1819827e17f31e72d456158b6b9c90af25a65945f6f05d04a060da9f24179b25,sha256,"ClearFake WebDAV infection chain delivers Amatera stealer, ZigCryptoStealer, and NetSupport Manager",,,,Cisco Talos,"ClearFake WebDAV infection chain delivers Amatera stealer, ZigCryptoStealer, and NetSupport Manager",https://blog.talosintelligence.com/clearfake-webdav-infection-chain/,2026-09-08T10:01:07Z,2026-09-10T09:03:00Z,,,2026-09-20T13:00:00.081404Z,74,6,12,90,66,180,180,30,30,,,False,1,NEW,"[{""organization"": ""Cisco Talos"", ""article_title"": ""ClearFake WebDAV infection chain delivers Amatera stealer, ZigCryptoStealer, and NetSupport Manager"", ""url"": ""https://blog.talosintelligence.com/clearfake-webdav-infection-chain/"", ""published_at"": ""2026-09-08T10:01:07Z"", ""updated_at"": ""2026-09-10T09:03:00Z"", ""reliability"": 0.92}]"
1bd3662d784840e410d2d3c0a1040277f7f549089447359f01e05c2559cb1f17,sha256,Counterfeit installers to system compromise: Tracking a deceptive software download campaign | Microsoft Security Blog,,,,Microsoft Threat Intelligence,Counterfeit installers to system compromise: Tracking a deceptive software download campaign | Microsoft Security Blog,https://www.microsoft.com/en-us/security/blog/2026/09/01/counterfeit-installers-system-compromise-tracking-deceptive-software-download-campaign/,2026-09-01T22:48:28Z,2026-09-01T22:48:42Z,,,2026-09-20T13:00:00.081404Z,77,6,12,90,67,180,180,30,30,,,False,1,NEW,"[{""organization"": ""Microsoft Threat Intelligence"", ""article_title"": ""Counterfeit installers to system compromise: Tracking a deceptive software download campaign | Microsoft Security Blog"", ""url"": ""https://www.microsoft.com/en-us/security/blog/2026/09/01/counterfeit-installers-system-compromise-tracking-deceptive-software-download-campaign/"", ""published_at"": ""2026-09-01T22:48:28Z"", ""updated_at"": ""2026-09-01T22:48:42Z"", ""reliability"": 0.96}]"
20ed21bfdb7aa970b12e7368eba8e26a711752f1cc5416b6fd6629d0e2a44e5d,sha256,The State of AI-Enabled Malware August 2026: From Brand Abuse to Agentic Execution,,,,Palo Alto Networks Unit 42,The State of AI-Enabled Malware August 2026: From Brand Abuse to Agentic Execution,https://unit42.paloaltonetworks.com/ai-enabled-malware-analysis/,2026-08-25T10:00:57Z,,,,2026-09-20T13:00:00.081404Z,74,7,12,90,67,180,180,30,30,,,False,1,NEW,"[{""organization"": ""Palo Alto Networks Unit 42"", ""article_title"": ""The State of AI-Enabled Malware August 2026: From Brand Abuse to Agentic Execution"", ""url"": ""https://unit42.paloaltonetworks.com/ai-enabled-malware-analysis/"", ""published_at"": ""2026-08-25T10:00:57Z"", ""updated_at"": null, ""reliability"": 0.92}]"
228c316455d5ed69232adcbe9acd033092f200014cfa7ed40d6c382f07b19b82,sha256,The story behind the intelligence,,,,Cisco Talos,The story behind the intelligence,https://blog.talosintelligence.com/the-story-behind-the-intelligence/,2026-09-03T18:00:13Z,2026-09-09T19:22:24Z,,,2026-09-20T13:00:00.081404Z,74,7,12,90,67,180,180,30,30,,,False,1,NEW,"[{""organization"": ""Cisco Talos"", ""article_title"": ""The story behind the intelligence"", ""url"": ""https://blog.talosintelligence.com/the-story-behind-the-intelligence/"", ""published_at"": ""2026-09-03T18:00:13Z"", ""updated_at"": ""2026-09-09T19:22:24Z"", ""reliability"": 0.92}]"
24ab9fe5d5be62d3bf055a0ca4508e8bca2996b6d78649dce8145d8a27bc1c5b,sha256,Spring Ring: An Inside Look at Voice Phishing Campaigns in Microsoft Teams,,,,Palo Alto Networks Unit 42,Spring Ring: An Inside Look at Voice Phishing Campaigns in Microsoft Teams,https://unit42.paloaltonetworks.com/spring-ring-voice-phishing-campaigns/,2026-08-31T10:00:36Z,2026-08-31T13:55:32Z,,,2026-09-20T13:00:00.081404Z,74,6,12,90,66,180,180,30,30,,,False,1,NEW,"[{""organization"": ""Palo Alto Networks Unit 42"", ""article_title"": ""Spring Ring: An Inside Look at Voice Phishing Campaigns in Microsoft Teams"", ""url"": ""https://unit42.paloaltonetworks.com/spring-ring-voice-phishing-campaigns/"", ""published_at"": ""2026-08-31T10:00:36Z"", ""updated_at"": ""2026-08-31T13:55:32Z"", ""reliability"": 0.92}]"
24fa02c3f6ab460648f2c1274aefffb3e25569b5afdcb0d4a5918c7c742780f1,sha256,Is Cyber missing the Marque?,,,,Cisco Talos,Is Cyber missing the Marque?,https://blog.talosintelligence.com/is-cyber-missing-the-marque/,2026-08-20T18:00:18Z,2026-08-27T18:02:59Z,,,2026-09-20T13:00:00.081404Z,74,7,12,90,82,180,180,30,30,,,False,1,NEW,"[{""organization"": ""Cisco Talos"", ""article_title"": ""Is Cyber missing the Marque?"", ""url"": ""https://blog.talosintelligence.com/is-cyber-missing-the-marque/"", ""published_at"": ""2026-08-20T18:00:18Z"", ""updated_at"": ""2026-08-27T18:02:59Z"", ""reliability"": 0.92}]"
25558ea78c4aa0fdd0f45fafcaa546d3115dc5806809d144a5801a40e48fd4c5,sha256,Untracked Nightmares: The Threats Hiding Behind Commodity Infrastructure,,,,Palo Alto Networks Unit 42,Untracked Nightmares: The Threats Hiding Behind Commodity Infrastructure,https://unit42.paloaltonetworks.com/ppi-network-malware-campaign-analysis/,2026-09-09T10:00:55Z,,,,2026-09-20T13:00:00.081404Z,74,6,12,90,66,180,180,30,30,,,False,1,NEW,"[{""organization"": ""Palo Alto Networks Unit 42"", ""article_title"": ""Untracked Nightmares: The Threats Hiding Behind Commodity Infrastructure"", ""url"": ""https://unit42.paloaltonetworks.com/ppi-network-malware-campaign-analysis/"", ""published_at"": ""2026-09-09T10:00:55Z"", ""updated_at"": null, ""reliability"": 0.92}]"
279d04c0cfd700c8bcb9acbed528131d3ffef8e25d12713e8649772739aecb92,sha256,"ClearFake WebDAV infection chain delivers Amatera stealer, ZigCryptoStealer, and NetSupport Manager",,,,Cisco Talos,"ClearFake WebDAV infection chain delivers Amatera stealer, ZigCryptoStealer, and NetSupport Manager",https://blog.talosintelligence.com/clearfake-webdav-infection-chain/,2026-09-08T10:01:07Z,2026-09-10T09:03:00Z,,,2026-09-20T13:00:00.081404Z,74,6,12,90,66,180,180,30,30,,,False,1,NEW,"[{""organization"": ""Cisco Talos"", ""article_title"": ""ClearFake WebDAV infection chain delivers Amatera stealer, ZigCryptoStealer, and NetSupport Manager"", ""url"": ""https://blog.talosintelligence.com/clearfake-webdav-infection-chain/"", ""published_at"": ""2026-09-08T10:01:07Z"", ""updated_at"": ""2026-09-10T09:03:00Z"", ""reliability"": 0.92}]"
2c6e11027b011042c9a118fc20728f8f4ebb6be8795cc84cc9a45622c297d354,sha256,Untracked Nightmares: The Threats Hiding Behind Commodity Infrastructure,,,,Palo Alto Networks Unit 42,Untracked Nightmares: The Threats Hiding Behind Commodity Infrastructure,https://unit42.paloaltonetworks.com/ppi-network-malware-campaign-analysis/,2026-09-09T10:00:55Z,,,,2026-09-20T13:00:00.081404Z,74,6,12,90,66,180,180,30,30,,,False,1,NEW,"[{""organization"": ""Palo Alto Networks Unit 42"", ""article_title"": ""Untracked Nightmares: The Threats Hiding Behind Commodity Infrastructure"", ""url"": ""https://unit42.paloaltonetworks.com/ppi-network-malware-campaign-analysis/"", ""published_at"": ""2026-09-09T10:00:55Z"", ""updated_at"": null, ""reliability"": 0.92}]"
2ec2e85b0358e0c681cb5067489a9086ec97dbbf7e3c952dd9cd496b319d5af5,sha256,Kimwolf v7: An Evolution of the Kimwolf Botnet,,,,Palo Alto Networks Unit 42,Kimwolf v7: An Evolution of the Kimwolf Botnet,https://unit42.paloaltonetworks.com/kimwolf-v7-botnet-malware/,2026-08-11T10:00:16Z,2026-08-19T12:03:26Z,,,2026-09-20T13:00:00.081404Z,74,6,8,90,62,180,180,30,30,,,False,1,NEW,"[{""organization"": ""Palo Alto Networks Unit 42"", ""article_title"": ""Kimwolf v7: An Evolution of the Kimwolf Botnet"", ""url"": ""https://unit42.paloaltonetworks.com/kimwolf-v7-botnet-malware/"", ""published_at"": ""2026-08-11T10:00:16Z"", ""updated_at"": ""2026-08-19T12:03:26Z"", ""reliability"": 0.92}]"
3052bd320a34e12ee694811ed0578797477dfd480c664491e509ed15ce1a6961,sha256,Untracked Nightmares: The Threats Hiding Behind Commodity Infrastructure,,,,Palo Alto Networks Unit 42,Untracked Nightmares: The Threats Hiding Behind Commodity Infrastructure,https://unit42.paloaltonetworks.com/ppi-network-malware-campaign-analysis/,2026-09-09T10:00:55Z,,,,2026-09-20T13:00:00.081404Z,74,6,12,90,66,180,180,30,30,,,False,1,NEW,"[{""organization"": ""Palo Alto Networks Unit 42"", ""article_title"": ""Untracked Nightmares: The Threats Hiding Behind Commodity Infrastructure"", ""url"": ""https://unit42.paloaltonetworks.com/ppi-network-malware-campaign-analysis/"", ""published_at"": ""2026-09-09T10:00:55Z"", ""updated_at"": null, ""reliability"": 0.92}]"
345222bca004595977f971d76900b0c65fd9bf9d91c50cd0c5bf5a93f1ad9e49,sha256,Kimwolf v7: An Evolution of the Kimwolf Botnet,,,,Palo Alto Networks Unit 42,Kimwolf v7: An Evolution of the Kimwolf Botnet,https://unit42.paloaltonetworks.com/kimwolf-v7-botnet-malware/,2026-08-11T10:00:16Z,2026-08-19T12:03:26Z,,,2026-09-20T13:00:00.081404Z,74,6,8,90,62,180,180,30,30,,,False,1,NEW,"[{""organization"": ""Palo Alto Networks Unit 42"", ""article_title"": ""Kimwolf v7: An Evolution of the Kimwolf Botnet"", ""url"": ""https://unit42.paloaltonetworks.com/kimwolf-v7-botnet-malware/"", ""published_at"": ""2026-08-11T10:00:16Z"", ""updated_at"": ""2026-08-19T12:03:26Z"", ""reliability"": 0.92}]"
38d053135ddceaef0abb8296f3b0bf6114b25e10e6fa1bb8050aeecec4ba8f55,sha256,Should you care about an “AI slowdown?”,,,,Cisco Talos,"Should you care about an “AI slowdown?”;The story behind the intelligence;“Sorry, I can’t help with that”: How your guardrails might become the attacker’s best friend",https://blog.talosintelligence.com/should-you-care-about-an-ai-slowdown/;https://blog.talosintelligence.com/sorry-i-cant-help-with-that-how-your-guardrails-might-become-the-attackers-best-friend/;https://blog.talosintelligence.com/the-story-behind-the-intelligence/,2026-08-27T18:00:24Z;2026-09-03T18:00:13Z;2026-09-17T18:00:23Z,2026-09-03T18:02:22Z;2026-09-09T19:22:24Z;2026-09-17T18:00:23Z,,,2026-09-20T13:00:00.081404Z,94,7,15,90,80,180,180,30,30,,,False,3,NEW,"[{""organization"": ""Cisco Talos"", ""article_title"": ""Should you care about an “AI slowdown?”"", ""url"": ""https://blog.talosintelligence.com/should-you-care-about-an-ai-slowdown/"", ""published_at"": ""2026-09-17T18:00:23Z"", ""updated_at"": ""2026-09-17T18:00:23Z"", ""reliability"": 0.92}, {""organization"": ""Cisco Talos"", ""article_title"": ""The story behind the intelligence"", ""url"": ""https://blog.talosintelligence.com/the-story-behind-the-intelligence/"", ""published_at"": ""2026-09-03T18:00:13Z"", ""updated_at"": ""2026-09-09T19:22:24Z"", ""reliability"": 0.92}, {""organization"": ""Cisco Talos"", ""article_title"": ""“Sorry, I can’t help with that”: How your guardrails might become the attacker’s best friend"", ""url"": ""https://blog.talosintelligence.com/sorry-i-cant-help-with-that-how-your-guardrails-might-become-the-attackers-best-friend/"", ""published_at"": ""2026-08-27T18:00:24Z"", ""updated_at"": ""2026-09-03T18:02:22Z"", ""reliability"": 0.92}]"
40228af4d9a094f0fef2d7a303a3b6a689c4b4eba2fa9f7da5125b81d2d68ec8,sha256,The Machine With Many Faces: Post-Exploitation Identity Misuse in SPIFFE/SPIRE,,,,Palo Alto Networks Unit 42,The Machine With Many Faces: Post-Exploitation Identity Misuse in SPIFFE/SPIRE,https://unit42.paloaltonetworks.com/kubernetes-spiffe-spire-identity-spoofing/,2026-09-10T10:00:43Z,,,,2026-09-20T13:00:00.081404Z,74,6,12,90,81,180,180,30,30,,,False,1,NEW,"[{""organization"": ""Palo Alto Networks Unit 42"", ""article_title"": ""The Machine With Many Faces: Post-Exploitation Identity Misuse in SPIFFE/SPIRE"", ""url"": ""https://unit42.paloaltonetworks.com/kubernetes-spiffe-spire-identity-spoofing/"", ""published_at"": ""2026-09-10T10:00:43Z"", ""updated_at"": null, ""reliability"": 0.92}]"
406647de09a0ffa279756b4ccb344b1b76a333320c5b50fd367901fa006cf0ff,sha256,Kimwolf v7: An Evolution of the Kimwolf Botnet,,,,Palo Alto Networks Unit 42,Kimwolf v7: An Evolution of the Kimwolf Botnet,https://unit42.paloaltonetworks.com/kimwolf-v7-botnet-malware/,2026-08-11T10:00:16Z,2026-08-19T12:03:26Z,,,2026-09-20T13:00:00.081404Z,74,6,8,90,62,180,180,30,30,,,False,1,NEW,"[{""organization"": ""Palo Alto Networks Unit 42"", ""article_title"": ""Kimwolf v7: An Evolution of the Kimwolf Botnet"", ""url"": ""https://unit42.paloaltonetworks.com/kimwolf-v7-botnet-malware/"", ""published_at"": ""2026-08-11T10:00:16Z"", ""updated_at"": ""2026-08-19T12:03:26Z"", ""reliability"": 0.92}]"
421111a57b0a4224c052fa4108d90429d579974b5b5111ed2e58516ba09422ca,sha256,Kimwolf v7: An Evolution of the Kimwolf Botnet,,,,Palo Alto Networks Unit 42,Kimwolf v7: An Evolution of the Kimwolf Botnet,https://unit42.paloaltonetworks.com/kimwolf-v7-botnet-malware/,2026-08-11T10:00:16Z,2026-08-19T12:03:26Z,,,2026-09-20T13:00:00.081404Z,74,6,8,90,62,180,180,30,30,,,False,1,NEW,"[{""organization"": ""Palo Alto Networks Unit 42"", ""article_title"": ""Kimwolf v7: An Evolution of the Kimwolf Botnet"", ""url"": ""https://unit42.paloaltonetworks.com/kimwolf-v7-botnet-malware/"", ""published_at"": ""2026-08-11T10:00:16Z"", ""updated_at"": ""2026-08-19T12:03:26Z"", ""reliability"": 0.92}]"
4504006d1911057be42435d4625f03d83c4d0b7b6898d14beb9cdeba6cf667b9,sha256,Atomic macOS (AMOS) Stealer Activity,,,,Palo Alto Networks Unit 42,Atomic macOS (AMOS) Stealer Activity,https://unit42.paloaltonetworks.com/atomic-macos-amos-stealer-activity/,2026-09-16T10:00:06Z,2026-09-16T16:50:27Z,,,2026-09-20T13:00:00.081404Z,74,7,15,90,70,180,180,30,30,,,False,1,NEW,"[{""organization"": ""Palo Alto Networks Unit 42"", ""article_title"": ""Atomic macOS (AMOS) Stealer Activity"", ""url"": ""https://unit42.paloaltonetworks.com/atomic-macos-amos-stealer-activity/"", ""published_at"": ""2026-09-16T10:00:06Z"", ""updated_at"": ""2026-09-16T16:50:27Z"", ""reliability"": 0.92}]"
46ac289ce0c13666de616446f5d5a68da8bd150f4f065c3bec02f63776d3899c,sha256,Attackers Expose Ongoing AI Tool Use Targeting Organizations in Latin America,,,,Palo Alto Networks Unit 42,Attackers Expose Ongoing AI Tool Use Targeting Organizations in Latin America,https://unit42.paloaltonetworks.com/ai-tool-use-targeting-latam-orgs/,2026-09-03T10:00:58Z,,,,2026-09-20T13:00:00.081404Z,74,6,12,90,66,180,180,30,30,,,False,1,NEW,"[{""organization"": ""Palo Alto Networks Unit 42"", ""article_title"": ""Attackers Expose Ongoing AI Tool Use Targeting Organizations in Latin America"", ""url"": ""https://unit42.paloaltonetworks.com/ai-tool-use-targeting-latam-orgs/"", ""published_at"": ""2026-09-03T10:00:58Z"", ""updated_at"": null, ""reliability"": 0.92}]"
4cfdcae6dd1d6d98b870c8f0654d504f2bf10479a117dc297de789c249dc389d,sha256,Impersonating IT support: how threat actors turn a remote session into enterprise-wide access | Microsoft Security Blog,,,,Microsoft Threat Intelligence,Impersonating IT support: how threat actors turn a remote session into enterprise-wide access | Microsoft Security Blog,https://www.microsoft.com/en-us/security/blog/2026/09/02/impersonating-it-support-threat-actors-turn-remote-session-into-enterprise-wide-access/,2026-09-02T22:51:18Z,2026-09-02T22:51:21Z,,,2026-09-20T13:00:00.081404Z,77,8,12,90,69,180,180,30,30,,,False,1,NEW,"[{""organization"": ""Microsoft Threat Intelligence"", ""article_title"": ""Impersonating IT support: how threat actors turn a remote session into enterprise-wide access | Microsoft Security Blog"", ""url"": ""https://www.microsoft.com/en-us/security/blog/2026/09/02/impersonating-it-support-threat-actors-turn-remote-session-into-enterprise-wide-access/"", ""published_at"": ""2026-09-02T22:51:18Z"", ""updated_at"": ""2026-09-02T22:51:21Z"", ""reliability"": 0.96}]"
4e218e70afdbb116209ec0ebe8fc556e296e69648aa4e0425b83c0e863a8fee5,sha256,Attackers Expose Ongoing AI Tool Use Targeting Organizations in Latin America,,,,Palo Alto Networks Unit 42,Attackers Expose Ongoing AI Tool Use Targeting Organizations in Latin America,https://unit42.paloaltonetworks.com/ai-tool-use-targeting-latam-orgs/,2026-09-03T10:00:58Z,,,,2026-09-20T13:00:00.081404Z,74,6,12,90,66,180,180,30,30,,,False,1,NEW,"[{""organization"": ""Palo Alto Networks Unit 42"", ""article_title"": ""Attackers Expose Ongoing AI Tool Use Targeting Organizations in Latin America"", ""url"": ""https://unit42.paloaltonetworks.com/ai-tool-use-targeting-latam-orgs/"", ""published_at"": ""2026-09-03T10:00:58Z"", ""updated_at"": null, ""reliability"": 0.92}]"
4fb58687a364c3f6d6f7e0ca03654f9dec0f8832a499d61d40b0d424db1b1b14,sha256,The State of AI-Enabled Malware August 2026: From Brand Abuse to Agentic Execution,,,,Palo Alto Networks Unit 42,The State of AI-Enabled Malware August 2026: From Brand Abuse to Agentic Execution,https://unit42.paloaltonetworks.com/ai-enabled-malware-analysis/,2026-08-25T10:00:57Z,,,,2026-09-20T13:00:00.081404Z,74,7,12,90,67,180,180,30,30,,,False,1,NEW,"[{""organization"": ""Palo Alto Networks Unit 42"", ""article_title"": ""The State of AI-Enabled Malware August 2026: From Brand Abuse to Agentic Execution"", ""url"": ""https://unit42.paloaltonetworks.com/ai-enabled-malware-analysis/"", ""published_at"": ""2026-08-25T10:00:57Z"", ""updated_at"": null, ""reliability"": 0.92}]"
5226ea8e0f516565ba825a1bbed10020982c16414750237068b602c5b4ac6abd,sha256,The State of AI-Enabled Malware August 2026: From Brand Abuse to Agentic Execution,,,,Palo Alto Networks Unit 42,The State of AI-Enabled Malware August 2026: From Brand Abuse to Agentic Execution,https://unit42.paloaltonetworks.com/ai-enabled-malware-analysis/,2026-08-25T10:00:57Z,,,,2026-09-20T13:00:00.081404Z,74,7,12,90,67,180,180,30,30,,,False,1,NEW,"[{""organization"": ""Palo Alto Networks Unit 42"", ""article_title"": ""The State of AI-Enabled Malware August 2026: From Brand Abuse to Agentic Execution"", ""url"": ""https://unit42.paloaltonetworks.com/ai-enabled-malware-analysis/"", ""published_at"": ""2026-08-25T10:00:57Z"", ""updated_at"": null, ""reliability"": 0.92}]"
553ce594c9c6afdd4794fddc28c194e3bc3c1b052310e5099c58ac15bab72104,sha256,Untracked Nightmares: The Threats Hiding Behind Commodity Infrastructure,,,,Palo Alto Networks Unit 42,Untracked Nightmares: The Threats Hiding Behind Commodity Infrastructure,https://unit42.paloaltonetworks.com/ppi-network-malware-campaign-analysis/,2026-09-09T10:00:55Z,,,,2026-09-20T13:00:00.081404Z,74,6,12,90,66,180,180,30,30,,,False,1,NEW,"[{""organization"": ""Palo Alto Networks Unit 42"", ""article_title"": ""Untracked Nightmares: The Threats Hiding Behind Commodity Infrastructure"", ""url"": ""https://unit42.paloaltonetworks.com/ppi-network-malware-campaign-analysis/"", ""published_at"": ""2026-09-09T10:00:55Z"", ""updated_at"": null, ""reliability"": 0.92}]"
5bb86c1cd08fe5e1516cba35c85fc03e503bd1b5469113ffa1f1b9e10897f811,sha256,"We've got one word for it, and it's usually the wrong one",,,,Cisco Talos,"We've got one word for it, and it's usually the wrong one",https://blog.talosintelligence.com/weve-got-one-word-for-it-and-its-usually-the-wrong-one/,2026-09-10T18:00:15Z,2026-09-10T18:00:15Z,,,2026-09-20T13:00:00.081404Z,74,7,12,90,82,180,180,30,30,,,False,1,NEW,"[{""organization"": ""Cisco Talos"", ""article_title"": ""We've got one word for it, and it's usually the wrong one"", ""url"": ""https://blog.talosintelligence.com/weve-got-one-word-for-it-and-its-usually-the-wrong-one/"", ""published_at"": ""2026-09-10T18:00:15Z"", ""updated_at"": ""2026-09-10T18:00:15Z"", ""reliability"": 0.92}]"
608e70d1338612686917ee5cd300ff7ed8e318dfd787a50257f92142e99bd688,sha256,Atomic macOS (AMOS) Stealer Activity,,,,Palo Alto Networks Unit 42,Atomic macOS (AMOS) Stealer Activity,https://unit42.paloaltonetworks.com/atomic-macos-amos-stealer-activity/,2026-09-16T10:00:06Z,2026-09-16T16:50:27Z,,,2026-09-20T13:00:00.081404Z,74,7,15,90,70,180,180,30,30,,,False,1,NEW,"[{""organization"": ""Palo Alto Networks Unit 42"", ""article_title"": ""Atomic macOS (AMOS) Stealer Activity"", ""url"": ""https://unit42.paloaltonetworks.com/atomic-macos-amos-stealer-activity/"", ""published_at"": ""2026-09-16T10:00:06Z"", ""updated_at"": ""2026-09-16T16:50:27Z"", ""reliability"": 0.92}]"
62d49d0c78207ec2452cc8a30501db771c9edbae89889e41a7dd227551243e8e,sha256,Untracked Nightmares: The Threats Hiding Behind Commodity Infrastructure,,,,Palo Alto Networks Unit 42,Untracked Nightmares: The Threats Hiding Behind Commodity Infrastructure,https://unit42.paloaltonetworks.com/ppi-network-malware-campaign-analysis/,2026-09-09T10:00:55Z,,,,2026-09-20T13:00:00.081404Z,74,6,12,90,66,180,180,30,30,,,False,1,NEW,"[{""organization"": ""Palo Alto Networks Unit 42"", ""article_title"": ""Untracked Nightmares: The Threats Hiding Behind Commodity Infrastructure"", ""url"": ""https://unit42.paloaltonetworks.com/ppi-network-malware-campaign-analysis/"", ""published_at"": ""2026-09-09T10:00:55Z"", ""updated_at"": null, ""reliability"": 0.92}]"
643ef35536ff9273fb84b8504467b1a5645cd3ffd5476d64b99244b02131b205,sha256,"ClearFake WebDAV infection chain delivers Amatera stealer, ZigCryptoStealer, and NetSupport Manager",,,,Cisco Talos,"ClearFake WebDAV infection chain delivers Amatera stealer, ZigCryptoStealer, and NetSupport Manager",https://blog.talosintelligence.com/clearfake-webdav-infection-chain/,2026-09-08T10:01:07Z,2026-09-10T09:03:00Z,,,2026-09-20T13:00:00.081404Z,74,6,12,90,66,180,180,30,30,,,False,1,NEW,"[{""organization"": ""Cisco Talos"", ""article_title"": ""ClearFake WebDAV infection chain delivers Amatera stealer, ZigCryptoStealer, and NetSupport Manager"", ""url"": ""https://blog.talosintelligence.com/clearfake-webdav-infection-chain/"", ""published_at"": ""2026-09-08T10:01:07Z"", ""updated_at"": ""2026-09-10T09:03:00Z"", ""reliability"": 0.92}]"
66dbf939c00b09d8d22c692864b68c4a602e7a59c4b925b2e2bef57b1ad047bd,sha256,The State of AI-Enabled Malware August 2026: From Brand Abuse to Agentic Execution,,,,Palo Alto Networks Unit 42,The State of AI-Enabled Malware August 2026: From Brand Abuse to Agentic Execution,https://unit42.paloaltonetworks.com/ai-enabled-malware-analysis/,2026-08-25T10:00:57Z,,,,2026-09-20T13:00:00.081404Z,74,7,12,90,67,180,180,30,30,,,False,1,NEW,"[{""organization"": ""Palo Alto Networks Unit 42"", ""article_title"": ""The State of AI-Enabled Malware August 2026: From Brand Abuse to Agentic Execution"", ""url"": ""https://unit42.paloaltonetworks.com/ai-enabled-malware-analysis/"", ""published_at"": ""2026-08-25T10:00:57Z"", ""updated_at"": null, ""reliability"": 0.92}]"
676a2a7b94ca2f8ec76352ee656e4d075bb342bd7ad6efbc7c19c060001eace7,sha256,Counterfeit installers to system compromise: Tracking a deceptive software download campaign | Microsoft Security Blog,,,,Microsoft Threat Intelligence,Counterfeit installers to system compromise: Tracking a deceptive software download campaign | Microsoft Security Blog,https://www.microsoft.com/en-us/security/blog/2026/09/01/counterfeit-installers-system-compromise-tracking-deceptive-software-download-campaign/,2026-09-01T22:48:28Z,2026-09-01T22:48:42Z,,,2026-09-20T13:00:00.081404Z,77,6,12,90,67,180,180,30,30,,,False,1,NEW,"[{""organization"": ""Microsoft Threat Intelligence"", ""article_title"": ""Counterfeit installers to system compromise: Tracking a deceptive software download campaign | Microsoft Security Blog"", ""url"": ""https://www.microsoft.com/en-us/security/blog/2026/09/01/counterfeit-installers-system-compromise-tracking-deceptive-software-download-campaign/"", ""published_at"": ""2026-09-01T22:48:28Z"", ""updated_at"": ""2026-09-01T22:48:42Z"", ""reliability"": 0.96}]"
69e10e0cb7bb2137ebea12971adb02c662cf5543a4f8c9530812bcbf7b183a23,sha256,Impersonating IT support: how threat actors turn a remote session into enterprise-wide access | Microsoft Security Blog,,,,Microsoft Threat Intelligence,Impersonating IT support: how threat actors turn a remote session into enterprise-wide access | Microsoft Security Blog,https://www.microsoft.com/en-us/security/blog/2026/09/02/impersonating-it-support-threat-actors-turn-remote-session-into-enterprise-wide-access/,2026-09-02T22:51:18Z,2026-09-02T22:51:21Z,,,2026-09-20T13:00:00.081404Z,77,8,12,90,69,180,180,30,30,,,False,1,NEW,"[{""organization"": ""Microsoft Threat Intelligence"", ""article_title"": ""Impersonating IT support: how threat actors turn a remote session into enterprise-wide access | Microsoft Security Blog"", ""url"": ""https://www.microsoft.com/en-us/security/blog/2026/09/02/impersonating-it-support-threat-actors-turn-remote-session-into-enterprise-wide-access/"", ""published_at"": ""2026-09-02T22:51:18Z"", ""updated_at"": ""2026-09-02T22:51:21Z"", ""reliability"": 0.96}]"
6bfcdb4920383375b7e519918df7eb4db751b974b5571a15ce66b82478012620,sha256,Atomic macOS (AMOS) Stealer Activity,,,,Palo Alto Networks Unit 42,Atomic macOS (AMOS) Stealer Activity,https://unit42.paloaltonetworks.com/atomic-macos-amos-stealer-activity/,2026-09-16T10:00:06Z,2026-09-16T16:50:27Z,,,2026-09-20T13:00:00.081404Z,74,7,15,90,70,180,180,30,30,,,False,1,NEW,"[{""organization"": ""Palo Alto Networks Unit 42"", ""article_title"": ""Atomic macOS (AMOS) Stealer Activity"", ""url"": ""https://unit42.paloaltonetworks.com/atomic-macos-amos-stealer-activity/"", ""published_at"": ""2026-09-16T10:00:06Z"", ""updated_at"": ""2026-09-16T16:50:27Z"", ""reliability"": 0.92}]"
6d6ba2bc9ad414837826f7278bc3e0116f1aeda02d0c2284ed65819f5d9180a8,sha256,Counterfeit installers to system compromise: Tracking a deceptive software download campaign | Microsoft Security Blog,,,,Microsoft Threat Intelligence,Counterfeit installers to system compromise: Tracking a deceptive software download campaign | Microsoft Security Blog,https://www.microsoft.com/en-us/security/blog/2026/09/01/counterfeit-installers-system-compromise-tracking-deceptive-software-download-campaign/,2026-09-01T22:48:28Z,2026-09-01T22:48:42Z,,,2026-09-20T13:00:00.081404Z,77,6,12,90,67,180,180,30,30,,,False,1,NEW,"[{""organization"": ""Microsoft Threat Intelligence"", ""article_title"": ""Counterfeit installers to system compromise: Tracking a deceptive software download campaign | Microsoft Security Blog"", ""url"": ""https://www.microsoft.com/en-us/security/blog/2026/09/01/counterfeit-installers-system-compromise-tracking-deceptive-software-download-campaign/"", ""published_at"": ""2026-09-01T22:48:28Z"", ""updated_at"": ""2026-09-01T22:48:42Z"", ""reliability"": 0.96}]"
6f98add5d1a7729192b6ad8491d85c505c64836f7881742d6b93bd8e3d2fe461,sha256,Active exploitation of Cisco Secure Firewall Management Center vulnerabilities,,,,Cisco Talos,Active exploitation of Cisco Secure Firewall Management Center vulnerabilities,https://blog.talosintelligence.com/fmc-ongoing-exploitation/,2026-09-09T16:08:59Z,2026-09-10T17:04:27Z,,,2026-09-20T13:00:00.081404Z,74,9,12,90,84,180,180,30,30,,,False,1,NEW,"[{""organization"": ""Cisco Talos"", ""article_title"": ""Active exploitation of Cisco Secure Firewall Management Center vulnerabilities"", ""url"": ""https://blog.talosintelligence.com/fmc-ongoing-exploitation/"", ""published_at"": ""2026-09-09T16:08:59Z"", ""updated_at"": ""2026-09-10T17:04:27Z"", ""reliability"": 0.92}]"
71781ad8adefb499aee9bcbe1a166e69ccc37a47066682f617d65c76d8cde88c,sha256,Atomic macOS (AMOS) Stealer Activity,,,,Palo Alto Networks Unit 42,Atomic macOS (AMOS) Stealer Activity,https://unit42.paloaltonetworks.com/atomic-macos-amos-stealer-activity/,2026-09-16T10:00:06Z,2026-09-16T16:50:27Z,,,2026-09-20T13:00:00.081404Z,74,7,15,90,70,180,180,30,30,,,False,1,NEW,"[{""organization"": ""Palo Alto Networks Unit 42"", ""article_title"": ""Atomic macOS (AMOS) Stealer Activity"", ""url"": ""https://unit42.paloaltonetworks.com/atomic-macos-amos-stealer-activity/"", ""published_at"": ""2026-09-16T10:00:06Z"", ""updated_at"": ""2026-09-16T16:50:27Z"", ""reliability"": 0.92}]"
7d766942ef34542cee39c852286599958c4c2e23187010c4d38dbf88fcb40bf8,sha256,Attackers Expose Ongoing AI Tool Use Targeting Organizations in Latin America,,,,Palo Alto Networks Unit 42,Attackers Expose Ongoing AI Tool Use Targeting Organizations in Latin America,https://unit42.paloaltonetworks.com/ai-tool-use-targeting-latam-orgs/,2026-09-03T10:00:58Z,,,,2026-09-20T13:00:00.081404Z,74,6,12,90,66,180,180,30,30,,,False,1,NEW,"[{""organization"": ""Palo Alto Networks Unit 42"", ""article_title"": ""Attackers Expose Ongoing AI Tool Use Targeting Organizations in Latin America"", ""url"": ""https://unit42.paloaltonetworks.com/ai-tool-use-targeting-latam-orgs/"", ""published_at"": ""2026-09-03T10:00:58Z"", ""updated_at"": null, ""reliability"": 0.92}]"
7e1e73513947053f6ee40746fc498b1fb4f285cf175fa8336f08a38e209bda38,sha256,The Machine With Many Faces: Post-Exploitation Identity Misuse in SPIFFE/SPIRE,,,,Palo Alto Networks Unit 42,The Machine With Many Faces: Post-Exploitation Identity Misuse in SPIFFE/SPIRE,https://unit42.paloaltonetworks.com/kubernetes-spiffe-spire-identity-spoofing/,2026-09-10T10:00:43Z,,,,2026-09-20T13:00:00.081404Z,74,6,12,90,81,180,180,30,30,,,False,1,NEW,"[{""organization"": ""Palo Alto Networks Unit 42"", ""article_title"": ""The Machine With Many Faces: Post-Exploitation Identity Misuse in SPIFFE/SPIRE"", ""url"": ""https://unit42.paloaltonetworks.com/kubernetes-spiffe-spire-identity-spoofing/"", ""published_at"": ""2026-09-10T10:00:43Z"", ""updated_at"": null, ""reliability"": 0.92}]"
7ea6ff8b12c59aaae1ab6f4f5a57045dad5a8127954f3ffd3d1c154d40d7ca3a,sha256,Atomic macOS (AMOS) Stealer Activity,,,,Palo Alto Networks Unit 42,Atomic macOS (AMOS) Stealer Activity,https://unit42.paloaltonetworks.com/atomic-macos-amos-stealer-activity/,2026-09-16T10:00:06Z,2026-09-16T16:50:27Z,,,2026-09-20T13:00:00.081404Z,74,7,15,90,70,180,180,30,30,,,False,1,NEW,"[{""organization"": ""Palo Alto Networks Unit 42"", ""article_title"": ""Atomic macOS (AMOS) Stealer Activity"", ""url"": ""https://unit42.paloaltonetworks.com/atomic-macos-amos-stealer-activity/"", ""published_at"": ""2026-09-16T10:00:06Z"", ""updated_at"": ""2026-09-16T16:50:27Z"", ""reliability"": 0.92}]"
7f792c45de1e28fd42ac44c9444f157a2161742d130bac336c0e991aabbb112c,sha256,Untracked Nightmares: The Threats Hiding Behind Commodity Infrastructure,,,,Palo Alto Networks Unit 42,Untracked Nightmares: The Threats Hiding Behind Commodity Infrastructure,https://unit42.paloaltonetworks.com/ppi-network-malware-campaign-analysis/,2026-09-09T10:00:55Z,,,,2026-09-20T13:00:00.081404Z,74,6,12,90,66,180,180,30,30,,,False,1,NEW,"[{""organization"": ""Palo Alto Networks Unit 42"", ""article_title"": ""Untracked Nightmares: The Threats Hiding Behind Commodity Infrastructure"", ""url"": ""https://unit42.paloaltonetworks.com/ppi-network-malware-campaign-analysis/"", ""published_at"": ""2026-09-09T10:00:55Z"", ""updated_at"": null, ""reliability"": 0.92}]"
8242443dfcec66e3fe04cbfa2fbd211ad34065ee07aa93813d792a437caab212,sha256,Kimwolf v7: An Evolution of the Kimwolf Botnet,,,,Palo Alto Networks Unit 42,Kimwolf v7: An Evolution of the Kimwolf Botnet,https://unit42.paloaltonetworks.com/kimwolf-v7-botnet-malware/,2026-08-11T10:00:16Z,2026-08-19T12:03:26Z,,,2026-09-20T13:00:00.081404Z,74,6,8,90,62,180,180,30,30,,,False,1,NEW,"[{""organization"": ""Palo Alto Networks Unit 42"", ""article_title"": ""Kimwolf v7: An Evolution of the Kimwolf Botnet"", ""url"": ""https://unit42.paloaltonetworks.com/kimwolf-v7-botnet-malware/"", ""published_at"": ""2026-08-11T10:00:16Z"", ""updated_at"": ""2026-08-19T12:03:26Z"", ""reliability"": 0.92}]"
87bf8bc8b4a2cf34f0af1afe161f123a3d200e77f6c6f41b81bf6ae66ee172ec,sha256,Attackers Expose Ongoing AI Tool Use Targeting Organizations in Latin America,,,,Palo Alto Networks Unit 42,Attackers Expose Ongoing AI Tool Use Targeting Organizations in Latin America,https://unit42.paloaltonetworks.com/ai-tool-use-targeting-latam-orgs/,2026-09-03T10:00:58Z,,,,2026-09-20T13:00:00.081404Z,74,6,12,90,66,180,180,30,30,,,False,1,NEW,"[{""organization"": ""Palo Alto Networks Unit 42"", ""article_title"": ""Attackers Expose Ongoing AI Tool Use Targeting Organizations in Latin America"", ""url"": ""https://unit42.paloaltonetworks.com/ai-tool-use-targeting-latam-orgs/"", ""published_at"": ""2026-09-03T10:00:58Z"", ""updated_at"": null, ""reliability"": 0.92}]"
90b1456cdbe6bc2779ea0b4736ed9a998a71ae37390331b6ba87e389a49d3d59,sha256,"We've got one word for it, and it's usually the wrong one",,,,Cisco Talos,"Is Cyber missing the Marque?;We've got one word for it, and it's usually the wrong one",https://blog.talosintelligence.com/is-cyber-missing-the-marque/;https://blog.talosintelligence.com/weve-got-one-word-for-it-and-its-usually-the-wrong-one/,2026-08-20T18:00:18Z;2026-09-10T18:00:15Z,2026-08-27T18:02:59Z;2026-09-10T18:00:15Z,,,2026-09-20T13:00:00.081404Z,84,7,12,90,87,180,180,30,30,,,False,2,NEW,"[{""organization"": ""Cisco Talos"", ""article_title"": ""We've got one word for it, and it's usually the wrong one"", ""url"": ""https://blog.talosintelligence.com/weve-got-one-word-for-it-and-its-usually-the-wrong-one/"", ""published_at"": ""2026-09-10T18:00:15Z"", ""updated_at"": ""2026-09-10T18:00:15Z"", ""reliability"": 0.92}, {""organization"": ""Cisco Talos"", ""article_title"": ""Is Cyber missing the Marque?"", ""url"": ""https://blog.talosintelligence.com/is-cyber-missing-the-marque/"", ""published_at"": ""2026-08-20T18:00:18Z"", ""updated_at"": ""2026-08-27T18:02:59Z"", ""reliability"": 0.92}]"
9470c68f9b6fe5f90d61891b95623afd7b4298815b0f95e25610e1c09008dc24,sha256,Kimwolf v7: An Evolution of the Kimwolf Botnet,,,,Palo Alto Networks Unit 42,Kimwolf v7: An Evolution of the Kimwolf Botnet,https://unit42.paloaltonetworks.com/kimwolf-v7-botnet-malware/,2026-08-11T10:00:16Z,2026-08-19T12:03:26Z,,,2026-09-20T13:00:00.081404Z,74,6,8,90,62,180,180,30,30,,,False,1,NEW,"[{""organization"": ""Palo Alto Networks Unit 42"", ""article_title"": ""Kimwolf v7: An Evolution of the Kimwolf Botnet"", ""url"": ""https://unit42.paloaltonetworks.com/kimwolf-v7-botnet-malware/"", ""published_at"": ""2026-08-11T10:00:16Z"", ""updated_at"": ""2026-08-19T12:03:26Z"", ""reliability"": 0.92}]"
951c94809aa6c7ab587125f9d4df30fa6a49ee0cbba76a4b7ceedaaa0e5dcd36,sha256,Kimwolf v7: An Evolution of the Kimwolf Botnet,,,,Palo Alto Networks Unit 42,Kimwolf v7: An Evolution of the Kimwolf Botnet,https://unit42.paloaltonetworks.com/kimwolf-v7-botnet-malware/,2026-08-11T10:00:16Z,2026-08-19T12:03:26Z,,,2026-09-20T13:00:00.081404Z,74,6,8,90,62,180,180,30,30,,,False,1,NEW,"[{""organization"": ""Palo Alto Networks Unit 42"", ""article_title"": ""Kimwolf v7: An Evolution of the Kimwolf Botnet"", ""url"": ""https://unit42.paloaltonetworks.com/kimwolf-v7-botnet-malware/"", ""published_at"": ""2026-08-11T10:00:16Z"", ""updated_at"": ""2026-08-19T12:03:26Z"", ""reliability"": 0.92}]"
9896a6fcb9bb5ac1ec5297b4a65be3f647589adf7c37b45f3f7466decd6a4a7f,sha256,Should you care about an “AI slowdown?”,,,,Cisco Talos,"Should you care about an “AI slowdown?”;The story behind the intelligence;We've got one word for it, and it's usually the wrong one;“Sorry, I can’t help with that”: How your guardrails might become the attacker’s best friend",https://blog.talosintelligence.com/should-you-care-about-an-ai-slowdown/;https://blog.talosintelligence.com/sorry-i-cant-help-with-that-how-your-guardrails-might-become-the-attackers-best-friend/;https://blog.talosintelligence.com/the-story-behind-the-intelligence/;https://blog.talosintelligence.com/weve-got-one-word-for-it-and-its-usually-the-wrong-one/,2026-08-27T18:00:24Z;2026-09-03T18:00:13Z;2026-09-10T18:00:15Z;2026-09-17T18:00:23Z,2026-09-03T18:02:22Z;2026-09-09T19:22:24Z;2026-09-10T18:00:15Z;2026-09-17T18:00:23Z,,,2026-09-20T13:00:00.081404Z,94,7,15,90,95,180,180,30,30,,,False,4,NEW,"[{""organization"": ""Cisco Talos"", ""article_title"": ""Should you care about an “AI slowdown?”"", ""url"": ""https://blog.talosintelligence.com/should-you-care-about-an-ai-slowdown/"", ""published_at"": ""2026-09-17T18:00:23Z"", ""updated_at"": ""2026-09-17T18:00:23Z"", ""reliability"": 0.92}, {""organization"": ""Cisco Talos"", ""article_title"": ""We've got one word for it, and it's usually the wrong one"", ""url"": ""https://blog.talosintelligence.com/weve-got-one-word-for-it-and-its-usually-the-wrong-one/"", ""published_at"": ""2026-09-10T18:00:15Z"", ""updated_at"": ""2026-09-10T18:00:15Z"", ""reliability"": 0.92}, {""organization"": ""Cisco Talos"", ""article_title"": ""The story behind the intelligence"", ""url"": ""https://blog.talosintelligence.com/the-story-behind-the-intelligence/"", ""published_at"": ""2026-09-03T18:00:13Z"", ""updated_at"": ""2026-09-09T19:22:24Z"", ""reliability"": 0.92}, {""organization"": ""Cisco Talos"", ""article_title"": ""“Sorry, I can’t help with that”: How your guardrails might become the attacker’s best friend"", ""url"": ""https://blog.talosintelligence.com/sorry-i-cant-help-with-that-how-your-guardrails-might-become-the-attackers-best-friend/"", ""published_at"": ""2026-08-27T18:00:24Z"", ""updated_at"": ""2026-09-03T18:02:22Z"", ""reliability"": 0.92}]"
9b0d9cbc0fd4a7bae8b78a15dfbe63052779414ad725845732c4a0083008da69,sha256,Untracked Nightmares: The Threats Hiding Behind Commodity Infrastructure,,,,Palo Alto Networks Unit 42,Untracked Nightmares: The Threats Hiding Behind Commodity Infrastructure,https://unit42.paloaltonetworks.com/ppi-network-malware-campaign-analysis/,2026-09-09T10:00:55Z,,,,2026-09-20T13:00:00.081404Z,74,6,12,90,66,180,180,30,30,,,False,1,NEW,"[{""organization"": ""Palo Alto Networks Unit 42"", ""article_title"": ""Untracked Nightmares: The Threats Hiding Behind Commodity Infrastructure"", ""url"": ""https://unit42.paloaltonetworks.com/ppi-network-malware-campaign-analysis/"", ""published_at"": ""2026-09-09T10:00:55Z"", ""updated_at"": null, ""reliability"": 0.92}]"
9f1f11a708d393e0a4109ae189bc64f1f3e312653dcf317a2bd406f18ffcc507,sha256,Should you care about an “AI slowdown?”,,,,Cisco Talos,"Is Cyber missing the Marque?;Should you care about an “AI slowdown?”;The story behind the intelligence;We've got one word for it, and it's usually the wrong one;“Sorry, I can’t help with that”: How your guardrails might become the attacker’s best friend",https://blog.talosintelligence.com/is-cyber-missing-the-marque/;https://blog.talosintelligence.com/should-you-care-about-an-ai-slowdown/;https://blog.talosintelligence.com/sorry-i-cant-help-with-that-how-your-guardrails-might-become-the-attackers-best-friend/;https://blog.talosintelligence.com/the-story-behind-the-intelligence/;https://blog.talosintelligence.com/weve-got-one-word-for-it-and-its-usually-the-wrong-one/,2026-08-20T18:00:18Z;2026-08-27T18:00:24Z;2026-09-03T18:00:13Z;2026-09-10T18:00:15Z;2026-09-17T18:00:23Z,2026-08-27T18:02:59Z;2026-09-03T18:02:22Z;2026-09-09T19:22:24Z;2026-09-10T18:00:15Z;2026-09-17T18:00:23Z,,,2026-09-20T13:00:00.081404Z,94,7,15,90,95,180,180,30,30,,,False,5,NEW,"[{""organization"": ""Cisco Talos"", ""article_title"": ""Should you care about an “AI slowdown?”"", ""url"": ""https://blog.talosintelligence.com/should-you-care-about-an-ai-slowdown/"", ""published_at"": ""2026-09-17T18:00:23Z"", ""updated_at"": ""2026-09-17T18:00:23Z"", ""reliability"": 0.92}, {""organization"": ""Cisco Talos"", ""article_title"": ""We've got one word for it, and it's usually the wrong one"", ""url"": ""https://blog.talosintelligence.com/weve-got-one-word-for-it-and-its-usually-the-wrong-one/"", ""published_at"": ""2026-09-10T18:00:15Z"", ""updated_at"": ""2026-09-10T18:00:15Z"", ""reliability"": 0.92}, {""organization"": ""Cisco Talos"", ""article_title"": ""The story behind the intelligence"", ""url"": ""https://blog.talosintelligence.com/the-story-behind-the-intelligence/"", ""published_at"": ""2026-09-03T18:00:13Z"", ""updated_at"": ""2026-09-09T19:22:24Z"", ""reliability"": 0.92}, {""organization"": ""Cisco Talos"", ""article_title"": ""“Sorry, I can’t help with that”: How your guardrails might become the attacker’s best friend"", ""url"": ""https://blog.talosintelligence.com/sorry-i-cant-help-with-that-how-your-guardrails-might-become-the-attackers-best-friend/"", ""published_at"": ""2026-08-27T18:00:24Z"", ""updated_at"": ""2026-09-03T18:02:22Z"", ""reliability"": 0.92}, {""organization"": ""Cisco Talos"", ""article_title"": ""Is Cyber missing the Marque?"", ""url"": ""https://blog.talosintelligence.com/is-cyber-missing-the-marque/"", ""published_at"": ""2026-08-20T18:00:18Z"", ""updated_at"": ""2026-08-27T18:02:59Z"", ""reliability"": 0.92}]"
a135fe4df18c711097e69b4f27ea32a74a955160bf2fb12da841f21866d95d87,sha256,Impersonating IT support: how threat actors turn a remote session into enterprise-wide access | Microsoft Security Blog,,,,Microsoft Threat Intelligence,Impersonating IT support: how threat actors turn a remote session into enterprise-wide access | Microsoft Security Blog,https://www.microsoft.com/en-us/security/blog/2026/09/02/impersonating-it-support-threat-actors-turn-remote-session-into-enterprise-wide-access/,2026-09-02T22:51:18Z,2026-09-02T22:51:21Z,,,2026-09-20T13:00:00.081404Z,77,8,12,90,69,180,180,30,30,,,False,1,NEW,"[{""organization"": ""Microsoft Threat Intelligence"", ""article_title"": ""Impersonating IT support: how threat actors turn a remote session into enterprise-wide access | Microsoft Security Blog"", ""url"": ""https://www.microsoft.com/en-us/security/blog/2026/09/02/impersonating-it-support-threat-actors-turn-remote-session-into-enterprise-wide-access/"", ""published_at"": ""2026-09-02T22:51:18Z"", ""updated_at"": ""2026-09-02T22:51:21Z"", ""reliability"": 0.96}]"
a31f222fc283227f5e7988d1ad9c0aecd66d58bb7b4d8518ae23e110308dbf91,sha256,The story behind the intelligence,,,,Cisco Talos,"Is Cyber missing the Marque?;The story behind the intelligence;“Sorry, I can’t help with that”: How your guardrails might become the attacker’s best friend",https://blog.talosintelligence.com/is-cyber-missing-the-marque/;https://blog.talosintelligence.com/sorry-i-cant-help-with-that-how-your-guardrails-might-become-the-attackers-best-friend/;https://blog.talosintelligence.com/the-story-behind-the-intelligence/,2026-08-20T18:00:18Z;2026-08-27T18:00:24Z;2026-09-03T18:00:13Z,2026-08-27T18:02:59Z;2026-09-03T18:02:22Z;2026-09-09T19:22:24Z,,,2026-09-20T13:00:00.081404Z,94,7,12,90,92,180,180,30,30,,,False,3,NEW,"[{""organization"": ""Cisco Talos"", ""article_title"": ""The story behind the intelligence"", ""url"": ""https://blog.talosintelligence.com/the-story-behind-the-intelligence/"", ""published_at"": ""2026-09-03T18:00:13Z"", ""updated_at"": ""2026-09-09T19:22:24Z"", ""reliability"": 0.92}, {""organization"": ""Cisco Talos"", ""article_title"": ""“Sorry, I can’t help with that”: How your guardrails might become the attacker’s best friend"", ""url"": ""https://blog.talosintelligence.com/sorry-i-cant-help-with-that-how-your-guardrails-might-become-the-attackers-best-friend/"", ""published_at"": ""2026-08-27T18:00:24Z"", ""updated_at"": ""2026-09-03T18:02:22Z"", ""reliability"": 0.92}, {""organization"": ""Cisco Talos"", ""article_title"": ""Is Cyber missing the Marque?"", ""url"": ""https://blog.talosintelligence.com/is-cyber-missing-the-marque/"", ""published_at"": ""2026-08-20T18:00:18Z"", ""updated_at"": ""2026-08-27T18:02:59Z"", ""reliability"": 0.92}]"
a38b2cf8beff32a276eed8783723ecf8cc53d7dc88669e1b998dddc4db6fe996,sha256,Attackers Expose Ongoing AI Tool Use Targeting Organizations in Latin America,,,,Palo Alto Networks Unit 42,Attackers Expose Ongoing AI Tool Use Targeting Organizations in Latin America,https://unit42.paloaltonetworks.com/ai-tool-use-targeting-latam-orgs/,2026-09-03T10:00:58Z,,,,2026-09-20T13:00:00.081404Z,74,6,12,90,66,180,180,30,30,,,False,1,NEW,"[{""organization"": ""Palo Alto Networks Unit 42"", ""article_title"": ""Attackers Expose Ongoing AI Tool Use Targeting Organizations in Latin America"", ""url"": ""https://unit42.paloaltonetworks.com/ai-tool-use-targeting-latam-orgs/"", ""published_at"": ""2026-09-03T10:00:58Z"", ""updated_at"": null, ""reliability"": 0.92}]"
a4d145a6347e47d40b3ca48af5c6dba01bf019d0110e31a44bb70fc77d1d1676,sha256,Impersonating IT support: how threat actors turn a remote session into enterprise-wide access | Microsoft Security Blog,,,,Microsoft Threat Intelligence,Impersonating IT support: how threat actors turn a remote session into enterprise-wide access | Microsoft Security Blog,https://www.microsoft.com/en-us/security/blog/2026/09/02/impersonating-it-support-threat-actors-turn-remote-session-into-enterprise-wide-access/,2026-09-02T22:51:18Z,2026-09-02T22:51:21Z,,,2026-09-20T13:00:00.081404Z,77,8,12,90,69,180,180,30,30,,,False,1,NEW,"[{""organization"": ""Microsoft Threat Intelligence"", ""article_title"": ""Impersonating IT support: how threat actors turn a remote session into enterprise-wide access | Microsoft Security Blog"", ""url"": ""https://www.microsoft.com/en-us/security/blog/2026/09/02/impersonating-it-support-threat-actors-turn-remote-session-into-enterprise-wide-access/"", ""published_at"": ""2026-09-02T22:51:18Z"", ""updated_at"": ""2026-09-02T22:51:21Z"", ""reliability"": 0.96}]"
a598fcdcd49247312861ff90c16cb4a5d49fede6072e30e7416dd276668fa2a9,sha256,Atomic macOS (AMOS) Stealer Activity,,,,Palo Alto Networks Unit 42,Atomic macOS (AMOS) Stealer Activity,https://unit42.paloaltonetworks.com/atomic-macos-amos-stealer-activity/,2026-09-16T10:00:06Z,2026-09-16T16:50:27Z,,,2026-09-20T13:00:00.081404Z,74,7,15,90,70,180,180,30,30,,,False,1,NEW,"[{""organization"": ""Palo Alto Networks Unit 42"", ""article_title"": ""Atomic macOS (AMOS) Stealer Activity"", ""url"": ""https://unit42.paloaltonetworks.com/atomic-macos-amos-stealer-activity/"", ""published_at"": ""2026-09-16T10:00:06Z"", ""updated_at"": ""2026-09-16T16:50:27Z"", ""reliability"": 0.92}]"
aaebc8c07de485be6d1bfa956668c5e18aa1ff5588dfe84672e20ae90b4560f1,sha256,Untracked Nightmares: The Threats Hiding Behind Commodity Infrastructure,,,,Palo Alto Networks Unit 42,Untracked Nightmares: The Threats Hiding Behind Commodity Infrastructure,https://unit42.paloaltonetworks.com/ppi-network-malware-campaign-analysis/,2026-09-09T10:00:55Z,,,,2026-09-20T13:00:00.081404Z,74,6,12,90,66,180,180,30,30,,,False,1,NEW,"[{""organization"": ""Palo Alto Networks Unit 42"", ""article_title"": ""Untracked Nightmares: The Threats Hiding Behind Commodity Infrastructure"", ""url"": ""https://unit42.paloaltonetworks.com/ppi-network-malware-campaign-analysis/"", ""published_at"": ""2026-09-09T10:00:55Z"", ""updated_at"": null, ""reliability"": 0.92}]"
b037f45e02a289325a1a5eb0d4db6a9fce9954fd0fdfd07162cb4eb2acbef77d,sha256,Active exploitation of Cisco Secure Firewall Management Center vulnerabilities,,,,Cisco Talos,Active exploitation of Cisco Secure Firewall Management Center vulnerabilities,https://blog.talosintelligence.com/fmc-ongoing-exploitation/,2026-09-09T16:08:59Z,2026-09-10T17:04:27Z,,,2026-09-20T13:00:00.081404Z,74,9,12,90,84,180,180,30,30,,,False,1,NEW,"[{""organization"": ""Cisco Talos"", ""article_title"": ""Active exploitation of Cisco Secure Firewall Management Center vulnerabilities"", ""url"": ""https://blog.talosintelligence.com/fmc-ongoing-exploitation/"", ""published_at"": ""2026-09-09T16:08:59Z"", ""updated_at"": ""2026-09-10T17:04:27Z"", ""reliability"": 0.92}]"
b1ef7b267d887e34bf0242a94b38e7dc9fd5e6f8b2c5c440ce4ec98cc74642fb,sha256,The State of AI-Enabled Malware August 2026: From Brand Abuse to Agentic Execution,,,,Palo Alto Networks Unit 42,The State of AI-Enabled Malware August 2026: From Brand Abuse to Agentic Execution,https://unit42.paloaltonetworks.com/ai-enabled-malware-analysis/,2026-08-25T10:00:57Z,,,,2026-09-20T13:00:00.081404Z,74,7,12,90,67,180,180,30,30,,,False,1,NEW,"[{""organization"": ""Palo Alto Networks Unit 42"", ""article_title"": ""The State of AI-Enabled Malware August 2026: From Brand Abuse to Agentic Execution"", ""url"": ""https://unit42.paloaltonetworks.com/ai-enabled-malware-analysis/"", ""published_at"": ""2026-08-25T10:00:57Z"", ""updated_at"": null, ""reliability"": 0.92}]"
b367762140ae7f5098230b8a5da738c9241f286281ec9439dd6ca581fc87989c,sha256,Untracked Nightmares: The Threats Hiding Behind Commodity Infrastructure,,,,Palo Alto Networks Unit 42,Untracked Nightmares: The Threats Hiding Behind Commodity Infrastructure,https://unit42.paloaltonetworks.com/ppi-network-malware-campaign-analysis/,2026-09-09T10:00:55Z,,,,2026-09-20T13:00:00.081404Z,74,6,12,90,66,180,180,30,30,,,False,1,NEW,"[{""organization"": ""Palo Alto Networks Unit 42"", ""article_title"": ""Untracked Nightmares: The Threats Hiding Behind Commodity Infrastructure"", ""url"": ""https://unit42.paloaltonetworks.com/ppi-network-malware-campaign-analysis/"", ""published_at"": ""2026-09-09T10:00:55Z"", ""updated_at"": null, ""reliability"": 0.92}]"
bb932056cae8940742e50b4f2b994a802e703f7bc235e7dd647d085ae2b2baf7,sha256,The State of AI-Enabled Malware August 2026: From Brand Abuse to Agentic Execution,,,,Palo Alto Networks Unit 42,The State of AI-Enabled Malware August 2026: From Brand Abuse to Agentic Execution,https://unit42.paloaltonetworks.com/ai-enabled-malware-analysis/,2026-08-25T10:00:57Z,,,,2026-09-20T13:00:00.081404Z,74,7,12,90,67,180,180,30,30,,,False,1,NEW,"[{""organization"": ""Palo Alto Networks Unit 42"", ""article_title"": ""The State of AI-Enabled Malware August 2026: From Brand Abuse to Agentic Execution"", ""url"": ""https://unit42.paloaltonetworks.com/ai-enabled-malware-analysis/"", ""published_at"": ""2026-08-25T10:00:57Z"", ""updated_at"": null, ""reliability"": 0.92}]"
bd36f4c15fe0acb6748da5ed12e45dcc37d412385812c078d1e4f04730e9f69b,sha256,"ClearFake WebDAV infection chain delivers Amatera stealer, ZigCryptoStealer, and NetSupport Manager",,,,Cisco Talos,"ClearFake WebDAV infection chain delivers Amatera stealer, ZigCryptoStealer, and NetSupport Manager",https://blog.talosintelligence.com/clearfake-webdav-infection-chain/,2026-09-08T10:01:07Z,2026-09-10T09:03:00Z,,,2026-09-20T13:00:00.081404Z,74,6,12,90,66,180,180,30,30,,,False,1,NEW,"[{""organization"": ""Cisco Talos"", ""article_title"": ""ClearFake WebDAV infection chain delivers Amatera stealer, ZigCryptoStealer, and NetSupport Manager"", ""url"": ""https://blog.talosintelligence.com/clearfake-webdav-infection-chain/"", ""published_at"": ""2026-09-08T10:01:07Z"", ""updated_at"": ""2026-09-10T09:03:00Z"", ""reliability"": 0.92}]"
c233aec7917cf34294c19dd60ff79a6e0fac5ed6f0cb57af98013c08201a7a1c,sha256,The State of AI-Enabled Malware August 2026: From Brand Abuse to Agentic Execution,,,,Palo Alto Networks Unit 42,The State of AI-Enabled Malware August 2026: From Brand Abuse to Agentic Execution,https://unit42.paloaltonetworks.com/ai-enabled-malware-analysis/,2026-08-25T10:00:57Z,,,,2026-09-20T13:00:00.081404Z,74,7,12,90,67,180,180,30,30,,,False,1,NEW,"[{""organization"": ""Palo Alto Networks Unit 42"", ""article_title"": ""The State of AI-Enabled Malware August 2026: From Brand Abuse to Agentic Execution"", ""url"": ""https://unit42.paloaltonetworks.com/ai-enabled-malware-analysis/"", ""published_at"": ""2026-08-25T10:00:57Z"", ""updated_at"": null, ""reliability"": 0.92}]"
c398b3e06ef860670b9597daed85632834fa961aea87164b8ba8bb2f094a14ef,sha256,The State of AI-Enabled Malware August 2026: From Brand Abuse to Agentic Execution,,,,Palo Alto Networks Unit 42,The State of AI-Enabled Malware August 2026: From Brand Abuse to Agentic Execution,https://unit42.paloaltonetworks.com/ai-enabled-malware-analysis/,2026-08-25T10:00:57Z,,,,2026-09-20T13:00:00.081404Z,74,7,12,90,67,180,180,30,30,,,False,1,NEW,"[{""organization"": ""Palo Alto Networks Unit 42"", ""article_title"": ""The State of AI-Enabled Malware August 2026: From Brand Abuse to Agentic Execution"", ""url"": ""https://unit42.paloaltonetworks.com/ai-enabled-malware-analysis/"", ""published_at"": ""2026-08-25T10:00:57Z"", ""updated_at"": null, ""reliability"": 0.92}]"
c4100ad39d8db98f063feb6c3b6c8e9a9f9d9bf25a1e0233f43b058ff8a7dbdf,sha256,Counterfeit installers to system compromise: Tracking a deceptive software download campaign | Microsoft Security Blog,,,,Microsoft Threat Intelligence,Counterfeit installers to system compromise: Tracking a deceptive software download campaign | Microsoft Security Blog,https://www.microsoft.com/en-us/security/blog/2026/09/01/counterfeit-installers-system-compromise-tracking-deceptive-software-download-campaign/,2026-09-01T22:48:28Z,2026-09-01T22:48:42Z,,,2026-09-20T13:00:00.081404Z,77,6,12,90,67,180,180,30,30,,,False,1,NEW,"[{""organization"": ""Microsoft Threat Intelligence"", ""article_title"": ""Counterfeit installers to system compromise: Tracking a deceptive software download campaign | Microsoft Security Blog"", ""url"": ""https://www.microsoft.com/en-us/security/blog/2026/09/01/counterfeit-installers-system-compromise-tracking-deceptive-software-download-campaign/"", ""published_at"": ""2026-09-01T22:48:28Z"", ""updated_at"": ""2026-09-01T22:48:42Z"", ""reliability"": 0.96}]"
c4dd71e347a076ba24bdd2d0ee532ef991c1ef25a2431a19f850942ba2ab16b2,sha256,Should you care about an “AI slowdown?”,,,,Cisco Talos,"Is Cyber missing the Marque?;Should you care about an “AI slowdown?”;The story behind the intelligence;We've got one word for it, and it's usually the wrong one;“Sorry, I can’t help with that”: How your guardrails might become the attacker’s best friend",https://blog.talosintelligence.com/is-cyber-missing-the-marque/;https://blog.talosintelligence.com/should-you-care-about-an-ai-slowdown/;https://blog.talosintelligence.com/sorry-i-cant-help-with-that-how-your-guardrails-might-become-the-attackers-best-friend/;https://blog.talosintelligence.com/the-story-behind-the-intelligence/;https://blog.talosintelligence.com/weve-got-one-word-for-it-and-its-usually-the-wrong-one/,2026-08-20T18:00:18Z;2026-08-27T18:00:24Z;2026-09-03T18:00:13Z;2026-09-10T18:00:15Z;2026-09-17T18:00:23Z,2026-08-27T18:02:59Z;2026-09-03T18:02:22Z;2026-09-09T19:22:24Z;2026-09-10T18:00:15Z;2026-09-17T18:00:23Z,,,2026-09-20T13:00:00.081404Z,94,7,15,90,95,180,180,30,30,,,False,5,NEW,"[{""organization"": ""Cisco Talos"", ""article_title"": ""Should you care about an “AI slowdown?”"", ""url"": ""https://blog.talosintelligence.com/should-you-care-about-an-ai-slowdown/"", ""published_at"": ""2026-09-17T18:00:23Z"", ""updated_at"": ""2026-09-17T18:00:23Z"", ""reliability"": 0.92}, {""organization"": ""Cisco Talos"", ""article_title"": ""We've got one word for it, and it's usually the wrong one"", ""url"": ""https://blog.talosintelligence.com/weve-got-one-word-for-it-and-its-usually-the-wrong-one/"", ""published_at"": ""2026-09-10T18:00:15Z"", ""updated_at"": ""2026-09-10T18:00:15Z"", ""reliability"": 0.92}, {""organization"": ""Cisco Talos"", ""article_title"": ""The story behind the intelligence"", ""url"": ""https://blog.talosintelligence.com/the-story-behind-the-intelligence/"", ""published_at"": ""2026-09-03T18:00:13Z"", ""updated_at"": ""2026-09-09T19:22:24Z"", ""reliability"": 0.92}, {""organization"": ""Cisco Talos"", ""article_title"": ""“Sorry, I can’t help with that”: How your guardrails might become the attacker’s best friend"", ""url"": ""https://blog.talosintelligence.com/sorry-i-cant-help-with-that-how-your-guardrails-might-become-the-attackers-best-friend/"", ""published_at"": ""2026-08-27T18:00:24Z"", ""updated_at"": ""2026-09-03T18:02:22Z"", ""reliability"": 0.92}, {""organization"": ""Cisco Talos"", ""article_title"": ""Is Cyber missing the Marque?"", ""url"": ""https://blog.talosintelligence.com/is-cyber-missing-the-marque/"", ""published_at"": ""2026-08-20T18:00:18Z"", ""updated_at"": ""2026-08-27T18:02:59Z"", ""reliability"": 0.92}]"
c6100166e2d3b40388980f7674712ef39e937ac04925ca5d370415399ed73faf,sha256,Counterfeit installers to system compromise: Tracking a deceptive software download campaign | Microsoft Security Blog,,,,Microsoft Threat Intelligence,Counterfeit installers to system compromise: Tracking a deceptive software download campaign | Microsoft Security Blog,https://www.microsoft.com/en-us/security/blog/2026/09/01/counterfeit-installers-system-compromise-tracking-deceptive-software-download-campaign/,2026-09-01T22:48:28Z,2026-09-01T22:48:42Z,,,2026-09-20T13:00:00.081404Z,77,6,12,90,67,180,180,30,30,,,False,1,NEW,"[{""organization"": ""Microsoft Threat Intelligence"", ""article_title"": ""Counterfeit installers to system compromise: Tracking a deceptive software download campaign | Microsoft Security Blog"", ""url"": ""https://www.microsoft.com/en-us/security/blog/2026/09/01/counterfeit-installers-system-compromise-tracking-deceptive-software-download-campaign/"", ""published_at"": ""2026-09-01T22:48:28Z"", ""updated_at"": ""2026-09-01T22:48:42Z"", ""reliability"": 0.96}]"
cc6d0f3f47afeba018173604e34f527e8413d3a54ffb35caed529bff49055ec5,sha256,Impersonating IT support: how threat actors turn a remote session into enterprise-wide access | Microsoft Security Blog,,,,Microsoft Threat Intelligence,Impersonating IT support: how threat actors turn a remote session into enterprise-wide access | Microsoft Security Blog,https://www.microsoft.com/en-us/security/blog/2026/09/02/impersonating-it-support-threat-actors-turn-remote-session-into-enterprise-wide-access/,2026-09-02T22:51:18Z,2026-09-02T22:51:21Z,,,2026-09-20T13:00:00.081404Z,77,8,12,90,69,180,180,30,30,,,False,1,NEW,"[{""organization"": ""Microsoft Threat Intelligence"", ""article_title"": ""Impersonating IT support: how threat actors turn a remote session into enterprise-wide access | Microsoft Security Blog"", ""url"": ""https://www.microsoft.com/en-us/security/blog/2026/09/02/impersonating-it-support-threat-actors-turn-remote-session-into-enterprise-wide-access/"", ""published_at"": ""2026-09-02T22:51:18Z"", ""updated_at"": ""2026-09-02T22:51:21Z"", ""reliability"": 0.96}]"
ceb30a5eb9ad9d9c6712c80726df16f96f99d9fc0753be241b00b4d636eb576e,sha256,Untracked Nightmares: The Threats Hiding Behind Commodity Infrastructure,,,,Palo Alto Networks Unit 42,Untracked Nightmares: The Threats Hiding Behind Commodity Infrastructure,https://unit42.paloaltonetworks.com/ppi-network-malware-campaign-analysis/,2026-09-09T10:00:55Z,,,,2026-09-20T13:00:00.081404Z,74,6,12,90,66,180,180,30,30,,,False,1,NEW,"[{""organization"": ""Palo Alto Networks Unit 42"", ""article_title"": ""Untracked Nightmares: The Threats Hiding Behind Commodity Infrastructure"", ""url"": ""https://unit42.paloaltonetworks.com/ppi-network-malware-campaign-analysis/"", ""published_at"": ""2026-09-09T10:00:55Z"", ""updated_at"": null, ""reliability"": 0.92}]"
cf184d04ca31fb2b6b7efd85399c29c1136b539153e137ceb3877b1b905791de,sha256,Untracked Nightmares: The Threats Hiding Behind Commodity Infrastructure,,,,Palo Alto Networks Unit 42,Untracked Nightmares: The Threats Hiding Behind Commodity Infrastructure,https://unit42.paloaltonetworks.com/ppi-network-malware-campaign-analysis/,2026-09-09T10:00:55Z,,,,2026-09-20T13:00:00.081404Z,74,6,12,90,66,180,180,30,30,,,False,1,NEW,"[{""organization"": ""Palo Alto Networks Unit 42"", ""article_title"": ""Untracked Nightmares: The Threats Hiding Behind Commodity Infrastructure"", ""url"": ""https://unit42.paloaltonetworks.com/ppi-network-malware-campaign-analysis/"", ""published_at"": ""2026-09-09T10:00:55Z"", ""updated_at"": null, ""reliability"": 0.92}]"
d8d783f8e050a6e394f3c0aa5e2bc73a38d822e55fbc39c0648cbff566de3cdf,sha256,Untracked Nightmares: The Threats Hiding Behind Commodity Infrastructure,,,,Palo Alto Networks Unit 42,Untracked Nightmares: The Threats Hiding Behind Commodity Infrastructure,https://unit42.paloaltonetworks.com/ppi-network-malware-campaign-analysis/,2026-09-09T10:00:55Z,,,,2026-09-20T13:00:00.081404Z,74,6,12,90,66,180,180,30,30,,,False,1,NEW,"[{""organization"": ""Palo Alto Networks Unit 42"", ""article_title"": ""Untracked Nightmares: The Threats Hiding Behind Commodity Infrastructure"", ""url"": ""https://unit42.paloaltonetworks.com/ppi-network-malware-campaign-analysis/"", ""published_at"": ""2026-09-09T10:00:55Z"", ""updated_at"": null, ""reliability"": 0.92}]"
db491181ece3f319de6567ab6f6daa90c6879911cd890155e6b7d8cc7a1a8c8e,sha256,Active exploitation of Cisco Secure Firewall Management Center vulnerabilities,,,,Cisco Talos,Active exploitation of Cisco Secure Firewall Management Center vulnerabilities,https://blog.talosintelligence.com/fmc-ongoing-exploitation/,2026-09-09T16:08:59Z,2026-09-10T17:04:27Z,,,2026-09-20T13:00:00.081404Z,74,9,12,90,84,180,180,30,30,,,False,1,NEW,"[{""organization"": ""Cisco Talos"", ""article_title"": ""Active exploitation of Cisco Secure Firewall Management Center vulnerabilities"", ""url"": ""https://blog.talosintelligence.com/fmc-ongoing-exploitation/"", ""published_at"": ""2026-09-09T16:08:59Z"", ""updated_at"": ""2026-09-10T17:04:27Z"", ""reliability"": 0.92}]"
dcf536edd67a98868759f4e72bcbd1f4404c70048a2a3257e77d8af06cb036ac,sha256,The State of AI-Enabled Malware August 2026: From Brand Abuse to Agentic Execution,,,,Palo Alto Networks Unit 42,The State of AI-Enabled Malware August 2026: From Brand Abuse to Agentic Execution,https://unit42.paloaltonetworks.com/ai-enabled-malware-analysis/,2026-08-25T10:00:57Z,,,,2026-09-20T13:00:00.081404Z,74,7,12,90,67,180,180,30,30,,,False,1,NEW,"[{""organization"": ""Palo Alto Networks Unit 42"", ""article_title"": ""The State of AI-Enabled Malware August 2026: From Brand Abuse to Agentic Execution"", ""url"": ""https://unit42.paloaltonetworks.com/ai-enabled-malware-analysis/"", ""published_at"": ""2026-08-25T10:00:57Z"", ""updated_at"": null, ""reliability"": 0.92}]"
dd15ce869aa79884753e3baad19b0437075202be86268b84f3ec2303e1ecd966,sha256,The State of AI-Enabled Malware August 2026: From Brand Abuse to Agentic Execution,,,,Palo Alto Networks Unit 42,The State of AI-Enabled Malware August 2026: From Brand Abuse to Agentic Execution,https://unit42.paloaltonetworks.com/ai-enabled-malware-analysis/,2026-08-25T10:00:57Z,,,,2026-09-20T13:00:00.081404Z,74,7,12,90,67,180,180,30,30,,,False,1,NEW,"[{""organization"": ""Palo Alto Networks Unit 42"", ""article_title"": ""The State of AI-Enabled Malware August 2026: From Brand Abuse to Agentic Execution"", ""url"": ""https://unit42.paloaltonetworks.com/ai-enabled-malware-analysis/"", ""published_at"": ""2026-08-25T10:00:57Z"", ""updated_at"": null, ""reliability"": 0.92}]"
e05bc22afbc5ddd50b49c85ee169dd13318000d38286de2b8bcff98217256a8d,sha256,Untracked Nightmares: The Threats Hiding Behind Commodity Infrastructure,,,,Palo Alto Networks Unit 42,Untracked Nightmares: The Threats Hiding Behind Commodity Infrastructure,https://unit42.paloaltonetworks.com/ppi-network-malware-campaign-analysis/,2026-09-09T10:00:55Z,,,,2026-09-20T13:00:00.081404Z,74,6,12,90,66,180,180,30,30,,,False,1,NEW,"[{""organization"": ""Palo Alto Networks Unit 42"", ""article_title"": ""Untracked Nightmares: The Threats Hiding Behind Commodity Infrastructure"", ""url"": ""https://unit42.paloaltonetworks.com/ppi-network-malware-campaign-analysis/"", ""published_at"": ""2026-09-09T10:00:55Z"", ""updated_at"": null, ""reliability"": 0.92}]"
e4fe2dee8f0bb132fa15fc686d1f93df39530a2d3a8d3a1f3a605a057c04e7b3,sha256,Counterfeit installers to system compromise: Tracking a deceptive software download campaign | Microsoft Security Blog,,,,Microsoft Threat Intelligence,Counterfeit installers to system compromise: Tracking a deceptive software download campaign | Microsoft Security Blog,https://www.microsoft.com/en-us/security/blog/2026/09/01/counterfeit-installers-system-compromise-tracking-deceptive-software-download-campaign/,2026-09-01T22:48:28Z,2026-09-01T22:48:42Z,,,2026-09-20T13:00:00.081404Z,77,6,12,90,67,180,180,30,30,,,False,1,NEW,"[{""organization"": ""Microsoft Threat Intelligence"", ""article_title"": ""Counterfeit installers to system compromise: Tracking a deceptive software download campaign | Microsoft Security Blog"", ""url"": ""https://www.microsoft.com/en-us/security/blog/2026/09/01/counterfeit-installers-system-compromise-tracking-deceptive-software-download-campaign/"", ""published_at"": ""2026-09-01T22:48:28Z"", ""updated_at"": ""2026-09-01T22:48:42Z"", ""reliability"": 0.96}]"
e622f3b743c7fc0a011b07a2e656aa2b5e50a4876721bcf1f405d582ca4cda22,sha256,The State of AI-Enabled Malware August 2026: From Brand Abuse to Agentic Execution,,,,Palo Alto Networks Unit 42,The State of AI-Enabled Malware August 2026: From Brand Abuse to Agentic Execution,https://unit42.paloaltonetworks.com/ai-enabled-malware-analysis/,2026-08-25T10:00:57Z,,,,2026-09-20T13:00:00.081404Z,74,7,12,90,67,180,180,30,30,,,False,1,NEW,"[{""organization"": ""Palo Alto Networks Unit 42"", ""article_title"": ""The State of AI-Enabled Malware August 2026: From Brand Abuse to Agentic Execution"", ""url"": ""https://unit42.paloaltonetworks.com/ai-enabled-malware-analysis/"", ""published_at"": ""2026-08-25T10:00:57Z"", ""updated_at"": null, ""reliability"": 0.92}]"
e7e784cae8d37f12a5af0bc9b3975c8d3e668142e9c6b0b365ed4f4e80933c47,sha256,"“Sorry, I can’t help with that”: How your guardrails might become the attacker’s best friend",,,,Cisco Talos,"“Sorry, I can’t help with that”: How your guardrails might become the attacker’s best friend",https://blog.talosintelligence.com/sorry-i-cant-help-with-that-how-your-guardrails-might-become-the-attackers-best-friend/,2026-08-27T18:00:24Z,2026-09-03T18:02:22Z,,,2026-09-20T13:00:00.081404Z,74,7,12,90,67,180,180,30,30,,,False,1,NEW,"[{""organization"": ""Cisco Talos"", ""article_title"": ""“Sorry, I can’t help with that”: How your guardrails might become the attacker’s best friend"", ""url"": ""https://blog.talosintelligence.com/sorry-i-cant-help-with-that-how-your-guardrails-might-become-the-attackers-best-friend/"", ""published_at"": ""2026-08-27T18:00:24Z"", ""updated_at"": ""2026-09-03T18:02:22Z"", ""reliability"": 0.92}]"
f07821e313c16cbbd82def45094a22c8d474164051bdbc7648d6869e012014b4,sha256,Kimwolf v7: An Evolution of the Kimwolf Botnet,,,,Palo Alto Networks Unit 42,Kimwolf v7: An Evolution of the Kimwolf Botnet,https://unit42.paloaltonetworks.com/kimwolf-v7-botnet-malware/,2026-08-11T10:00:16Z,2026-08-19T12:03:26Z,,,2026-09-20T13:00:00.081404Z,74,6,8,90,62,180,180,30,30,,,False,1,NEW,"[{""organization"": ""Palo Alto Networks Unit 42"", ""article_title"": ""Kimwolf v7: An Evolution of the Kimwolf Botnet"", ""url"": ""https://unit42.paloaltonetworks.com/kimwolf-v7-botnet-malware/"", ""published_at"": ""2026-08-11T10:00:16Z"", ""updated_at"": ""2026-08-19T12:03:26Z"", ""reliability"": 0.92}]"
f33d160d757e4b39019fdef21cf90cafb501b800ca0d4039366bc30856e3d81b,sha256,Counterfeit installers to system compromise: Tracking a deceptive software download campaign | Microsoft Security Blog,,,,Microsoft Threat Intelligence,Counterfeit installers to system compromise: Tracking a deceptive software download campaign | Microsoft Security Blog,https://www.microsoft.com/en-us/security/blog/2026/09/01/counterfeit-installers-system-compromise-tracking-deceptive-software-download-campaign/,2026-09-01T22:48:28Z,2026-09-01T22:48:42Z,,,2026-09-20T13:00:00.081404Z,77,6,12,90,67,180,180,30,30,,,False,1,NEW,"[{""organization"": ""Microsoft Threat Intelligence"", ""article_title"": ""Counterfeit installers to system compromise: Tracking a deceptive software download campaign | Microsoft Security Blog"", ""url"": ""https://www.microsoft.com/en-us/security/blog/2026/09/01/counterfeit-installers-system-compromise-tracking-deceptive-software-download-campaign/"", ""published_at"": ""2026-09-01T22:48:28Z"", ""updated_at"": ""2026-09-01T22:48:42Z"", ""reliability"": 0.96}]"
f3e8a55a2a3ea7c7b6676e90f4f49a2c55b13065b68ee50c51cc35fe2b5c3237,sha256,Kimwolf v7: An Evolution of the Kimwolf Botnet,,,,Palo Alto Networks Unit 42,Kimwolf v7: An Evolution of the Kimwolf Botnet,https://unit42.paloaltonetworks.com/kimwolf-v7-botnet-malware/,2026-08-11T10:00:16Z,2026-08-19T12:03:26Z,,,2026-09-20T13:00:00.081404Z,74,6,8,90,62,180,180,30,30,,,False,1,NEW,"[{""organization"": ""Palo Alto Networks Unit 42"", ""article_title"": ""Kimwolf v7: An Evolution of the Kimwolf Botnet"", ""url"": ""https://unit42.paloaltonetworks.com/kimwolf-v7-botnet-malware/"", ""published_at"": ""2026-08-11T10:00:16Z"", ""updated_at"": ""2026-08-19T12:03:26Z"", ""reliability"": 0.92}]"
fc485882626512e7ff82a1d7cd8e8fb3e9751b026d97e682d6908aefff1f2d73,sha256,Untracked Nightmares: The Threats Hiding Behind Commodity Infrastructure,,,,Palo Alto Networks Unit 42,Untracked Nightmares: The Threats Hiding Behind Commodity Infrastructure,https://unit42.paloaltonetworks.com/ppi-network-malware-campaign-analysis/,2026-09-09T10:00:55Z,,,,2026-09-20T13:00:00.081404Z,74,6,12,90,66,180,180,30,30,,,False,1,NEW,"[{""organization"": ""Palo Alto Networks Unit 42"", ""article_title"": ""Untracked Nightmares: The Threats Hiding Behind Commodity Infrastructure"", ""url"": ""https://unit42.paloaltonetworks.com/ppi-network-malware-campaign-analysis/"", ""published_at"": ""2026-09-09T10:00:55Z"", ""updated_at"": null, ""reliability"": 0.92}]"
fdcc95b7791c0d6590dcf1a412dc9fcc92ad2095818d1b78368b31efad012007,sha256,Untracked Nightmares: The Threats Hiding Behind Commodity Infrastructure,,,,Palo Alto Networks Unit 42,Untracked Nightmares: The Threats Hiding Behind Commodity Infrastructure,https://unit42.paloaltonetworks.com/ppi-network-malware-campaign-analysis/,2026-09-09T10:00:55Z,,,,2026-09-20T13:00:00.081404Z,74,6,12,90,66,180,180,30,30,,,False,1,NEW,"[{""organization"": ""Palo Alto Networks Unit 42"", ""article_title"": ""Untracked Nightmares: The Threats Hiding Behind Commodity Infrastructure"", ""url"": ""https://unit42.paloaltonetworks.com/ppi-network-malware-campaign-analysis/"", ""published_at"": ""2026-09-09T10:00:55Z"", ""updated_at"": null, ""reliability"": 0.92}]"
fed979f93bcaf4e73ebd25748093a92095d5109cbd01d55f97bdc50ce509ad2f,sha256,Should you care about an “AI slowdown?”,,,,Cisco Talos,Should you care about an “AI slowdown?”,https://blog.talosintelligence.com/should-you-care-about-an-ai-slowdown/,2026-09-17T18:00:23Z,2026-09-17T18:00:23Z,,,2026-09-20T13:00:00.081404Z,74,6,15,90,69,180,180,30,30,,,False,1,NEW,"[{""organization"": ""Cisco Talos"", ""article_title"": ""Should you care about an “AI slowdown?”"", ""url"": ""https://blog.talosintelligence.com/should-you-care-about-an-ai-slowdown/"", ""published_at"": ""2026-09-17T18:00:23Z"", ""updated_at"": ""2026-09-17T18:00:23Z"", ""reliability"": 0.92}]"
http://167.148.195.53:8888/socktz_v9.exe,url,Attackers Expose Ongoing AI Tool Use Targeting Organizations in Latin America,,,,Palo Alto Networks Unit 42,Attackers Expose Ongoing AI Tool Use Targeting Organizations in Latin America,https://unit42.paloaltonetworks.com/ai-tool-use-targeting-latam-orgs/,2026-09-03T10:00:58Z,,,,2026-09-20T13:00:00.081404Z,70,6,12,69,59,60,60,30,30,,,False,1,NEW,"[{""organization"": ""Palo Alto Networks Unit 42"", ""article_title"": ""Attackers Expose Ongoing AI Tool Use Targeting Organizations in Latin America"", ""url"": ""https://unit42.paloaltonetworks.com/ai-tool-use-targeting-latam-orgs/"", ""published_at"": ""2026-09-03T10:00:58Z"", ""updated_at"": null, ""reliability"": 0.92}]"
http://aa.amazingshield.xyz/33244556546.py,url,Untracked Nightmares: The Threats Hiding Behind Commodity Infrastructure,,,,Palo Alto Networks Unit 42,Untracked Nightmares: The Threats Hiding Behind Commodity Infrastructure,https://unit42.paloaltonetworks.com/ppi-network-malware-campaign-analysis/,2026-09-09T10:00:55Z,,,,2026-09-20T13:00:00.081404Z,70,6,12,69,59,60,60,30,30,,,False,1,NEW,"[{""organization"": ""Palo Alto Networks Unit 42"", ""article_title"": ""Untracked Nightmares: The Threats Hiding Behind Commodity Infrastructure"", ""url"": ""https://unit42.paloaltonetworks.com/ppi-network-malware-campaign-analysis/"", ""published_at"": ""2026-09-09T10:00:55Z"", ""updated_at"": null, ""reliability"": 0.92}]"
http://www.gehie246.com/712down,url,Counterfeit installers to system compromise: Tracking a deceptive software download campaign | Microsoft Security Blog,,,,Microsoft Threat Intelligence,Counterfeit installers to system compromise: Tracking a deceptive software download campaign | Microsoft Security Blog,https://www.microsoft.com/en-us/security/blog/2026/09/01/counterfeit-installers-system-compromise-tracking-deceptive-software-download-campaign/,2026-09-01T22:48:28Z,2026-09-01T22:48:42Z,,,2026-09-20T13:00:00.081404Z,73,6,12,69,60,60,60,30,30,,,False,1,NEW,"[{""organization"": ""Microsoft Threat Intelligence"", ""article_title"": ""Counterfeit installers to system compromise: Tracking a deceptive software download campaign | Microsoft Security Blog"", ""url"": ""https://www.microsoft.com/en-us/security/blog/2026/09/01/counterfeit-installers-system-compromise-tracking-deceptive-software-download-campaign/"", ""published_at"": ""2026-09-01T22:48:28Z"", ""updated_at"": ""2026-09-01T22:48:42Z"", ""reliability"": 0.96}]"
https://0xrpc.io/eth,url,Kimwolf v7: An Evolution of the Kimwolf Botnet,,,,Palo Alto Networks Unit 42,Kimwolf v7: An Evolution of the Kimwolf Botnet,https://unit42.paloaltonetworks.com/kimwolf-v7-botnet-malware/,2026-08-11T10:00:16Z,2026-08-19T12:03:26Z,,,2026-09-20T13:00:00.081404Z,70,6,8,69,55,60,60,30,30,,,False,1,NEW,"[{""organization"": ""Palo Alto Networks Unit 42"", ""article_title"": ""Kimwolf v7: An Evolution of the Kimwolf Botnet"", ""url"": ""https://unit42.paloaltonetworks.com/kimwolf-v7-botnet-malware/"", ""published_at"": ""2026-08-11T10:00:16Z"", ""updated_at"": ""2026-08-19T12:03:26Z"", ""reliability"": 0.92}]"
https://eth-protect.rpc.blxrbdn.com/,url,Kimwolf v7: An Evolution of the Kimwolf Botnet,,,,Palo Alto Networks Unit 42,Kimwolf v7: An Evolution of the Kimwolf Botnet,https://unit42.paloaltonetworks.com/kimwolf-v7-botnet-malware/,2026-08-11T10:00:16Z,2026-08-19T12:03:26Z,,,2026-09-20T13:00:00.081404Z,70,6,8,69,55,60,60,30,30,,,False,1,NEW,"[{""organization"": ""Palo Alto Networks Unit 42"", ""article_title"": ""Kimwolf v7: An Evolution of the Kimwolf Botnet"", ""url"": ""https://unit42.paloaltonetworks.com/kimwolf-v7-botnet-malware/"", ""published_at"": ""2026-08-11T10:00:16Z"", ""updated_at"": ""2026-08-19T12:03:26Z"", ""reliability"": 0.92}]"
https://eth.llamarpc.com/,url,Kimwolf v7: An Evolution of the Kimwolf Botnet,,,,Palo Alto Networks Unit 42,Kimwolf v7: An Evolution of the Kimwolf Botnet,https://unit42.paloaltonetworks.com/kimwolf-v7-botnet-malware/,2026-08-11T10:00:16Z,2026-08-19T12:03:26Z,,,2026-09-20T13:00:00.081404Z,70,6,8,69,55,60,60,30,30,,,False,1,NEW,"[{""organization"": ""Palo Alto Networks Unit 42"", ""article_title"": ""Kimwolf v7: An Evolution of the Kimwolf Botnet"", ""url"": ""https://unit42.paloaltonetworks.com/kimwolf-v7-botnet-malware/"", ""published_at"": ""2026-08-11T10:00:16Z"", ""updated_at"": ""2026-08-19T12:03:26Z"", ""reliability"": 0.92}]"
https://eth.merkle.io/,url,Kimwolf v7: An Evolution of the Kimwolf Botnet,,,,Palo Alto Networks Unit 42,Kimwolf v7: An Evolution of the Kimwolf Botnet,https://unit42.paloaltonetworks.com/kimwolf-v7-botnet-malware/,2026-08-11T10:00:16Z,2026-08-19T12:03:26Z,,,2026-09-20T13:00:00.081404Z,70,6,8,69,55,60,60,30,30,,,False,1,NEW,"[{""organization"": ""Palo Alto Networks Unit 42"", ""article_title"": ""Kimwolf v7: An Evolution of the Kimwolf Botnet"", ""url"": ""https://unit42.paloaltonetworks.com/kimwolf-v7-botnet-malware/"", ""published_at"": ""2026-08-11T10:00:16Z"", ""updated_at"": ""2026-08-19T12:03:26Z"", ""reliability"": 0.92}]"
https://ethereum-rpc.publicnode.com/,url,Kimwolf v7: An Evolution of the Kimwolf Botnet,,,,Palo Alto Networks Unit 42,Kimwolf v7: An Evolution of the Kimwolf Botnet,https://unit42.paloaltonetworks.com/kimwolf-v7-botnet-malware/,2026-08-11T10:00:16Z,2026-08-19T12:03:26Z,,,2026-09-20T13:00:00.081404Z,70,6,8,69,55,60,60,30,30,,,False,1,NEW,"[{""organization"": ""Palo Alto Networks Unit 42"", ""article_title"": ""Kimwolf v7: An Evolution of the Kimwolf Botnet"", ""url"": ""https://unit42.paloaltonetworks.com/kimwolf-v7-botnet-malware/"", ""published_at"": ""2026-08-11T10:00:16Z"", ""updated_at"": ""2026-08-19T12:03:26Z"", ""reliability"": 0.92}]"
https://ferncore13.com/2kqYRM0DCrnyJgoS4gVLl_FHJRRdTUhGCbjyuYwpZ6c/m1/update,url,Atomic macOS (AMOS) Stealer Activity,,,,Palo Alto Networks Unit 42,Atomic macOS (AMOS) Stealer Activity,https://unit42.paloaltonetworks.com/atomic-macos-amos-stealer-activity/,2026-09-16T10:00:06Z,2026-09-16T16:50:27Z,,,2026-09-20T13:00:00.081404Z,70,7,15,69,63,60,60,30,30,,,False,1,NEW,"[{""organization"": ""Palo Alto Networks Unit 42"", ""article_title"": ""Atomic macOS (AMOS) Stealer Activity"", ""url"": ""https://unit42.paloaltonetworks.com/atomic-macos-amos-stealer-activity/"", ""published_at"": ""2026-09-16T10:00:06Z"", ""updated_at"": ""2026-09-16T16:50:27Z"", ""reliability"": 0.92}]"
https://ferncore13.com/curl/608e70d1338612686917ee5cd300ff7ed8e318dfd787a50257f92142e99bd688,url,Atomic macOS (AMOS) Stealer Activity,,,,Palo Alto Networks Unit 42,Atomic macOS (AMOS) Stealer Activity,https://unit42.paloaltonetworks.com/atomic-macos-amos-stealer-activity/,2026-09-16T10:00:06Z,2026-09-16T16:50:27Z,,,2026-09-20T13:00:00.081404Z,70,7,15,69,63,60,60,30,30,,,False,1,NEW,"[{""organization"": ""Palo Alto Networks Unit 42"", ""article_title"": ""Atomic macOS (AMOS) Stealer Activity"", ""url"": ""https://unit42.paloaltonetworks.com/atomic-macos-amos-stealer-activity/"", ""published_at"": ""2026-09-16T10:00:06Z"", ""updated_at"": ""2026-09-16T16:50:27Z"", ""reliability"": 0.92}]"
https://getmacouscloud.com/,url,Atomic macOS (AMOS) Stealer Activity,,,,Palo Alto Networks Unit 42,Atomic macOS (AMOS) Stealer Activity,https://unit42.paloaltonetworks.com/atomic-macos-amos-stealer-activity/,2026-09-16T10:00:06Z,2026-09-16T16:50:27Z,,,2026-09-20T13:00:00.081404Z,70,7,15,69,63,60,60,30,30,,,False,1,NEW,"[{""organization"": ""Palo Alto Networks Unit 42"", ""article_title"": ""Atomic macOS (AMOS) Stealer Activity"", ""url"": ""https://unit42.paloaltonetworks.com/atomic-macos-amos-stealer-activity/"", ""published_at"": ""2026-09-16T10:00:06Z"", ""updated_at"": ""2026-09-16T16:50:27Z"", ""reliability"": 0.92}]"
https://grove-89.com/api/metrics/run?event=pasted,url,Atomic macOS (AMOS) Stealer Activity,,,,Palo Alto Networks Unit 42,Atomic macOS (AMOS) Stealer Activity,https://unit42.paloaltonetworks.com/atomic-macos-amos-stealer-activity/,2026-09-16T10:00:06Z,2026-09-16T16:50:27Z,,,2026-09-20T13:00:00.081404Z,70,7,15,69,63,60,60,30,30,,,False,1,NEW,"[{""organization"": ""Palo Alto Networks Unit 42"", ""article_title"": ""Atomic macOS (AMOS) Stealer Activity"", ""url"": ""https://unit42.paloaltonetworks.com/atomic-macos-amos-stealer-activity/"", ""published_at"": ""2026-09-16T10:00:06Z"", ""updated_at"": ""2026-09-16T16:50:27Z"", ""reliability"": 0.92}]"
https://kr.cedar2glanz.ru/jewel.js,url,"ClearFake WebDAV infection chain delivers Amatera stealer, ZigCryptoStealer, and NetSupport Manager",,,,Cisco Talos,"ClearFake WebDAV infection chain delivers Amatera stealer, ZigCryptoStealer, and NetSupport Manager",https://blog.talosintelligence.com/clearfake-webdav-infection-chain/,2026-09-08T10:01:07Z,2026-09-10T09:03:00Z,,,2026-09-20T13:00:00.081404Z,70,6,12,69,59,60,60,30,30,,,False,1,NEW,"[{""organization"": ""Cisco Talos"", ""article_title"": ""ClearFake WebDAV infection chain delivers Amatera stealer, ZigCryptoStealer, and NetSupport Manager"", ""url"": ""https://blog.talosintelligence.com/clearfake-webdav-infection-chain/"", ""published_at"": ""2026-09-08T10:01:07Z"", ""updated_at"": ""2026-09-10T09:03:00Z"", ""reliability"": 0.92}]"
https://paste.sh/dQfdExjo,url,ClickFix moves into the browser: Cryptocurrency theft with Google-hosted C2,,,,Cisco Talos,ClickFix moves into the browser: Cryptocurrency theft with Google-hosted C2,https://blog.talosintelligence.com/clickfix-moves-into-the-browser/,2026-09-08T10:00:38Z,2026-09-16T12:06:49Z,,,2026-09-20T13:00:00.081404Z,70,7,15,69,63,60,60,30,30,,,False,1,NEW,"[{""organization"": ""Cisco Talos"", ""article_title"": ""ClickFix moves into the browser: Cryptocurrency theft with Google-hosted C2"", ""url"": ""https://blog.talosintelligence.com/clickfix-moves-into-the-browser/"", ""published_at"": ""2026-09-08T10:00:38Z"", ""updated_at"": ""2026-09-16T12:06:49Z"", ""reliability"": 0.92}]"
https://phys.stunned-amniotic.com/hub.log,url,"ClearFake WebDAV infection chain delivers Amatera stealer, ZigCryptoStealer, and NetSupport Manager",,,,Cisco Talos,"ClearFake WebDAV infection chain delivers Amatera stealer, ZigCryptoStealer, and NetSupport Manager",https://blog.talosintelligence.com/clearfake-webdav-infection-chain/,2026-09-08T10:01:07Z,2026-09-10T09:03:00Z,,,2026-09-20T13:00:00.081404Z,70,6,12,69,59,60,60,30,30,,,False,1,NEW,"[{""organization"": ""Cisco Talos"", ""article_title"": ""ClearFake WebDAV infection chain delivers Amatera stealer, ZigCryptoStealer, and NetSupport Manager"", ""url"": ""https://blog.talosintelligence.com/clearfake-webdav-infection-chain/"", ""published_at"": ""2026-09-08T10:01:07Z"", ""updated_at"": ""2026-09-10T09:03:00Z"", ""reliability"": 0.92}]"
https://san-sid.com/owners,url,Spring Ring: An Inside Look at Voice Phishing Campaigns in Microsoft Teams,,,,Palo Alto Networks Unit 42,Spring Ring: An Inside Look at Voice Phishing Campaigns in Microsoft Teams,https://unit42.paloaltonetworks.com/spring-ring-voice-phishing-campaigns/,2026-08-31T10:00:36Z,2026-08-31T13:55:32Z,,,2026-09-20T13:00:00.081404Z,70,6,12,69,59,60,60,30,30,,,False,1,NEW,"[{""organization"": ""Palo Alto Networks Unit 42"", ""article_title"": ""Spring Ring: An Inside Look at Voice Phishing Campaigns in Microsoft Teams"", ""url"": ""https://unit42.paloaltonetworks.com/spring-ring-voice-phishing-campaigns/"", ""published_at"": ""2026-08-31T10:00:36Z"", ""updated_at"": ""2026-08-31T13:55:32Z"", ""reliability"": 0.92}]"
https://stryper.info/aa.js,url,Untracked Nightmares: The Threats Hiding Behind Commodity Infrastructure,,,,Palo Alto Networks Unit 42,Untracked Nightmares: The Threats Hiding Behind Commodity Infrastructure,https://unit42.paloaltonetworks.com/ppi-network-malware-campaign-analysis/,2026-09-09T10:00:55Z,,,,2026-09-20T13:00:00.081404Z,70,6,12,69,59,60,60,30,30,,,False,1,NEW,"[{""organization"": ""Palo Alto Networks Unit 42"", ""article_title"": ""Untracked Nightmares: The Threats Hiding Behind Commodity Infrastructure"", ""url"": ""https://unit42.paloaltonetworks.com/ppi-network-malware-campaign-analysis/"", ""published_at"": ""2026-09-09T10:00:55Z"", ""updated_at"": null, ""reliability"": 0.92}]"
https://stryper.info/t.ps1,url,Untracked Nightmares: The Threats Hiding Behind Commodity Infrastructure,,,,Palo Alto Networks Unit 42,Untracked Nightmares: The Threats Hiding Behind Commodity Infrastructure,https://unit42.paloaltonetworks.com/ppi-network-malware-campaign-analysis/,2026-09-09T10:00:55Z,,,,2026-09-20T13:00:00.081404Z,70,6,12,69,59,60,60,30,30,,,False,1,NEW,"[{""organization"": ""Palo Alto Networks Unit 42"", ""article_title"": ""Untracked Nightmares: The Threats Hiding Behind Commodity Infrastructure"", ""url"": ""https://unit42.paloaltonetworks.com/ppi-network-malware-campaign-analysis/"", ""published_at"": ""2026-09-09T10:00:55Z"", ""updated_at"": null, ""reliability"": 0.92}]"
https://talosintelligence.com/talos_file_reputation?s=228c316455d5ed69232adcbe9acd033092f200014cfa7ed40d6c382f07b19b82,url,The story behind the intelligence,,,,Cisco Talos,The story behind the intelligence,https://blog.talosintelligence.com/the-story-behind-the-intelligence/,2026-09-03T18:00:13Z,2026-09-09T19:22:24Z,,,2026-09-20T13:00:00.081404Z,70,7,12,69,60,60,60,30,30,,,False,1,NEW,"[{""organization"": ""Cisco Talos"", ""article_title"": ""The story behind the intelligence"", ""url"": ""https://blog.talosintelligence.com/the-story-behind-the-intelligence/"", ""published_at"": ""2026-09-03T18:00:13Z"", ""updated_at"": ""2026-09-09T19:22:24Z"", ""reliability"": 0.92}]"
https://talosintelligence.com/talos_file_reputation?s=24fa02c3f6ab460648f2c1274aefffb3e25569b5afdcb0d4a5918c7c742780f1,url,Is Cyber missing the Marque?,,,,Cisco Talos,Is Cyber missing the Marque?,https://blog.talosintelligence.com/is-cyber-missing-the-marque/,2026-08-20T18:00:18Z,2026-08-27T18:02:59Z,,,2026-09-20T13:00:00.081404Z,70,7,12,69,75,60,60,30,30,,,False,1,NEW,"[{""organization"": ""Cisco Talos"", ""article_title"": ""Is Cyber missing the Marque?"", ""url"": ""https://blog.talosintelligence.com/is-cyber-missing-the-marque/"", ""published_at"": ""2026-08-20T18:00:18Z"", ""updated_at"": ""2026-08-27T18:02:59Z"", ""reliability"": 0.92}]"
https://talosintelligence.com/talos_file_reputation?s=90b1456cdbe6bc2779ea0b4736ed9a998a71ae37390331b6ba87e389a49d3d59,url,"We've got one word for it, and it's usually the wrong one",,,,Cisco Talos,"Is Cyber missing the Marque?;We've got one word for it, and it's usually the wrong one",https://blog.talosintelligence.com/is-cyber-missing-the-marque/;https://blog.talosintelligence.com/weve-got-one-word-for-it-and-its-usually-the-wrong-one/,2026-08-20T18:00:18Z;2026-09-10T18:00:15Z,2026-08-27T18:02:59Z;2026-09-10T18:00:15Z,,,2026-09-20T13:00:00.081404Z,80,7,12,69,80,60,60,30,30,,,False,2,NEW,"[{""organization"": ""Cisco Talos"", ""article_title"": ""We've got one word for it, and it's usually the wrong one"", ""url"": ""https://blog.talosintelligence.com/weve-got-one-word-for-it-and-its-usually-the-wrong-one/"", ""published_at"": ""2026-09-10T18:00:15Z"", ""updated_at"": ""2026-09-10T18:00:15Z"", ""reliability"": 0.92}, {""organization"": ""Cisco Talos"", ""article_title"": ""Is Cyber missing the Marque?"", ""url"": ""https://blog.talosintelligence.com/is-cyber-missing-the-marque/"", ""published_at"": ""2026-08-20T18:00:18Z"", ""updated_at"": ""2026-08-27T18:02:59Z"", ""reliability"": 0.92}]"
https://talosintelligence.com/talos_file_reputation?s=9896a6fcb9bb5ac1ec5297b4a65be3f647589adf7c37b45f3f7466decd6a4a7f,url,"“Sorry, I can’t help with that”: How your guardrails might become the attacker’s best friend",,,,Cisco Talos,"“Sorry, I can’t help with that”: How your guardrails might become the attacker’s best friend",https://blog.talosintelligence.com/sorry-i-cant-help-with-that-how-your-guardrails-might-become-the-attackers-best-friend/,2026-08-27T18:00:24Z,2026-09-03T18:02:22Z,,,2026-09-20T13:00:00.081404Z,70,7,12,69,60,60,60,30,30,,,False,1,NEW,"[{""organization"": ""Cisco Talos"", ""article_title"": ""“Sorry, I can’t help with that”: How your guardrails might become the attacker’s best friend"", ""url"": ""https://blog.talosintelligence.com/sorry-i-cant-help-with-that-how-your-guardrails-might-become-the-attackers-best-friend/"", ""published_at"": ""2026-08-27T18:00:24Z"", ""updated_at"": ""2026-09-03T18:02:22Z"", ""reliability"": 0.92}]"
https://talosintelligence.com/talos_file_reputation?s=9f1f11a708d393e0a4109ae189bc64f1f3e312653dcf317a2bd406f18ffcc507,url,"We've got one word for it, and it's usually the wrong one",,,,Cisco Talos,"Is Cyber missing the Marque?;We've got one word for it, and it's usually the wrong one",https://blog.talosintelligence.com/is-cyber-missing-the-marque/;https://blog.talosintelligence.com/weve-got-one-word-for-it-and-its-usually-the-wrong-one/,2026-08-20T18:00:18Z;2026-09-10T18:00:15Z,2026-08-27T18:02:59Z;2026-09-10T18:00:15Z,,,2026-09-20T13:00:00.081404Z,80,7,12,69,80,60,60,30,30,,,False,2,NEW,"[{""organization"": ""Cisco Talos"", ""article_title"": ""We've got one word for it, and it's usually the wrong one"", ""url"": ""https://blog.talosintelligence.com/weve-got-one-word-for-it-and-its-usually-the-wrong-one/"", ""published_at"": ""2026-09-10T18:00:15Z"", ""updated_at"": ""2026-09-10T18:00:15Z"", ""reliability"": 0.92}, {""organization"": ""Cisco Talos"", ""article_title"": ""Is Cyber missing the Marque?"", ""url"": ""https://blog.talosintelligence.com/is-cyber-missing-the-marque/"", ""published_at"": ""2026-08-20T18:00:18Z"", ""updated_at"": ""2026-08-27T18:02:59Z"", ""reliability"": 0.92}]"
https://talosintelligence.com/talos_file_reputation?s=a31f222fc283227f5e7988d1ad9c0aecd66d58bb7b4d8518ae23e110308dbf91,url,The story behind the intelligence,,,,Cisco Talos,"Is Cyber missing the Marque?;The story behind the intelligence;“Sorry, I can’t help with that”: How your guardrails might become the attacker’s best friend",https://blog.talosintelligence.com/is-cyber-missing-the-marque/;https://blog.talosintelligence.com/sorry-i-cant-help-with-that-how-your-guardrails-might-become-the-attackers-best-friend/;https://blog.talosintelligence.com/the-story-behind-the-intelligence/,2026-08-20T18:00:18Z;2026-08-27T18:00:24Z;2026-09-03T18:00:13Z,2026-08-27T18:02:59Z;2026-09-03T18:02:22Z;2026-09-09T19:22:24Z,,,2026-09-20T13:00:00.081404Z,90,7,12,69,85,60,60,30,30,,,False,3,NEW,"[{""organization"": ""Cisco Talos"", ""article_title"": ""The story behind the intelligence"", ""url"": ""https://blog.talosintelligence.com/the-story-behind-the-intelligence/"", ""published_at"": ""2026-09-03T18:00:13Z"", ""updated_at"": ""2026-09-09T19:22:24Z"", ""reliability"": 0.92}, {""organization"": ""Cisco Talos"", ""article_title"": ""“Sorry, I can’t help with that”: How your guardrails might become the attacker’s best friend"", ""url"": ""https://blog.talosintelligence.com/sorry-i-cant-help-with-that-how-your-guardrails-might-become-the-attackers-best-friend/"", ""published_at"": ""2026-08-27T18:00:24Z"", ""updated_at"": ""2026-09-03T18:02:22Z"", ""reliability"": 0.92}, {""organization"": ""Cisco Talos"", ""article_title"": ""Is Cyber missing the Marque?"", ""url"": ""https://blog.talosintelligence.com/is-cyber-missing-the-marque/"", ""published_at"": ""2026-08-20T18:00:18Z"", ""updated_at"": ""2026-08-27T18:02:59Z"", ""reliability"": 0.92}]"
https://telegra.ph/Functions-04-03,url,"ClearFake WebDAV infection chain delivers Amatera stealer, ZigCryptoStealer, and NetSupport Manager",,,,Cisco Talos,"ClearFake WebDAV infection chain delivers Amatera stealer, ZigCryptoStealer, and NetSupport Manager",https://blog.talosintelligence.com/clearfake-webdav-infection-chain/,2026-09-08T10:01:07Z,2026-09-10T09:03:00Z,,,2026-09-20T13:00:00.081404Z,70,6,12,69,59,60,60,30,30,,,False,1,NEW,"[{""organization"": ""Cisco Talos"", ""article_title"": ""ClearFake WebDAV infection chain delivers Amatera stealer, ZigCryptoStealer, and NetSupport Manager"", ""url"": ""https://blog.talosintelligence.com/clearfake-webdav-infection-chain/"", ""published_at"": ""2026-09-08T10:01:07Z"", ""updated_at"": ""2026-09-10T09:03:00Z"", ""reliability"": 0.92}]"
https://www.gehie246.com/712down,url,Counterfeit installers to system compromise: Tracking a deceptive software download campaign | Microsoft Security Blog,,,,Microsoft Threat Intelligence,Counterfeit installers to system compromise: Tracking a deceptive software download campaign | Microsoft Security Blog,https://www.microsoft.com/en-us/security/blog/2026/09/01/counterfeit-installers-system-compromise-tracking-deceptive-software-download-campaign/,2026-09-01T22:48:28Z,2026-09-01T22:48:42Z,,,2026-09-20T13:00:00.081404Z,73,6,12,69,60,60,60,30,30,,,False,1,NEW,"[{""organization"": ""Microsoft Threat Intelligence"", ""article_title"": ""Counterfeit installers to system compromise: Tracking a deceptive software download campaign | Microsoft Security Blog"", ""url"": ""https://www.microsoft.com/en-us/security/blog/2026/09/01/counterfeit-installers-system-compromise-tracking-deceptive-software-download-campaign/"", ""published_at"": ""2026-09-01T22:48:28Z"", ""updated_at"": ""2026-09-01T22:48:42Z"", ""reliability"": 0.96}]"
